stress_class,all_NN_classification,all_JRip_classification,all_J48_classification,numeric_NN_classification,numeric_JRip_classification,numeric__J48_classification,sparse_NN_classification,sparse_JRip_classification,sparse_J48_classification,suffixl_NN_classification,suffix_JRip_classification,suffixl_J48_classification,praefix_NN_classification,praefix_JRip_classification,praefix_J48_classification,affix_NN_classification,affix_JRip_classification,affix_J48_classification,sonority_NN_classification,sonority_JRip_classification,sonority_48_classification,weight_NN_classification,weight_JRip_classification,weight_J48_classification,phoncat_NN_classification,phoncat_JRip_classification,phoncat_J48_classification,phon_NN_classification,phon_JRip_classification,phon_J48_classification,sylstruct_NN_classification,sylstruct_JRip_classification,sylstruct_J48_classification,meta_NN_classification,meta_JRip_classification,meta_J48_classification
prima,prima,prima,prima,prima,prima,prima,prima,prima,prima,antepaenultima,prima,prima,prima,prima,prima,prima,prima,prima,prima,prima,prima,prima,prima,prima,prima,prima,antepaenultima,prima,paenultima,prima,prima,prima,prima,prima,prima,prima
prima,prima,paenultima,prima,prima,prima,prima,prima,paenultima,prima,paenultima,paenultima,paenultima,prima,prima,prima,prima,prima,paenultima,prima,prima,prima,sekunda,sekunda,sekunda,prima,prima,antepaenultima,prima,paenultima,sekunda,prima,prima,prima,paenultima,paenultima,paenultima
sekunda,prima,prima,sekunda,prima,prima,prima,prima,prima,sekunda,paenultima,paenultima,paenultima,sekunda,prima,sekunda,prima,prima,prima,prima,prima,prima,sekunda,sekunda,sekunda,prima,prima,prima,prima,paenultima,sekunda,prima,prima,prima,prima,prima,prima
ultima,ultima,ultima,ultima,ultima,ultima,ultima,ultima,ultima,ultima,ultima,ultima,ultima,ultima,prima,ultima,ultima,ultima,ultima,ultima,ultima,ultima,ultima,ultima,ultima,ultima,ultima,ultima,ultima,ultima,ultima,ultima,ultima,ultima,ultima,ultima,ultima
antepaenultima,antepaenultima,prima,antepaenultima,antepaenultima,antepaenultima,antepaenultima,antepaenultima,antepaenultima,antepaenultima,prima,prima,prima,paenultima,prima,paenultima,prima,prima,prima,antepaenultima,antepaenultima,antepaenultima,ultima,prima,paenultima,antepaenultima,prima,antepaenultima,antepaenultima,prima,antepaenultima,antepaenultima,prima,antepaenultima,prima,prima,prima
prima,prima,prima,prima,sekunda,prima,sekunda,prima,prima,prima,prima,prima,prima,prima,prima,prima,prima,prima,prima,ultima,ultima,ultima,sekunda,sekunda,sekunda,prima,prima,sekunda,prima,prima,sekunda,prima,prima,prima,prima,prima,prima
ultima,ultima,prima,ultima,ultima,ultima,ultima,prima,ultima,ultima,prima,prima,prima,prima,prima,prima,prima,prima,prima,paenultima,prima,prima,paenultima,prima,paenultima,ultima,prima,prima,ultima,ultima,ultima,prima,prima,ultima,ultima,prima,ultima
sekunda,prima,prima,prima,prima,prima,prima,sekunda,prima,prima,prima,prima,prima,ultima,prima,ultima,ultima,prima,prima,ultima,prima,prima,sekunda,sekunda,sekunda,prima,prima,prima,prima,prima,prima,ultima,prima,ultima,prima,prima,prima
ultima,ultima,ultima,ultima,ultima,prima,ultima,ultima,ultima,ultima,ultima,ultima,ultima,prima,prima,ultima,ultima,prima,ultima,paenultima,antepaenultima,ultima,ultima,prima,paenultima,prima,ultima,ultima,ultima,ultima,ultima,prima,ultima,ultima,ultima,prima,ultima
ultima,ultima,ultima,ultima,ultima,ultima,ultima,ultima,ultima,ultima,ultima,ultima,ultima,prima,prima,prima,ultima,ultima,ultima,ultima,ultima,ultima,ultima,ultima,ultima,ultima,ultima,ultima,ultima,ultima,ultima,ultima,ultima,ultima,ultima,ultima,ultima
sekunda,sekunda,sekunda,sekunda,prima,sekunda,prima,sekunda,sekunda,sekunda,prima,prima,prima,sekunda,sekunda,sekunda,sekunda,sekunda,sekunda,prima,sekunda,prima,sekunda,ultima,sekunda,sekunda,sekunda,prima,sekunda,prima,sekunda,sekunda,prima,prima,prima,prima,prima
paenultima,paenultima,paenultima,paenultima,paenultima,paenultima,paenultima,paenultima,paenultima,paenultima,paenultima,paenultima,paenultima,paenultima,prima,paenultima,paenultima,paenultima,paenultima,paenultima,paenultima,paenultima,paenultima,paenultima,paenultima,paenultima,paenultima,paenultima,paenultima,paenultima,paenultima,paenultima,paenultima,paenultima,paenultima,paenultima,paenultima
antepaenultima,prima,prima,prima,prima,prima,prima,prima,ultima,prima,antepaenultima,prima,prima,prima,prima,prima,prima,prima,prima,paenultima,prima,prima,prima,prima,paenultima,prima,prima,prima,paenultima,prima,prima,prima,prima,ultima,ultima,prima,ultima
prima,prima,prima,prima,prima,prima,prima,prima,prima,prima,prima,prima,prima,prima,prima,ultima,prima,prima,prima,ultima,paenultima,antepaenultima,prima,prima,prima,prima,prima,prima,prima,paenultima,prima,prima,prima,prima,prima,prima,prima
prima,prima,prima,prima,sekunda,sekunda,sekunda,prima,prima,prima,prima,prima,prima,prima,prima,prima,prima,prima,prima,sekunda,prima,sekunda,sekunda,prima,sekunda,prima,prima,prima,prima,prima,sekunda,prima,prima,prima,prima,prima,prima
sekunda,sekunda,prima,sekunda,sekunda,sekunda,prima,sekunda,prima,sekunda,prima,prima,prima,prima,prima,prima,prima,prima,prima,sekunda,prima,paenultima,paenultima,paenultima,paenultima,prima,paenultima,paenultima,prima,paenultima,paenultima,sekunda,prima,sekunda,prima,prima,prima
ultima,ultima,ultima,ultima,ultima,ultima,ultima,ultima,ultima,ultima,ultima,ultima,ultima,prima,prima,prima,ultima,ultima,ultima,ultima,ultima,ultima,ultima,ultima,ultima,ultima,ultima,ultima,ultima,ultima,ultima,ultima,ultima,ultima,ultima,ultima,ultima
paenultima,prima,prima,prima,paenultima,prima,paenultima,paenultima,prima,prima,prima,prima,prima,ultima,prima,ultima,antepaenultima,prima,prima,prima,prima,paenultima,paenultima,prima,paenultima,ultima,prima,prima,paenultima,paenultima,prima,paenultima,prima,prima,prima,prima,prima
prima,prima,prima,prima,sekunda,sekunda,sekunda,prima,prima,prima,prima,prima,prima,prima,prima,prima,prima,prima,prima,sekunda,prima,antepaenultima,prima,prima,prima,sekunda,sekunda,prima,prima,prima,prima,prima,prima,prima,prima,prima,prima
ultima,ultima,prima,ultima,paenultima,ultima,ultima,prima,ultima,ultima,prima,prima,prima,ultima,prima,ultima,ultima,prima,prima,paenultima,paenultima,prima,paenultima,prima,paenultima,ultima,prima,prima,ultima,ultima,ultima,ultima,prima,ultima,ultima,prima,ultima
antepaenultima,antepaenultima,antepaenultima,antepaenultima,antepaenultima,antepaenultima,antepaenultima,antepaenultima,antepaenultima,antepaenultima,prima,prima,prima,ultima,prima,ultima,prima,prima,prima,prima,prima,antepaenultima,antepaenultima,antepaenultima,antepaenultima,antepaenultima,antepaenultima,prima,antepaenultima,antepaenultima,prima,antepaenultima,prima,antepaenultima,prima,prima,prima
paenultima,paenultima,paenultima,paenultima,paenultima,paenultima,paenultima,paenultima,paenultima,paenultima,paenultima,paenultima,paenultima,prima,prima,sekunda,paenultima,paenultima,prima,ultima,prima,prima,ultima,ultima,ultima,paenultima,paenultima,paenultima,paenultima,prima,paenultima,paenultima,paenultima,paenultima,paenultima,paenultima,paenultima
prima,prima,prima,prima,prima,prima,prima,prima,prima,prima,antepaenultima,prima,prima,prima,prima,prima,prima,prima,prima,prima,prima,prima,prima,prima,prima,prima,prima,paenultima,prima,prima,prima,prima,prima,prima,prima,prima,prima
paenultima,paenultima,paenultima,paenultima,paenultima,paenultima,paenultima,paenultima,paenultima,paenultima,paenultima,prima,prima,ultima,prima,ultima,paenultima,prima,prima,paenultima,paenultima,paenultima,ultima,prima,ultima,paenultima,paenultima,paenultima,paenultima,paenultima,paenultima,paenultima,paenultima,paenultima,paenultima,prima,paenultima
prima,prima,prima,prima,prima,prima,sekunda,prima,prima,prima,prima,prima,prima,prima,prima,ultima,sekunda,prima,prima,sekunda,antepaenultima,sekunda,prima,prima,prima,prima,paenultima,prima,prima,prima,prima,paenultima,prima,prima,prima,prima,prima
sekunda,sekunda,prima,prima,sekunda,sekunda,prima,sekunda,prima,prima,prima,prima,prima,sekunda,prima,prima,sekunda,prima,prima,prima,prima,sekunda,prima,prima,prima,sekunda,prima,prima,sekunda,prima,prima,sekunda,prima,sekunda,prima,prima,prima
ultima,ultima,ultima,ultima,ultima,ultima,ultima,ultima,ultima,ultima,ultima,ultima,ultima,ultima,prima,ultima,ultima,ultima,ultima,ultima,ultima,ultima,ultima,ultima,ultima,ultima,ultima,ultima,ultima,ultima,ultima,ultima,ultima,ultima,ultima,ultima,ultima
antepaenultima,prima,prima,antepaenultima,paenultima,prima,paenultima,prima,prima,paenultima,antepaenultima,prima,prima,prima,prima,ultima,antepaenultima,prima,prima,prima,prima,prima,ultima,prima,ultima,prima,prima,paenultima,paenultima,prima,paenultima,prima,prima,prima,ultima,ultima,ultima
ultima,ultima,ultima,ultima,ultima,ultima,ultima,ultima,ultima,ultima,ultima,ultima,ultima,ultima,prima,ultima,ultima,ultima,ultima,ultima,ultima,ultima,ultima,ultima,ultima,ultima,ultima,ultima,ultima,ultima,ultima,ultima,ultima,ultima,ultima,ultima,ultima
paenultima,paenultima,paenultima,paenultima,prima,prima,prima,paenultima,paenultima,paenultima,paenultima,paenultima,paenultima,prima,prima,paenultima,paenultima,paenultima,paenultima,prima,prima,prima,sekunda,prima,paenultima,prima,prima,prima,paenultima,prima,paenultima,prima,prima,prima,paenultima,paenultima,paenultima
prima,prima,prima,sekunda,prima,prima,prima,sekunda,sekunda,sekunda,prima,prima,prima,prima,prima,prima,prima,prima,prima,prima,sekunda,prima,sekunda,sekunda,prima,prima,sekunda,sekunda,prima,sekunda,sekunda,prima,prima,prima,prima,prima,prima
ultima,ultima,ultima,prima,ultima,prima,prima,ultima,ultima,prima,ultima,ultima,prima,paenultima,prima,paenultima,prima,prima,prima,prima,prima,prima,ultima,prima,ultima,ultima,ultima,ultima,ultima,paenultima,prima,ultima,ultima,ultima,paenultima,paenultima,paenultima
paenultima,paenultima,paenultima,paenultima,paenultima,paenultima,paenultima,paenultima,paenultima,paenultima,paenultima,paenultima,paenultima,paenultima,prima,paenultima,paenultima,paenultima,paenultima,paenultima,paenultima,paenultima,paenultima,paenultima,paenultima,paenultima,paenultima,paenultima,paenultima,paenultima,paenultima,paenultima,paenultima,paenultima,paenultima,paenultima,paenultima
paenultima,paenultima,paenultima,paenultima,paenultima,paenultima,paenultima,paenultima,paenultima,paenultima,paenultima,prima,prima,ultima,prima,ultima,paenultima,prima,prima,paenultima,paenultima,paenultima,ultima,prima,paenultima,paenultima,paenultima,paenultima,paenultima,paenultima,paenultima,paenultima,paenultima,paenultima,paenultima,prima,paenultima
prima,prima,prima,prima,sekunda,prima,sekunda,prima,prima,prima,prima,prima,prima,prima,prima,prima,prima,prima,prima,sekunda,prima,prima,sekunda,sekunda,sekunda,paenultima,prima,sekunda,paenultima,prima,sekunda,prima,prima,prima,prima,prima,prima
paenultima,paenultima,paenultima,paenultima,paenultima,paenultima,paenultima,paenultima,paenultima,paenultima,paenultima,prima,paenultima,prima,prima,prima,paenultima,prima,paenultima,paenultima,sekunda,sekunda,paenultima,paenultima,paenultima,paenultima,paenultima,paenultima,paenultima,paenultima,paenultima,paenultima,paenultima,paenultima,ultima,prima,ultima
antepaenultima,antepaenultima,antepaenultima,antepaenultima,antepaenultima,antepaenultima,antepaenultima,antepaenultima,antepaenultima,antepaenultima,prima,prima,prima,ultima,prima,ultima,paenultima,prima,prima,ultima,prima,prima,antepaenultima,antepaenultima,antepaenultima,antepaenultima,antepaenultima,antepaenultima,antepaenultima,antepaenultima,antepaenultima,antepaenultima,prima,antepaenultima,prima,prima,prima
prima,prima,prima,prima,prima,prima,prima,prima,prima,prima,ultima,ultima,ultima,prima,prima,prima,ultima,ultima,ultima,prima,prima,ultima,prima,prima,prima,prima,ultima,ultima,prima,ultima,ultima,prima,ultima,ultima,prima,prima,prima
ultima,ultima,ultima,ultima,ultima,ultima,ultima,ultima,ultima,ultima,ultima,ultima,ultima,ultima,prima,ultima,ultima,ultima,ultima,ultima,ultima,ultima,ultima,ultima,ultima,ultima,ultima,ultima,ultima,ultima,ultima,ultima,ultima,ultima,ultima,ultima,ultima
prima,prima,prima,prima,prima,prima,prima,prima,prima,prima,prima,prima,prima,prima,prima,prima,prima,prima,prima,prima,prima,prima,prima,prima,prima,prima,prima,prima,prima,prima,prima,prima,prima,sekunda,prima,prima,prima
prima,prima,prima,prima,prima,prima,prima,prima,prima,prima,prima,prima,prima,prima,prima,prima,prima,prima,prima,prima,antepaenultima,antepaenultima,sekunda,prima,sekunda,prima,prima,prima,prima,prima,sekunda,prima,prima,prima,prima,prima,prima
paenultima,paenultima,paenultima,paenultima,paenultima,paenultima,paenultima,paenultima,paenultima,paenultima,paenultima,paenultima,paenultima,paenultima,prima,paenultima,paenultima,paenultima,paenultima,paenultima,paenultima,paenultima,paenultima,paenultima,paenultima,paenultima,paenultima,paenultima,paenultima,paenultima,paenultima,paenultima,paenultima,paenultima,paenultima,paenultima,paenultima
ultima,ultima,ultima,ultima,ultima,ultima,ultima,ultima,ultima,ultima,ultima,ultima,ultima,prima,prima,ultima,ultima,ultima,ultima,ultima,ultima,ultima,ultima,ultima,ultima,ultima,ultima,ultima,ultima,ultima,ultima,ultima,ultima,ultima,ultima,prima,ultima
ultima,ultima,ultima,ultima,ultima,ultima,ultima,ultima,ultima,ultima,ultima,ultima,ultima,ultima,prima,ultima,ultima,ultima,ultima,ultima,ultima,ultima,ultima,ultima,ultima,ultima,ultima,ultima,ultima,ultima,ultima,ultima,ultima,ultima,ultima,ultima,ultima
ultima,ultima,ultima,ultima,ultima,prima,ultima,ultima,ultima,ultima,ultima,ultima,ultima,prima,prima,prima,ultima,prima,ultima,ultima,ultima,ultima,ultima,ultima,ultima,ultima,ultima,ultima,ultima,ultima,ultima,sekunda,prima,prima,ultima,prima,ultima
ultima,prima,prima,prima,prima,prima,prima,prima,prima,prima,prima,ultima,prima,paenultima,prima,paenultima,prima,prima,prima,prima,paenultima,paenultima,prima,prima,prima,prima,prima,ultima,prima,paenultima,prima,prima,prima,ultima,prima,prima,prima
antepaenultima,antepaenultima,antepaenultima,antepaenultima,antepaenultima,antepaenultima,antepaenultima,antepaenultima,antepaenultima,antepaenultima,prima,prima,prima,ultima,prima,ultima,prima,prima,prima,prima,prima,prima,antepaenultima,antepaenultima,antepaenultima,antepaenultima,antepaenultima,prima,antepaenultima,antepaenultima,prima,antepaenultima,prima,antepaenultima,prima,prima,prima
prima,prima,prima,prima,prima,prima,prima,prima,prima,prima,prima,prima,prima,prima,prima,ultima,sekunda,prima,prima,paenultima,prima,prima,prima,sekunda,prima,prima,prima,prima,prima,sekunda,prima,prima,prima,prima,prima,prima,prima
paenultima,paenultima,prima,antepaenultima,paenultima,prima,paenultima,paenultima,paenultima,paenultima,prima,prima,prima,prima,prima,ultima,prima,prima,prima,ultima,paenultima,paenultima,paenultima,paenultima,paenultima,paenultima,prima,paenultima,paenultima,prima,paenultima,prima,prima,prima,ultima,prima,ultima
ultima,ultima,ultima,ultima,ultima,ultima,ultima,ultima,ultima,ultima,ultima,ultima,ultima,ultima,prima,ultima,ultima,ultima,ultima,ultima,ultima,ultima,ultima,ultima,ultima,ultima,ultima,ultima,ultima,ultima,ultima,ultima,ultima,ultima,ultima,ultima,ultima
sekunda,sekunda,sekunda,sekunda,sekunda,sekunda,sekunda,sekunda,sekunda,sekunda,prima,prima,prima,sekunda,sekunda,sekunda,sekunda,sekunda,sekunda,sekunda,sekunda,sekunda,sekunda,prima,prima,sekunda,sekunda,prima,sekunda,prima,prima,sekunda,prima,sekunda,prima,prima,prima
ultima,ultima,ultima,ultima,ultima,ultima,ultima,ultima,ultima,ultima,ultima,ultima,ultima,paenultima,prima,ultima,ultima,ultima,ultima,ultima,ultima,ultima,ultima,ultima,ultima,ultima,ultima,ultima,ultima,ultima,ultima,ultima,ultima,ultima,ultima,ultima,ultima
sekunda,prima,paenultima,paenultima,prima,prima,prima,prima,paenultima,paenultima,prima,prima,prima,prima,prima,ultima,prima,prima,prima,prima,prima,prima,paenultima,prima,paenultima,prima,paenultima,prima,paenultima,prima,paenultima,prima,prima,prima,ultima,prima,ultima
prima,prima,prima,prima,prima,prima,prima,prima,prima,prima,prima,prima,prima,antepaenultima,prima,ultima,prima,prima,prima,prima,prima,prima,prima,prima,prima,prima,prima,prima,prima,prima,prima,prima,prima,sekunda,prima,prima,prima
antepaenultima,paenultima,paenultima,paenultima,paenultima,paenultima,paenultima,paenultima,paenultima,paenultima,prima,prima,prima,ultima,prima,ultima,antepaenultima,prima,prima,paenultima,prima,antepaenultima,ultima,prima,ultima,paenultima,paenultima,paenultima,paenultima,paenultima,paenultima,paenultima,prima,paenultima,ultima,prima,ultima
sekunda,prima,prima,sekunda,prima,prima,prima,prima,prima,sekunda,prima,prima,prima,sekunda,prima,sekunda,prima,prima,prima,paenultima,prima,prima,sekunda,sekunda,sekunda,prima,prima,prima,prima,prima,sekunda,prima,prima,prima,prima,prima,prima
sekunda,sekunda,sekunda,sekunda,sekunda,sekunda,sekunda,sekunda,sekunda,sekunda,prima,prima,prima,sekunda,sekunda,sekunda,sekunda,sekunda,sekunda,paenultima,prima,sekunda,sekunda,antepaenultima,antepaenultima,sekunda,sekunda,prima,sekunda,prima,prima,sekunda,prima,sekunda,prima,prima,prima
prima,prima,prima,prima,prima,prima,prima,prima,prima,prima,prima,prima,prima,prima,prima,prima,prima,prima,prima,prima,prima,prima,prima,prima,prima,prima,prima,prima,prima,prima,prima,prima,prima,prima,prima,prima,prima
antepaenultima,sekunda,sekunda,sekunda,prima,prima,prima,sekunda,sekunda,sekunda,prima,prima,prima,sekunda,sekunda,sekunda,sekunda,sekunda,sekunda,prima,prima,prima,prima,sekunda,prima,sekunda,sekunda,sekunda,prima,sekunda,sekunda,sekunda,prima,sekunda,paenultima,prima,paenultima
ultima,ultima,ultima,ultima,ultima,ultima,ultima,ultima,ultima,ultima,ultima,ultima,ultima,prima,prima,prima,ultima,ultima,ultima,prima,ultima,ultima,ultima,ultima,ultima,ultima,ultima,ultima,ultima,ultima,ultima,ultima,ultima,ultima,ultima,prima,ultima
antepaenultima,antepaenultima,prima,antepaenultima,paenultima,prima,paenultima,paenultima,paenultima,paenultima,prima,prima,prima,prima,prima,prima,prima,prima,prima,paenultima,prima,prima,paenultima,paenultima,paenultima,paenultima,prima,paenultima,paenultima,prima,paenultima,paenultima,prima,paenultima,ultima,ultima,ultima
paenultima,paenultima,paenultima,paenultima,paenultima,paenultima,paenultima,paenultima,paenultima,paenultima,paenultima,paenultima,paenultima,paenultima,prima,paenultima,paenultima,paenultima,paenultima,paenultima,prima,paenultima,ultima,prima,ultima,paenultima,paenultima,paenultima,paenultima,paenultima,paenultima,paenultima,paenultima,paenultima,paenultima,paenultima,paenultima
sekunda,prima,sekunda,prima,prima,prima,prima,sekunda,sekunda,prima,prima,prima,prima,sekunda,sekunda,sekunda,sekunda,sekunda,sekunda,prima,prima,ultima,prima,prima,prima,prima,prima,ultima,prima,prima,prima,prima,prima,ultima,prima,prima,prima
prima,prima,prima,prima,prima,sekunda,sekunda,prima,prima,prima,prima,prima,prima,ultima,prima,ultima,prima,prima,prima,paenultima,sekunda,sekunda,prima,prima,prima,prima,prima,prima,prima,prima,prima,prima,prima,prima,prima,prima,prima
antepaenultima,antepaenultima,prima,prima,antepaenultima,antepaenultima,antepaenultima,antepaenultima,antepaenultima,prima,prima,prima,prima,paenultima,prima,paenultima,prima,prima,prima,paenultima,prima,antepaenultima,ultima,ultima,ultima,antepaenultima,prima,prima,antepaenultima,prima,prima,antepaenultima,prima,antepaenultima,prima,prima,prima
prima,prima,prima,prima,prima,prima,prima,prima,prima,prima,prima,prima,prima,prima,prima,prima,prima,prima,prima,prima,antepaenultima,prima,prima,prima,prima,prima,paenultima,prima,prima,prima,prima,prima,prima,prima,prima,prima,prima
prima,prima,prima,prima,prima,prima,sekunda,prima,prima,prima,prima,prima,prima,prima,prima,prima,prima,prima,prima,prima,prima,prima,prima,prima,prima,prima,prima,prima,prima,prima,prima,prima,prima,sekunda,prima,prima,prima
ultima,ultima,ultima,ultima,ultima,ultima,ultima,ultima,ultima,ultima,ultima,ultima,ultima,ultima,prima,ultima,ultima,ultima,ultima,ultima,ultima,ultima,ultima,ultima,ultima,ultima,ultima,ultima,ultima,ultima,ultima,ultima,ultima,ultima,ultima,prima,paenultima
prima,prima,prima,prima,prima,prima,prima,prima,prima,prima,prima,prima,prima,prima,prima,paenultima,prima,prima,prima,prima,prima,prima,prima,prima,prima,prima,prima,prima,prima,sekunda,prima,prima,prima,prima,prima,prima,paenultima
sekunda,prima,prima,sekunda,prima,sekunda,sekunda,sekunda,prima,sekunda,prima,prima,prima,sekunda,prima,sekunda,prima,prima,prima,paenultima,sekunda,prima,sekunda,prima,sekunda,prima,prima,prima,prima,prima,sekunda,prima,prima,prima,prima,prima,prima
antepaenultima,antepaenultima,prima,antepaenultima,paenultima,prima,paenultima,paenultima,paenultima,paenultima,antepaenultima,prima,prima,prima,prima,ultima,prima,prima,prima,paenultima,paenultima,paenultima,ultima,prima,paenultima,paenultima,prima,paenultima,paenultima,prima,antepaenultima,paenultima,prima,prima,ultima,prima,ultima
prima,prima,prima,prima,prima,prima,prima,prima,prima,prima,ultima,ultima,prima,prima,prima,prima,prima,prima,prima,prima,prima,ultima,ultima,prima,ultima,prima,prima,ultima,prima,prima,prima,prima,prima,ultima,prima,prima,prima
prima,sekunda,prima,sekunda,sekunda,prima,prima,sekunda,sekunda,sekunda,prima,prima,prima,sekunda,prima,sekunda,sekunda,prima,prima,sekunda,prima,prima,sekunda,prima,sekunda,sekunda,sekunda,sekunda,sekunda,prima,sekunda,sekunda,prima,sekunda,prima,prima,prima
sekunda,prima,paenultima,prima,paenultima,prima,prima,sekunda,paenultima,prima,prima,prima,prima,ultima,prima,ultima,paenultima,prima,prima,prima,prima,ultima,sekunda,sekunda,sekunda,sekunda,sekunda,sekunda,sekunda,sekunda,prima,paenultima,prima,sekunda,ultima,prima,paenultima
paenultima,paenultima,paenultima,paenultima,paenultima,paenultima,paenultima,paenultima,paenultima,paenultima,paenultima,prima,paenultima,ultima,prima,ultima,paenultima,prima,paenultima,paenultima,sekunda,paenultima,paenultima,paenultima,paenultima,paenultima,paenultima,paenultima,paenultima,prima,paenultima,paenultima,paenultima,paenultima,ultima,prima,ultima
paenultima,paenultima,paenultima,paenultima,paenultima,paenultima,paenultima,paenultima,paenultima,paenultima,paenultima,paenultima,paenultima,paenultima,prima,paenultima,paenultima,paenultima,paenultima,paenultima,paenultima,paenultima,paenultima,paenultima,paenultima,paenultima,paenultima,paenultima,paenultima,paenultima,paenultima,paenultima,paenultima,paenultima,paenultima,paenultima,paenultima
sekunda,sekunda,prima,sekunda,sekunda,sekunda,prima,sekunda,prima,sekunda,prima,prima,prima,prima,prima,prima,prima,prima,prima,sekunda,antepaenultima,antepaenultima,paenultima,paenultima,paenultima,paenultima,paenultima,paenultima,paenultima,paenultima,paenultima,paenultima,prima,sekunda,prima,prima,prima
paenultima,paenultima,paenultima,paenultima,paenultima,paenultima,paenultima,paenultima,paenultima,paenultima,paenultima,prima,prima,prima,prima,ultima,prima,prima,prima,prima,prima,prima,ultima,prima,paenultima,paenultima,paenultima,paenultima,paenultima,paenultima,paenultima,paenultima,paenultima,paenultima,paenultima,prima,paenultima
prima,prima,prima,prima,prima,prima,prima,prima,prima,prima,prima,prima,prima,prima,prima,sekunda,prima,prima,prima,prima,prima,prima,prima,prima,prima,prima,prima,prima,prima,prima,prima,prima,prima,ultima,prima,prima,prima
prima,prima,prima,prima,prima,prima,prima,prima,prima,prima,prima,prima,prima,prima,prima,paenultima,prima,prima,prima,prima,prima,paenultima,prima,prima,prima,prima,prima,prima,prima,prima,prima,prima,prima,prima,prima,prima,prima
sekunda,sekunda,prima,sekunda,sekunda,prima,prima,sekunda,prima,sekunda,prima,prima,prima,sekunda,prima,sekunda,sekunda,prima,prima,paenultima,sekunda,sekunda,sekunda,sekunda,sekunda,sekunda,prima,prima,sekunda,sekunda,prima,sekunda,prima,prima,ultima,prima,ultima
sekunda,prima,sekunda,sekunda,prima,prima,prima,sekunda,sekunda,sekunda,antepaenultima,prima,prima,sekunda,sekunda,sekunda,sekunda,sekunda,sekunda,prima,prima,prima,sekunda,prima,sekunda,prima,prima,prima,prima,prima,sekunda,prima,prima,prima,prima,prima,prima
prima,prima,prima,prima,prima,prima,prima,prima,prima,prima,prima,prima,prima,prima,prima,ultima,prima,prima,prima,prima,prima,prima,ultima,paenultima,paenultima,prima,prima,prima,prima,prima,prima,ultima,prima,paenultima,prima,prima,prima
paenultima,paenultima,prima,prima,prima,sekunda,paenultima,prima,prima,prima,paenultima,paenultima,paenultima,prima,prima,prima,paenultima,paenultima,paenultima,ultima,prima,paenultima,prima,prima,prima,paenultima,paenultima,paenultima,prima,paenultima,prima,paenultima,paenultima,prima,prima,prima,prima
sekunda,prima,sekunda,sekunda,prima,sekunda,prima,sekunda,sekunda,sekunda,prima,prima,prima,sekunda,sekunda,sekunda,sekunda,sekunda,sekunda,prima,sekunda,prima,prima,paenultima,sekunda,sekunda,prima,prima,prima,prima,sekunda,prima,prima,prima,prima,prima,prima
paenultima,paenultima,paenultima,paenultima,paenultima,paenultima,paenultima,paenultima,paenultima,paenultima,paenultima,paenultima,paenultima,paenultima,prima,paenultima,paenultima,paenultima,prima,paenultima,antepaenultima,antepaenultima,ultima,prima,paenultima,paenultima,paenultima,paenultima,paenultima,paenultima,paenultima,paenultima,paenultima,paenultima,paenultima,paenultima,paenultima
ultima,ultima,ultima,prima,ultima,prima,prima,ultima,ultima,prima,prima,ultima,prima,paenultima,prima,paenultima,ultima,prima,prima,paenultima,prima,ultima,ultima,prima,paenultima,ultima,prima,ultima,ultima,prima,prima,ultima,ultima,ultima,paenultima,paenultima,paenultima
sekunda,sekunda,prima,sekunda,sekunda,sekunda,sekunda,sekunda,sekunda,sekunda,prima,prima,prima,sekunda,prima,sekunda,sekunda,prima,prima,sekunda,sekunda,prima,sekunda,sekunda,sekunda,sekunda,sekunda,sekunda,sekunda,sekunda,sekunda,sekunda,prima,sekunda,prima,prima,prima
sekunda,sekunda,sekunda,sekunda,sekunda,prima,prima,sekunda,sekunda,sekunda,prima,prima,prima,sekunda,sekunda,sekunda,sekunda,sekunda,sekunda,sekunda,prima,sekunda,sekunda,sekunda,sekunda,sekunda,sekunda,prima,sekunda,sekunda,sekunda,sekunda,prima,sekunda,paenultima,paenultima,paenultima
ultima,ultima,ultima,ultima,ultima,ultima,ultima,ultima,ultima,ultima,ultima,ultima,ultima,prima,prima,ultima,ultima,ultima,ultima,ultima,ultima,ultima,ultima,ultima,ultima,ultima,ultima,ultima,ultima,ultima,ultima,ultima,ultima,ultima,ultima,prima,ultima
paenultima,paenultima,paenultima,paenultima,paenultima,prima,prima,paenultima,prima,paenultima,paenultima,paenultima,paenultima,paenultima,prima,paenultima,paenultima,paenultima,paenultima,paenultima,prima,prima,paenultima,prima,paenultima,paenultima,sekunda,sekunda,paenultima,prima,paenultima,paenultima,prima,sekunda,paenultima,paenultima,paenultima
antepaenultima,antepaenultima,antepaenultima,antepaenultima,antepaenultima,antepaenultima,antepaenultima,antepaenultima,antepaenultima,antepaenultima,prima,prima,prima,ultima,prima,ultima,paenultima,prima,prima,prima,prima,antepaenultima,antepaenultima,antepaenultima,antepaenultima,antepaenultima,antepaenultima,antepaenultima,antepaenultima,antepaenultima,antepaenultima,antepaenultima,prima,antepaenultima,prima,prima,prima
paenultima,paenultima,paenultima,sekunda,paenultima,paenultima,paenultima,paenultima,sekunda,sekunda,paenultima,paenultima,paenultima,sekunda,sekunda,sekunda,paenultima,sekunda,paenultima,paenultima,paenultima,paenultima,paenultima,paenultima,paenultima,paenultima,paenultima,paenultima,paenultima,paenultima,paenultima,paenultima,paenultima,paenultima,paenultima,paenultima,paenultima
antepaenultima,antepaenultima,antepaenultima,antepaenultima,antepaenultima,antepaenultima,antepaenultima,antepaenultima,antepaenultima,antepaenultima,prima,prima,prima,ultima,prima,ultima,paenultima,prima,prima,prima,antepaenultima,antepaenultima,antepaenultima,antepaenultima,antepaenultima,antepaenultima,antepaenultima,antepaenultima,antepaenultima,antepaenultima,antepaenultima,antepaenultima,prima,antepaenultima,prima,prima,prima
prima,prima,prima,prima,prima,prima,prima,prima,prima,prima,antepaenultima,prima,prima,prima,prima,prima,prima,prima,prima,prima,prima,prima,prima,prima,prima,prima,prima,prima,prima,prima,prima,prima,prima,prima,prima,prima,prima
sekunda,sekunda,prima,sekunda,sekunda,sekunda,sekunda,sekunda,prima,sekunda,prima,prima,prima,ultima,prima,ultima,sekunda,prima,prima,sekunda,sekunda,prima,prima,sekunda,prima,sekunda,sekunda,prima,prima,sekunda,prima,sekunda,prima,prima,prima,prima,prima
paenultima,paenultima,paenultima,paenultima,paenultima,paenultima,paenultima,paenultima,paenultima,paenultima,paenultima,prima,prima,prima,prima,ultima,paenultima,prima,prima,paenultima,paenultima,paenultima,ultima,prima,paenultima,paenultima,paenultima,paenultima,paenultima,paenultima,paenultima,paenultima,paenultima,paenultima,paenultima,prima,paenultima
antepaenultima,antepaenultima,prima,antepaenultima,sekunda,prima,prima,antepaenultima,sekunda,antepaenultima,prima,prima,prima,prima,prima,prima,prima,prima,prima,sekunda,prima,prima,prima,prima,paenultima,antepaenultima,prima,antepaenultima,antepaenultima,prima,antepaenultima,antepaenultima,prima,prima,prima,prima,prima
prima,prima,prima,sekunda,prima,prima,prima,prima,prima,sekunda,prima,prima,prima,prima,prima,ultima,prima,prima,prima,prima,prima,antepaenultima,sekunda,sekunda,sekunda,prima,prima,prima,prima,sekunda,sekunda,prima,prima,prima,prima,prima,prima
antepaenultima,antepaenultima,antepaenultima,antepaenultima,antepaenultima,antepaenultima,antepaenultima,antepaenultima,antepaenultima,antepaenultima,prima,prima,prima,prima,prima,prima,prima,prima,prima,prima,antepaenultima,prima,ultima,antepaenultima,antepaenultima,antepaenultima,antepaenultima,antepaenultima,antepaenultima,antepaenultima,antepaenultima,antepaenultima,prima,antepaenultima,prima,prima,prima
antepaenultima,antepaenultima,antepaenultima,antepaenultima,antepaenultima,antepaenultima,antepaenultima,antepaenultima,antepaenultima,antepaenultima,prima,prima,prima,prima,prima,paenultima,prima,prima,prima,prima,antepaenultima,antepaenultima,antepaenultima,antepaenultima,antepaenultima,antepaenultima,antepaenultima,prima,antepaenultima,antepaenultima,prima,antepaenultima,prima,antepaenultima,prima,prima,prima
prima,prima,prima,prima,prima,prima,sekunda,prima,prima,prima,prima,prima,prima,prima,prima,prima,prima,prima,prima,sekunda,antepaenultima,antepaenultima,prima,prima,sekunda,prima,prima,prima,prima,prima,sekunda,prima,prima,prima,prima,prima,prima
prima,paenultima,prima,antepaenultima,paenultima,prima,prima,paenultima,prima,antepaenultima,prima,prima,prima,ultima,prima,prima,paenultima,prima,prima,paenultima,prima,paenultima,ultima,prima,ultima,paenultima,paenultima,paenultima,paenultima,paenultima,paenultima,paenultima,prima,paenultima,prima,prima,prima
prima,prima,prima,prima,prima,prima,prima,prima,antepaenultima,prima,prima,prima,prima,prima,prima,prima,prima,prima,prima,prima,prima,prima,prima,prima,prima,prima,prima,antepaenultima,prima,prima,prima,prima,prima,prima,prima,prima,prima
antepaenultima,antepaenultima,prima,antepaenultima,paenultima,prima,paenultima,paenultima,paenultima,paenultima,antepaenultima,prima,prima,ultima,prima,ultima,antepaenultima,prima,prima,paenultima,prima,prima,ultima,prima,paenultima,paenultima,prima,paenultima,paenultima,prima,paenultima,ultima,prima,paenultima,ultima,prima,paenultima
prima,prima,prima,prima,sekunda,sekunda,sekunda,prima,prima,prima,prima,prima,prima,prima,prima,prima,sekunda,prima,prima,sekunda,sekunda,paenultima,prima,prima,prima,prima,sekunda,prima,prima,prima,prima,prima,prima,prima,prima,prima,prima
ultima,ultima,ultima,ultima,ultima,ultima,ultima,ultima,ultima,ultima,ultima,ultima,ultima,prima,prima,ultima,ultima,ultima,ultima,ultima,ultima,ultima,ultima,ultima,ultima,ultima,ultima,ultima,ultima,ultima,ultima,ultima,ultima,ultima,ultima,ultima,ultima
sekunda,prima,prima,antepaenultima,sekunda,prima,prima,prima,prima,antepaenultima,prima,prima,prima,paenultima,prima,paenultima,antepaenultima,prima,prima,antepaenultima,prima,prima,sekunda,sekunda,prima,sekunda,prima,sekunda,sekunda,prima,sekunda,prima,prima,prima,prima,prima,prima
sekunda,prima,prima,sekunda,prima,prima,sekunda,prima,prima,sekunda,prima,prima,prima,antepaenultima,prima,ultima,antepaenultima,prima,prima,ultima,prima,prima,prima,paenultima,sekunda,prima,prima,prima,prima,prima,sekunda,prima,prima,prima,prima,prima,prima
prima,prima,prima,prima,prima,prima,prima,prima,prima,prima,prima,prima,prima,prima,prima,prima,prima,prima,prima,prima,prima,prima,prima,prima,prima,prima,prima,prima,prima,prima,prima,prima,prima,prima,prima,prima,prima
antepaenultima,prima,prima,prima,ultima,sekunda,prima,paenultima,prima,prima,prima,prima,prima,prima,prima,prima,prima,prima,prima,ultima,prima,antepaenultima,paenultima,paenultima,paenultima,paenultima,prima,paenultima,paenultima,prima,paenultima,paenultima,prima,prima,prima,prima,prima
prima,prima,prima,prima,prima,prima,prima,prima,prima,prima,prima,prima,prima,prima,prima,paenultima,prima,prima,prima,prima,prima,prima,prima,prima,prima,prima,prima,prima,prima,prima,prima,prima,prima,prima,prima,prima,prima
ultima,ultima,ultima,ultima,ultima,ultima,ultima,ultima,ultima,ultima,ultima,ultima,ultima,prima,prima,prima,ultima,ultima,ultima,ultima,ultima,ultima,ultima,ultima,ultima,ultima,ultima,ultima,ultima,ultima,ultima,ultima,ultima,ultima,ultima,prima,ultima
prima,prima,prima,prima,prima,prima,sekunda,prima,prima,prima,prima,prima,prima,prima,prima,prima,prima,prima,prima,prima,prima,prima,prima,prima,prima,prima,prima,prima,prima,prima,prima,prima,prima,prima,prima,prima,prima
paenultima,paenultima,paenultima,paenultima,paenultima,paenultima,paenultima,paenultima,paenultima,paenultima,prima,prima,prima,ultima,prima,ultima,antepaenultima,prima,prima,ultima,prima,prima,ultima,paenultima,paenultima,paenultima,paenultima,paenultima,paenultima,prima,paenultima,paenultima,prima,paenultima,ultima,ultima,ultima
ultima,ultima,ultima,ultima,ultima,ultima,ultima,ultima,ultima,ultima,ultima,ultima,ultima,prima,prima,prima,ultima,ultima,ultima,ultima,ultima,ultima,ultima,ultima,ultima,ultima,ultima,ultima,ultima,ultima,ultima,ultima,ultima,ultima,ultima,ultima,ultima
ultima,ultima,ultima,prima,ultima,prima,prima,ultima,ultima,prima,prima,ultima,prima,paenultima,prima,paenultima,prima,prima,prima,paenultima,prima,prima,ultima,prima,ultima,ultima,ultima,ultima,ultima,prima,prima,ultima,ultima,ultima,paenultima,paenultima,paenultima
prima,prima,prima,prima,prima,prima,prima,prima,prima,prima,prima,prima,prima,ultima,prima,ultima,prima,prima,prima,prima,prima,antepaenultima,prima,prima,prima,prima,sekunda,prima,prima,prima,prima,prima,prima,prima,prima,prima,prima
antepaenultima,antepaenultima,prima,prima,sekunda,prima,prima,prima,sekunda,prima,prima,prima,prima,prima,prima,prima,prima,prima,prima,prima,prima,prima,ultima,ultima,ultima,antepaenultima,ultima,ultima,antepaenultima,prima,prima,ultima,prima,ultima,prima,prima,prima
paenultima,paenultima,paenultima,paenultima,paenultima,paenultima,paenultima,paenultima,paenultima,paenultima,paenultima,prima,prima,ultima,prima,ultima,paenultima,prima,prima,paenultima,prima,prima,ultima,prima,ultima,paenultima,paenultima,paenultima,paenultima,paenultima,paenultima,paenultima,paenultima,paenultima,paenultima,prima,paenultima
sekunda,sekunda,sekunda,sekunda,sekunda,sekunda,prima,sekunda,sekunda,sekunda,prima,prima,prima,sekunda,sekunda,sekunda,sekunda,sekunda,sekunda,prima,prima,prima,sekunda,sekunda,prima,sekunda,sekunda,prima,sekunda,sekunda,sekunda,sekunda,prima,prima,prima,prima,prima
paenultima,prima,prima,sekunda,prima,prima,prima,paenultima,prima,sekunda,prima,prima,prima,ultima,prima,ultima,prima,prima,prima,prima,prima,prima,ultima,paenultima,paenultima,prima,prima,prima,prima,prima,paenultima,paenultima,prima,prima,prima,prima,prima
paenultima,paenultima,prima,prima,paenultima,sekunda,paenultima,paenultima,prima,prima,prima,prima,prima,prima,prima,prima,prima,prima,prima,paenultima,prima,prima,paenultima,prima,prima,paenultima,prima,paenultima,paenultima,prima,prima,paenultima,prima,paenultima,prima,prima,prima
sekunda,prima,prima,prima,prima,prima,prima,sekunda,prima,prima,ultima,prima,ultima,prima,prima,ultima,ultima,prima,prima,prima,prima,ultima,sekunda,sekunda,prima,prima,prima,prima,prima,ultima,ultima,prima,prima,prima,prima,prima,prima
ultima,ultima,ultima,ultima,ultima,prima,ultima,ultima,ultima,ultima,ultima,ultima,ultima,ultima,prima,ultima,ultima,prima,ultima,ultima,antepaenultima,ultima,ultima,ultima,ultima,ultima,ultima,ultima,ultima,ultima,ultima,ultima,prima,paenultima,ultima,prima,ultima
paenultima,paenultima,prima,paenultima,paenultima,prima,paenultima,paenultima,paenultima,paenultima,prima,prima,prima,paenultima,prima,prima,sekunda,prima,prima,ultima,sekunda,prima,paenultima,paenultima,paenultima,paenultima,prima,paenultima,paenultima,paenultima,paenultima,paenultima,prima,paenultima,ultima,prima,ultima
sekunda,sekunda,prima,sekunda,sekunda,sekunda,sekunda,sekunda,prima,sekunda,prima,prima,prima,sekunda,prima,sekunda,sekunda,prima,prima,ultima,prima,prima,sekunda,paenultima,sekunda,sekunda,sekunda,sekunda,sekunda,prima,sekunda,sekunda,prima,sekunda,prima,prima,prima
prima,prima,prima,prima,prima,prima,prima,prima,prima,prima,prima,prima,prima,prima,prima,prima,prima,prima,prima,prima,prima,prima,prima,prima,prima,prima,prima,prima,prima,prima,prima,prima,prima,prima,prima,prima,prima
prima,prima,prima,prima,prima,prima,sekunda,prima,prima,prima,ultima,ultima,ultima,prima,prima,prima,ultima,prima,ultima,prima,ultima,ultima,prima,prima,prima,prima,ultima,ultima,prima,prima,ultima,prima,prima,prima,prima,prima,prima
prima,prima,prima,prima,prima,prima,prima,prima,prima,prima,prima,prima,prima,prima,prima,prima,sekunda,prima,prima,prima,paenultima,paenultima,paenultima,prima,prima,paenultima,paenultima,paenultima,paenultima,paenultima,prima,sekunda,prima,prima,prima,prima,prima
prima,prima,prima,prima,prima,prima,prima,sekunda,prima,prima,prima,prima,prima,prima,prima,prima,prima,prima,prima,prima,antepaenultima,antepaenultima,prima,prima,prima,prima,sekunda,sekunda,prima,prima,prima,prima,prima,prima,prima,prima,prima
paenultima,paenultima,paenultima,paenultima,paenultima,paenultima,paenultima,paenultima,paenultima,paenultima,paenultima,prima,prima,prima,prima,ultima,prima,prima,prima,prima,prima,prima,paenultima,prima,paenultima,paenultima,paenultima,paenultima,paenultima,paenultima,paenultima,paenultima,paenultima,paenultima,paenultima,prima,paenultima
sekunda,prima,prima,prima,paenultima,sekunda,prima,sekunda,prima,prima,prima,prima,prima,ultima,prima,ultima,sekunda,prima,prima,paenultima,sekunda,paenultima,prima,sekunda,prima,sekunda,prima,paenultima,sekunda,sekunda,sekunda,paenultima,prima,paenultima,prima,prima,prima
sekunda,prima,prima,sekunda,prima,prima,prima,sekunda,sekunda,sekunda,prima,prima,prima,prima,prima,prima,prima,prima,prima,prima,prima,prima,prima,sekunda,sekunda,prima,prima,prima,prima,prima,sekunda,prima,prima,prima,prima,prima,prima
antepaenultima,paenultima,paenultima,paenultima,paenultima,paenultima,paenultima,paenultima,paenultima,paenultima,prima,prima,prima,ultima,prima,ultima,prima,prima,prima,ultima,prima,prima,paenultima,paenultima,paenultima,paenultima,paenultima,paenultima,paenultima,paenultima,paenultima,paenultima,prima,prima,ultima,ultima,ultima
sekunda,sekunda,prima,prima,prima,sekunda,prima,sekunda,prima,prima,prima,prima,prima,sekunda,prima,ultima,sekunda,prima,prima,paenultima,paenultima,paenultima,prima,prima,sekunda,sekunda,sekunda,prima,prima,prima,prima,sekunda,prima,sekunda,prima,prima,prima
prima,paenultima,paenultima,prima,paenultima,paenultima,paenultima,paenultima,paenultima,prima,paenultima,paenultima,paenultima,prima,prima,prima,prima,prima,paenultima,paenultima,paenultima,paenultima,paenultima,prima,prima,paenultima,paenultima,paenultima,paenultima,paenultima,prima,paenultima,paenultima,paenultima,paenultima,paenultima,paenultima
paenultima,paenultima,paenultima,paenultima,paenultima,paenultima,paenultima,paenultima,prima,paenultima,paenultima,prima,prima,ultima,prima,ultima,paenultima,prima,prima,paenultima,prima,prima,ultima,prima,ultima,paenultima,paenultima,paenultima,paenultima,paenultima,paenultima,paenultima,paenultima,paenultima,paenultima,prima,paenultima
paenultima,paenultima,paenultima,paenultima,paenultima,paenultima,paenultima,paenultima,paenultima,paenultima,prima,prima,prima,paenultima,prima,paenultima,paenultima,prima,prima,paenultima,paenultima,paenultima,paenultima,paenultima,paenultima,paenultima,paenultima,paenultima,paenultima,paenultima,paenultima,paenultima,prima,paenultima,paenultima,paenultima,paenultima
sekunda,prima,prima,sekunda,prima,prima,prima,prima,prima,sekunda,prima,prima,prima,prima,prima,prima,prima,prima,prima,ultima,prima,prima,sekunda,sekunda,sekunda,prima,prima,prima,prima,prima,sekunda,prima,prima,prima,prima,prima,prima
sekunda,sekunda,sekunda,sekunda,sekunda,sekunda,prima,sekunda,sekunda,sekunda,prima,prima,prima,sekunda,sekunda,sekunda,sekunda,sekunda,sekunda,ultima,prima,prima,sekunda,prima,prima,sekunda,prima,paenultima,sekunda,sekunda,prima,sekunda,prima,sekunda,prima,prima,prima
paenultima,paenultima,paenultima,paenultima,paenultima,paenultima,paenultima,paenultima,paenultima,paenultima,paenultima,paenultima,paenultima,paenultima,prima,paenultima,paenultima,paenultima,paenultima,prima,paenultima,paenultima,paenultima,paenultima,paenultima,paenultima,paenultima,paenultima,paenultima,paenultima,paenultima,paenultima,paenultima,paenultima,paenultima,paenultima,paenultima
paenultima,prima,prima,prima,paenultima,prima,paenultima,prima,prima,prima,prima,prima,prima,prima,prima,prima,prima,prima,prima,paenultima,prima,prima,prima,prima,prima,paenultima,prima,ultima,prima,paenultima,prima,prima,prima,prima,prima,prima,prima
prima,prima,prima,prima,prima,prima,prima,prima,prima,prima,prima,prima,prima,prima,prima,ultima,prima,prima,prima,prima,prima,antepaenultima,prima,prima,prima,prima,sekunda,prima,prima,sekunda,prima,prima,prima,prima,ultima,prima,ultima
antepaenultima,antepaenultima,prima,prima,antepaenultima,antepaenultima,antepaenultima,antepaenultima,antepaenultima,prima,prima,prima,prima,paenultima,prima,paenultima,prima,prima,prima,paenultima,prima,prima,paenultima,paenultima,paenultima,antepaenultima,prima,prima,antepaenultima,prima,prima,antepaenultima,prima,antepaenultima,prima,prima,prima
paenultima,paenultima,paenultima,paenultima,paenultima,paenultima,paenultima,paenultima,prima,paenultima,paenultima,prima,prima,prima,prima,prima,paenultima,prima,prima,paenultima,prima,prima,ultima,prima,ultima,paenultima,paenultima,paenultima,paenultima,paenultima,paenultima,paenultima,paenultima,paenultima,paenultima,prima,paenultima
paenultima,prima,prima,ultima,ultima,ultima,ultima,ultima,ultima,ultima,prima,prima,prima,prima,prima,ultima,prima,prima,prima,prima,paenultima,paenultima,ultima,prima,paenultima,prima,prima,ultima,ultima,prima,prima,ultima,prima,ultima,ultima,prima,paenultima
prima,prima,prima,prima,prima,prima,prima,prima,prima,prima,prima,prima,prima,prima,prima,prima,prima,prima,prima,prima,prima,prima,paenultima,prima,paenultima,prima,prima,prima,prima,prima,prima,prima,prima,prima,ultima,prima,ultima
paenultima,paenultima,paenultima,paenultima,paenultima,paenultima,paenultima,paenultima,paenultima,paenultima,paenultima,paenultima,paenultima,paenultima,prima,paenultima,paenultima,paenultima,paenultima,paenultima,paenultima,paenultima,paenultima,paenultima,paenultima,paenultima,paenultima,paenultima,paenultima,paenultima,paenultima,paenultima,paenultima,paenultima,paenultima,paenultima,paenultima
antepaenultima,antepaenultima,prima,prima,sekunda,sekunda,prima,prima,antepaenultima,prima,prima,prima,prima,ultima,prima,ultima,prima,prima,prima,prima,sekunda,prima,ultima,ultima,ultima,antepaenultima,prima,ultima,antepaenultima,prima,prima,antepaenultima,prima,ultima,prima,prima,prima
prima,sekunda,prima,sekunda,prima,prima,prima,sekunda,sekunda,sekunda,prima,prima,prima,prima,prima,prima,prima,prima,prima,prima,sekunda,prima,sekunda,sekunda,prima,sekunda,sekunda,prima,sekunda,sekunda,prima,sekunda,prima,sekunda,prima,prima,prima
prima,prima,prima,prima,prima,prima,sekunda,prima,prima,prima,prima,prima,prima,prima,prima,ultima,prima,prima,prima,ultima,antepaenultima,antepaenultima,prima,prima,prima,prima,prima,prima,prima,prima,prima,prima,prima,prima,prima,prima,prima
sekunda,sekunda,prima,prima,prima,prima,prima,ultima,prima,prima,prima,prima,prima,paenultima,prima,paenultima,sekunda,prima,prima,ultima,prima,prima,ultima,prima,ultima,sekunda,ultima,ultima,ultima,ultima,ultima,ultima,prima,ultima,prima,prima,prima
antepaenultima,antepaenultima,antepaenultima,antepaenultima,antepaenultima,antepaenultima,antepaenultima,antepaenultima,antepaenultima,antepaenultima,prima,prima,prima,prima,prima,ultima,prima,prima,prima,prima,prima,antepaenultima,antepaenultima,antepaenultima,antepaenultima,antepaenultima,antepaenultima,prima,antepaenultima,antepaenultima,prima,antepaenultima,prima,antepaenultima,prima,prima,prima
paenultima,paenultima,prima,prima,paenultima,prima,paenultima,paenultima,prima,prima,prima,prima,prima,ultima,prima,prima,prima,prima,prima,paenultima,prima,paenultima,paenultima,prima,paenultima,ultima,prima,ultima,ultima,paenultima,prima,paenultima,prima,prima,prima,prima,prima
ultima,ultima,ultima,ultima,ultima,prima,ultima,ultima,ultima,ultima,ultima,ultima,ultima,sekunda,prima,prima,ultima,prima,ultima,paenultima,sekunda,ultima,ultima,prima,ultima,ultima,ultima,ultima,ultima,ultima,ultima,ultima,ultima,ultima,ultima,prima,ultima
sekunda,prima,prima,sekunda,prima,prima,prima,sekunda,prima,sekunda,prima,prima,prima,paenultima,prima,paenultima,sekunda,prima,prima,paenultima,prima,prima,sekunda,sekunda,sekunda,paenultima,sekunda,sekunda,paenultima,sekunda,sekunda,prima,prima,prima,prima,prima,prima
prima,prima,prima,prima,prima,prima,prima,prima,prima,prima,prima,prima,prima,prima,prima,prima,prima,prima,prima,prima,prima,prima,prima,prima,prima,prima,prima,prima,prima,prima,prima,prima,prima,prima,prima,prima,prima
paenultima,paenultima,paenultima,paenultima,paenultima,paenultima,paenultima,paenultima,paenultima,paenultima,paenultima,paenultima,paenultima,paenultima,prima,paenultima,paenultima,paenultima,paenultima,prima,paenultima,paenultima,paenultima,paenultima,paenultima,paenultima,paenultima,paenultima,paenultima,paenultima,paenultima,paenultima,paenultima,paenultima,paenultima,paenultima,paenultima
prima,prima,prima,sekunda,prima,prima,sekunda,prima,prima,sekunda,prima,prima,prima,prima,prima,prima,prima,prima,prima,prima,prima,prima,prima,prima,sekunda,prima,prima,prima,prima,prima,sekunda,prima,prima,prima,prima,prima,prima
prima,prima,prima,prima,prima,prima,prima,prima,prima,prima,prima,prima,prima,prima,prima,prima,prima,prima,prima,prima,prima,prima,prima,prima,sekunda,sekunda,sekunda,sekunda,prima,prima,sekunda,sekunda,prima,prima,prima,prima,prima
prima,prima,prima,prima,prima,prima,prima,prima,prima,prima,prima,prima,prima,prima,prima,ultima,prima,prima,prima,ultima,prima,antepaenultima,prima,prima,prima,prima,prima,paenultima,prima,prima,prima,prima,prima,prima,prima,prima,prima
paenultima,paenultima,paenultima,paenultima,paenultima,paenultima,paenultima,paenultima,paenultima,paenultima,paenultima,paenultima,paenultima,paenultima,prima,paenultima,paenultima,paenultima,prima,ultima,prima,prima,ultima,ultima,ultima,paenultima,paenultima,paenultima,paenultima,prima,paenultima,paenultima,paenultima,paenultima,paenultima,paenultima,paenultima
prima,prima,prima,sekunda,prima,prima,prima,prima,sekunda,sekunda,prima,prima,prima,prima,prima,prima,prima,prima,prima,prima,sekunda,antepaenultima,sekunda,sekunda,prima,prima,prima,prima,prima,prima,prima,prima,prima,prima,prima,prima,prima
paenultima,paenultima,paenultima,paenultima,paenultima,paenultima,paenultima,paenultima,paenultima,paenultima,paenultima,paenultima,paenultima,paenultima,prima,paenultima,paenultima,paenultima,paenultima,paenultima,paenultima,paenultima,paenultima,paenultima,paenultima,paenultima,paenultima,paenultima,paenultima,paenultima,paenultima,paenultima,paenultima,paenultima,paenultima,paenultima,paenultima
prima,prima,prima,prima,prima,sekunda,prima,prima,prima,prima,prima,prima,prima,prima,prima,prima,prima,prima,prima,prima,sekunda,prima,prima,prima,prima,sekunda,prima,paenultima,prima,prima,prima,prima,prima,paenultima,prima,prima,prima
antepaenultima,prima,prima,prima,prima,prima,prima,prima,prima,prima,prima,prima,prima,ultima,prima,ultima,prima,prima,prima,prima,prima,prima,prima,prima,sekunda,prima,prima,prima,prima,prima,prima,prima,prima,prima,ultima,prima,ultima
sekunda,prima,prima,sekunda,sekunda,prima,sekunda,sekunda,prima,sekunda,prima,prima,prima,antepaenultima,prima,ultima,paenultima,prima,prima,ultima,prima,antepaenultima,sekunda,prima,paenultima,prima,prima,prima,sekunda,prima,paenultima,prima,prima,prima,prima,prima,prima
prima,prima,prima,prima,prima,prima,prima,prima,prima,prima,prima,prima,prima,prima,prima,ultima,prima,prima,prima,prima,prima,prima,prima,prima,prima,prima,prima,prima,prima,prima,prima,prima,prima,prima,prima,prima,prima
ultima,ultima,ultima,ultima,ultima,ultima,ultima,ultima,ultima,ultima,ultima,ultima,ultima,ultima,prima,ultima,ultima,ultima,ultima,ultima,ultima,ultima,ultima,ultima,ultima,ultima,ultima,ultima,ultima,ultima,ultima,ultima,ultima,ultima,ultima,prima,ultima
prima,paenultima,prima,antepaenultima,paenultima,prima,prima,paenultima,sekunda,antepaenultima,prima,prima,prima,prima,prima,prima,prima,prima,prima,ultima,prima,antepaenultima,paenultima,prima,paenultima,sekunda,prima,paenultima,paenultima,prima,paenultima,paenultima,prima,paenultima,prima,prima,prima
prima,prima,prima,prima,ultima,sekunda,sekunda,prima,prima,prima,ultima,ultima,prima,ultima,prima,ultima,prima,prima,prima,paenultima,prima,prima,sekunda,sekunda,sekunda,ultima,ultima,ultima,prima,prima,prima,ultima,prima,prima,prima,prima,prima
ultima,ultima,ultima,ultima,ultima,prima,ultima,ultima,ultima,ultima,ultima,ultima,ultima,prima,prima,ultima,ultima,prima,ultima,paenultima,antepaenultima,ultima,ultima,prima,ultima,ultima,ultima,ultima,ultima,ultima,ultima,ultima,ultima,ultima,ultima,prima,ultima
prima,prima,prima,prima,prima,prima,prima,prima,prima,prima,prima,prima,prima,prima,prima,prima,prima,prima,prima,prima,prima,prima,prima,prima,prima,prima,paenultima,paenultima,prima,paenultima,prima,prima,prima,prima,prima,prima,prima
prima,paenultima,paenultima,prima,paenultima,paenultima,paenultima,paenultima,paenultima,prima,paenultima,paenultima,paenultima,prima,prima,prima,prima,prima,paenultima,paenultima,paenultima,prima,paenultima,paenultima,paenultima,paenultima,paenultima,paenultima,paenultima,paenultima,paenultima,paenultima,paenultima,paenultima,paenultima,paenultima,paenultima
paenultima,paenultima,paenultima,paenultima,paenultima,paenultima,paenultima,paenultima,paenultima,paenultima,paenultima,paenultima,paenultima,paenultima,prima,paenultima,paenultima,paenultima,prima,ultima,prima,paenultima,ultima,prima,ultima,paenultima,paenultima,paenultima,paenultima,paenultima,paenultima,paenultima,paenultima,paenultima,paenultima,paenultima,paenultima
prima,prima,prima,sekunda,prima,prima,prima,prima,prima,sekunda,prima,prima,prima,prima,prima,prima,prima,prima,prima,prima,prima,prima,prima,ultima,ultima,prima,prima,prima,prima,prima,paenultima,prima,prima,prima,prima,prima,prima
prima,prima,prima,prima,paenultima,prima,prima,prima,prima,prima,prima,prima,prima,prima,prima,prima,prima,prima,prima,prima,paenultima,paenultima,prima,prima,paenultima,prima,prima,prima,prima,paenultima,prima,prima,prima,prima,ultima,prima,ultima
prima,prima,prima,sekunda,prima,prima,sekunda,prima,prima,sekunda,prima,prima,prima,prima,prima,paenultima,prima,prima,prima,prima,prima,prima,prima,sekunda,prima,prima,prima,prima,prima,sekunda,sekunda,prima,prima,prima,prima,prima,prima
paenultima,paenultima,paenultima,paenultima,paenultima,paenultima,paenultima,paenultima,paenultima,paenultima,paenultima,prima,prima,ultima,prima,prima,paenultima,prima,prima,paenultima,paenultima,paenultima,ultima,prima,ultima,paenultima,paenultima,paenultima,paenultima,paenultima,paenultima,paenultima,paenultima,paenultima,paenultima,prima,paenultima
prima,prima,prima,prima,prima,sekunda,sekunda,prima,prima,prima,prima,prima,prima,prima,prima,prima,prima,prima,prima,prima,sekunda,prima,prima,prima,prima,prima,sekunda,prima,prima,prima,prima,prima,prima,sekunda,prima,prima,prima
paenultima,paenultima,prima,sekunda,paenultima,prima,paenultima,paenultima,prima,sekunda,paenultima,paenultima,paenultima,prima,prima,paenultima,paenultima,paenultima,prima,paenultima,prima,paenultima,ultima,prima,paenultima,paenultima,paenultima,paenultima,paenultima,paenultima,paenultima,paenultima,paenultima,prima,prima,prima,prima
sekunda,sekunda,sekunda,sekunda,sekunda,prima,prima,sekunda,sekunda,sekunda,prima,prima,prima,sekunda,sekunda,sekunda,sekunda,sekunda,sekunda,prima,prima,prima,sekunda,prima,sekunda,prima,prima,prima,sekunda,ultima,ultima,sekunda,prima,antepaenultima,prima,prima,prima
paenultima,paenultima,paenultima,paenultima,paenultima,paenultima,paenultima,paenultima,paenultima,paenultima,paenultima,prima,paenultima,ultima,prima,ultima,paenultima,prima,paenultima,paenultima,paenultima,paenultima,paenultima,paenultima,paenultima,paenultima,paenultima,paenultima,paenultima,paenultima,paenultima,paenultima,paenultima,paenultima,ultima,prima,ultima
ultima,ultima,ultima,prima,ultima,prima,prima,ultima,ultima,prima,prima,ultima,prima,ultima,prima,ultima,prima,prima,prima,prima,paenultima,paenultima,ultima,prima,ultima,ultima,prima,ultima,ultima,prima,prima,ultima,prima,ultima,ultima,prima,ultima
sekunda,sekunda,prima,sekunda,sekunda,prima,sekunda,sekunda,sekunda,sekunda,prima,prima,paenultima,paenultima,prima,paenultima,sekunda,prima,prima,sekunda,prima,antepaenultima,sekunda,prima,paenultima,sekunda,prima,prima,sekunda,prima,paenultima,sekunda,prima,prima,prima,prima,prima
ultima,prima,prima,prima,ultima,prima,prima,prima,ultima,prima,prima,prima,prima,ultima,prima,ultima,antepaenultima,prima,prima,paenultima,prima,ultima,paenultima,prima,paenultima,prima,prima,prima,ultima,prima,prima,ultima,prima,prima,ultima,ultima,ultima
ultima,prima,prima,prima,prima,prima,paenultima,prima,prima,prima,prima,prima,prima,paenultima,prima,paenultima,prima,prima,prima,prima,prima,ultima,prima,prima,prima,prima,prima,paenultima,prima,prima,prima,prima,prima,prima,prima,prima,prima
prima,prima,paenultima,prima,prima,prima,prima,prima,paenultima,prima,prima,prima,prima,prima,prima,sekunda,prima,prima,prima,prima,prima,prima,prima,prima,prima,prima,paenultima,prima,prima,prima,prima,prima,prima,prima,paenultima,paenultima,paenultima
prima,prima,prima,sekunda,prima,prima,sekunda,sekunda,sekunda,sekunda,prima,prima,prima,prima,prima,prima,prima,prima,prima,prima,prima,prima,sekunda,sekunda,sekunda,prima,sekunda,prima,prima,sekunda,sekunda,prima,prima,prima,prima,prima,prima
ultima,prima,paenultima,paenultima,prima,paenultima,paenultima,paenultima,prima,paenultima,prima,prima,prima,paenultima,prima,paenultima,prima,prima,prima,prima,prima,ultima,ultima,prima,ultima,prima,prima,paenultima,paenultima,prima,paenultima,paenultima,prima,prima,paenultima,paenultima,paenultima
paenultima,paenultima,paenultima,paenultima,paenultima,paenultima,paenultima,paenultima,paenultima,paenultima,paenultima,prima,paenultima,ultima,prima,ultima,paenultima,prima,paenultima,paenultima,paenultima,paenultima,paenultima,paenultima,paenultima,paenultima,paenultima,paenultima,paenultima,paenultima,paenultima,paenultima,paenultima,paenultima,ultima,prima,ultima
antepaenultima,antepaenultima,antepaenultima,antepaenultima,antepaenultima,antepaenultima,antepaenultima,antepaenultima,antepaenultima,antepaenultima,prima,prima,prima,ultima,prima,ultima,antepaenultima,prima,prima,sekunda,antepaenultima,antepaenultima,antepaenultima,antepaenultima,antepaenultima,antepaenultima,antepaenultima,antepaenultima,antepaenultima,antepaenultima,antepaenultima,antepaenultima,prima,antepaenultima,prima,prima,prima
ultima,prima,ultima,ultima,ultima,prima,ultima,prima,ultima,ultima,ultima,ultima,ultima,prima,prima,ultima,ultima,prima,ultima,paenultima,ultima,ultima,ultima,prima,ultima,prima,ultima,ultima,prima,ultima,ultima,prima,ultima,ultima,ultima,prima,ultima
ultima,ultima,paenultima,paenultima,paenultima,paenultima,paenultima,ultima,paenultima,paenultima,prima,prima,prima,paenultima,prima,paenultima,antepaenultima,prima,prima,prima,prima,ultima,ultima,prima,ultima,ultima,paenultima,paenultima,paenultima,prima,paenultima,paenultima,prima,ultima,paenultima,paenultima,paenultima
paenultima,paenultima,paenultima,paenultima,paenultima,paenultima,paenultima,paenultima,paenultima,paenultima,paenultima,prima,paenultima,ultima,prima,ultima,paenultima,prima,paenultima,paenultima,paenultima,paenultima,paenultima,paenultima,paenultima,paenultima,paenultima,paenultima,paenultima,prima,paenultima,paenultima,paenultima,paenultima,ultima,prima,ultima
prima,prima,prima,prima,prima,prima,prima,prima,prima,prima,prima,prima,prima,prima,prima,prima,prima,prima,prima,prima,prima,prima,prima,prima,prima,prima,prima,prima,prima,prima,prima,prima,prima,prima,prima,prima,prima
prima,prima,prima,prima,prima,prima,prima,prima,antepaenultima,prima,prima,prima,prima,prima,prima,prima,prima,prima,prima,prima,prima,antepaenultima,prima,prima,prima,prima,prima,prima,prima,prima,prima,prima,prima,prima,ultima,prima,ultima
paenultima,paenultima,paenultima,paenultima,paenultima,paenultima,paenultima,paenultima,paenultima,paenultima,paenultima,paenultima,paenultima,paenultima,prima,prima,paenultima,paenultima,paenultima,paenultima,paenultima,paenultima,paenultima,paenultima,paenultima,paenultima,paenultima,paenultima,paenultima,paenultima,paenultima,paenultima,paenultima,paenultima,paenultima,paenultima,paenultima
paenultima,paenultima,paenultima,paenultima,paenultima,paenultima,paenultima,paenultima,paenultima,paenultima,paenultima,paenultima,paenultima,paenultima,prima,paenultima,paenultima,prima,paenultima,paenultima,paenultima,paenultima,paenultima,paenultima,paenultima,paenultima,paenultima,paenultima,paenultima,paenultima,paenultima,paenultima,paenultima,paenultima,paenultima,paenultima,paenultima
prima,prima,prima,prima,prima,prima,prima,prima,prima,prima,ultima,ultima,ultima,prima,prima,prima,ultima,ultima,ultima,prima,prima,ultima,prima,prima,prima,prima,ultima,ultima,prima,prima,ultima,prima,ultima,ultima,prima,prima,prima
prima,prima,prima,prima,prima,prima,prima,prima,prima,prima,prima,prima,prima,prima,prima,prima,prima,prima,prima,prima,prima,prima,prima,sekunda,prima,prima,prima,prima,prima,prima,prima,prima,prima,prima,prima,prima,prima
ultima,ultima,ultima,ultima,ultima,ultima,ultima,ultima,ultima,ultima,ultima,ultima,ultima,sekunda,prima,ultima,ultima,ultima,ultima,ultima,ultima,ultima,ultima,ultima,ultima,ultima,ultima,ultima,ultima,ultima,ultima,ultima,ultima,ultima,ultima,prima,ultima
paenultima,paenultima,paenultima,paenultima,paenultima,paenultima,paenultima,paenultima,paenultima,paenultima,paenultima,prima,paenultima,prima,prima,prima,paenultima,prima,paenultima,paenultima,prima,prima,paenultima,paenultima,paenultima,paenultima,paenultima,paenultima,paenultima,paenultima,paenultima,paenultima,paenultima,paenultima,ultima,prima,ultima
prima,prima,prima,prima,prima,sekunda,sekunda,prima,prima,prima,prima,prima,prima,prima,prima,prima,prima,prima,prima,paenultima,sekunda,sekunda,prima,prima,prima,sekunda,paenultima,prima,prima,prima,prima,paenultima,prima,prima,prima,prima,prima
prima,prima,prima,prima,prima,prima,prima,prima,prima,prima,prima,prima,prima,prima,prima,prima,prima,prima,prima,prima,prima,prima,prima,prima,prima,prima,paenultima,paenultima,prima,paenultima,prima,prima,prima,prima,prima,prima,prima
prima,prima,prima,prima,prima,prima,prima,prima,prima,prima,antepaenultima,prima,prima,prima,prima,ultima,antepaenultima,prima,prima,prima,prima,prima,prima,prima,prima,prima,sekunda,sekunda,prima,prima,prima,prima,prima,prima,prima,prima,prima
ultima,ultima,ultima,ultima,ultima,prima,ultima,ultima,ultima,ultima,ultima,ultima,ultima,prima,prima,ultima,ultima,prima,ultima,sekunda,ultima,ultima,ultima,prima,ultima,ultima,ultima,ultima,ultima,ultima,ultima,ultima,ultima,ultima,ultima,prima,ultima
prima,prima,prima,prima,prima,prima,prima,prima,prima,prima,paenultima,paenultima,paenultima,prima,prima,prima,paenultima,paenultima,paenultima,prima,prima,prima,prima,prima,prima,prima,prima,prima,prima,prima,prima,prima,prima,prima,prima,prima,prima
antepaenultima,prima,prima,prima,prima,antepaenultima,antepaenultima,antepaenultima,antepaenultima,prima,prima,prima,prima,prima,prima,ultima,prima,prima,prima,prima,prima,prima,antepaenultima,paenultima,paenultima,prima,prima,prima,prima,prima,prima,antepaenultima,prima,antepaenultima,prima,prima,prima
prima,prima,prima,prima,prima,prima,sekunda,prima,prima,prima,prima,prima,prima,prima,prima,prima,prima,prima,prima,prima,prima,prima,prima,prima,prima,prima,prima,prima,prima,prima,prima,prima,prima,prima,prima,prima,prima
prima,prima,prima,prima,prima,prima,prima,prima,prima,prima,prima,prima,prima,prima,prima,prima,prima,prima,prima,prima,prima,prima,prima,prima,prima,prima,prima,prima,prima,prima,prima,prima,prima,prima,prima,prima,prima
paenultima,prima,prima,prima,prima,sekunda,prima,prima,prima,prima,prima,prima,prima,prima,prima,paenultima,prima,prima,prima,paenultima,antepaenultima,paenultima,prima,prima,prima,prima,prima,prima,prima,prima,prima,prima,prima,prima,prima,prima,prima
paenultima,paenultima,paenultima,paenultima,paenultima,paenultima,paenultima,paenultima,paenultima,paenultima,paenultima,paenultima,paenultima,paenultima,prima,paenultima,paenultima,paenultima,paenultima,paenultima,paenultima,paenultima,paenultima,paenultima,paenultima,paenultima,paenultima,paenultima,paenultima,paenultima,paenultima,paenultima,paenultima,paenultima,paenultima,paenultima,paenultima
paenultima,paenultima,paenultima,paenultima,paenultima,paenultima,paenultima,paenultima,paenultima,paenultima,paenultima,paenultima,paenultima,prima,prima,paenultima,paenultima,paenultima,paenultima,prima,paenultima,paenultima,paenultima,paenultima,paenultima,prima,paenultima,paenultima,paenultima,paenultima,paenultima,paenultima,paenultima,paenultima,paenultima,paenultima,paenultima
prima,prima,prima,prima,prima,prima,prima,prima,prima,prima,prima,prima,prima,prima,prima,ultima,prima,prima,prima,prima,ultima,ultima,prima,prima,prima,prima,prima,prima,prima,prima,prima,prima,prima,prima,prima,prima,prima
ultima,ultima,ultima,ultima,ultima,ultima,ultima,ultima,ultima,ultima,ultima,ultima,ultima,ultima,prima,ultima,ultima,ultima,ultima,ultima,prima,ultima,ultima,ultima,ultima,ultima,ultima,ultima,ultima,ultima,ultima,ultima,ultima,ultima,ultima,prima,ultima
prima,paenultima,prima,prima,prima,prima,prima,prima,prima,prima,prima,prima,prima,prima,prima,prima,antepaenultima,prima,prima,paenultima,prima,paenultima,prima,sekunda,sekunda,paenultima,paenultima,paenultima,paenultima,paenultima,prima,paenultima,paenultima,paenultima,prima,prima,prima
prima,prima,prima,prima,sekunda,prima,prima,prima,prima,prima,prima,prima,prima,prima,prima,prima,prima,prima,prima,prima,prima,antepaenultima,sekunda,prima,sekunda,sekunda,prima,sekunda,sekunda,prima,sekunda,prima,prima,prima,prima,prima,prima
ultima,ultima,prima,ultima,ultima,ultima,ultima,ultima,ultima,ultima,prima,prima,prima,paenultima,prima,paenultima,prima,prima,prima,paenultima,sekunda,prima,ultima,prima,ultima,ultima,ultima,ultima,ultima,prima,prima,ultima,ultima,ultima,paenultima,paenultima,paenultima
paenultima,ultima,prima,prima,paenultima,prima,prima,ultima,ultima,prima,prima,prima,prima,paenultima,prima,paenultima,prima,prima,prima,prima,prima,paenultima,paenultima,prima,paenultima,ultima,prima,ultima,ultima,prima,prima,paenultima,prima,ultima,paenultima,paenultima,paenultima
ultima,ultima,ultima,ultima,ultima,ultima,ultima,ultima,ultima,ultima,ultima,ultima,ultima,ultima,prima,ultima,ultima,ultima,ultima,prima,ultima,ultima,ultima,ultima,ultima,ultima,ultima,ultima,ultima,ultima,ultima,ultima,ultima,ultima,ultima,ultima,ultima
ultima,ultima,ultima,ultima,ultima,ultima,ultima,ultima,ultima,ultima,ultima,ultima,ultima,paenultima,prima,prima,ultima,ultima,ultima,ultima,ultima,ultima,ultima,ultima,ultima,ultima,ultima,ultima,ultima,ultima,ultima,ultima,ultima,ultima,ultima,ultima,ultima
prima,prima,prima,prima,prima,prima,prima,prima,prima,prima,prima,prima,prima,prima,prima,ultima,prima,prima,prima,prima,prima,antepaenultima,prima,prima,prima,prima,prima,prima,prima,prima,prima,prima,prima,prima,prima,prima,prima
prima,prima,prima,prima,prima,prima,prima,prima,prima,prima,prima,prima,prima,prima,prima,prima,prima,prima,prima,prima,prima,prima,prima,prima,prima,prima,prima,antepaenultima,prima,prima,prima,prima,prima,prima,prima,prima,prima
antepaenultima,antepaenultima,antepaenultima,antepaenultima,antepaenultima,antepaenultima,antepaenultima,antepaenultima,antepaenultima,antepaenultima,prima,prima,prima,prima,prima,ultima,prima,prima,prima,prima,antepaenultima,antepaenultima,antepaenultima,antepaenultima,antepaenultima,antepaenultima,antepaenultima,antepaenultima,antepaenultima,antepaenultima,antepaenultima,antepaenultima,prima,antepaenultima,prima,prima,prima
ultima,ultima,ultima,ultima,ultima,ultima,ultima,ultima,ultima,ultima,ultima,ultima,ultima,ultima,prima,ultima,ultima,ultima,ultima,ultima,ultima,ultima,ultima,ultima,ultima,ultima,ultima,ultima,ultima,ultima,ultima,ultima,ultima,ultima,ultima,ultima,ultima
paenultima,paenultima,paenultima,paenultima,paenultima,paenultima,paenultima,paenultima,paenultima,paenultima,paenultima,paenultima,paenultima,paenultima,prima,paenultima,paenultima,paenultima,paenultima,paenultima,paenultima,paenultima,paenultima,paenultima,paenultima,paenultima,paenultima,paenultima,paenultima,paenultima,paenultima,paenultima,paenultima,paenultima,paenultima,paenultima,paenultima
prima,prima,prima,prima,prima,prima,prima,prima,prima,prima,prima,prima,ultima,antepaenultima,prima,ultima,prima,prima,prima,prima,ultima,ultima,prima,prima,prima,prima,ultima,ultima,prima,ultima,ultima,prima,ultima,ultima,prima,prima,prima
ultima,ultima,ultima,ultima,ultima,prima,ultima,ultima,ultima,ultima,ultima,ultima,ultima,ultima,prima,ultima,ultima,prima,ultima,ultima,ultima,ultima,ultima,prima,ultima,ultima,ultima,ultima,ultima,ultima,ultima,ultima,ultima,ultima,ultima,prima,ultima
ultima,prima,prima,prima,prima,prima,prima,prima,prima,prima,ultima,ultima,prima,paenultima,prima,paenultima,ultima,prima,prima,prima,prima,ultima,prima,prima,prima,ultima,prima,ultima,prima,prima,prima,ultima,ultima,ultima,prima,prima,prima
paenultima,paenultima,paenultima,paenultima,paenultima,paenultima,paenultima,paenultima,paenultima,paenultima,paenultima,paenultima,paenultima,paenultima,prima,paenultima,paenultima,paenultima,paenultima,paenultima,paenultima,paenultima,paenultima,paenultima,paenultima,paenultima,paenultima,paenultima,paenultima,paenultima,paenultima,paenultima,paenultima,paenultima,paenultima,paenultima,paenultima
ultima,ultima,ultima,ultima,ultima,prima,ultima,ultima,ultima,ultima,ultima,ultima,ultima,prima,prima,ultima,ultima,prima,ultima,paenultima,ultima,ultima,ultima,prima,ultima,ultima,ultima,ultima,ultima,ultima,ultima,ultima,ultima,ultima,ultima,prima,ultima
ultima,ultima,ultima,ultima,ultima,ultima,ultima,ultima,ultima,ultima,ultima,ultima,ultima,ultima,prima,ultima,ultima,ultima,ultima,ultima,ultima,ultima,ultima,ultima,ultima,ultima,ultima,ultima,ultima,ultima,ultima,ultima,ultima,ultima,ultima,prima,ultima
sekunda,sekunda,sekunda,sekunda,sekunda,sekunda,sekunda,sekunda,sekunda,sekunda,prima,prima,prima,sekunda,sekunda,sekunda,sekunda,sekunda,sekunda,sekunda,prima,prima,sekunda,prima,sekunda,sekunda,sekunda,sekunda,sekunda,prima,sekunda,sekunda,prima,sekunda,prima,prima,prima
paenultima,paenultima,paenultima,antepaenultima,paenultima,paenultima,paenultima,paenultima,paenultima,paenultima,paenultima,paenultima,paenultima,paenultima,prima,paenultima,paenultima,paenultima,paenultima,paenultima,prima,prima,ultima,ultima,ultima,paenultima,paenultima,paenultima,paenultima,prima,paenultima,paenultima,paenultima,paenultima,paenultima,paenultima,paenultima
ultima,ultima,ultima,ultima,ultima,ultima,ultima,ultima,ultima,ultima,ultima,ultima,ultima,paenultima,prima,prima,ultima,ultima,ultima,ultima,ultima,ultima,ultima,ultima,ultima,ultima,ultima,ultima,ultima,ultima,ultima,ultima,ultima,ultima,ultima,ultima,ultima
paenultima,paenultima,paenultima,paenultima,paenultima,paenultima,paenultima,paenultima,paenultima,paenultima,paenultima,prima,paenultima,antepaenultima,prima,ultima,paenultima,prima,paenultima,paenultima,paenultima,paenultima,antepaenultima,paenultima,paenultima,paenultima,paenultima,prima,paenultima,paenultima,paenultima,prima,prima,prima,ultima,prima,ultima
antepaenultima,paenultima,prima,sekunda,paenultima,antepaenultima,prima,paenultima,prima,sekunda,prima,prima,prima,ultima,prima,ultima,prima,prima,prima,paenultima,prima,paenultima,paenultima,paenultima,paenultima,paenultima,paenultima,paenultima,paenultima,paenultima,paenultima,paenultima,paenultima,paenultima,prima,prima,prima
prima,prima,prima,sekunda,prima,prima,prima,prima,prima,sekunda,prima,prima,prima,ultima,prima,ultima,paenultima,prima,prima,prima,paenultima,paenultima,prima,paenultima,paenultima,prima,paenultima,prima,prima,paenultima,paenultima,prima,prima,prima,prima,prima,prima
sekunda,sekunda,sekunda,sekunda,sekunda,prima,prima,sekunda,sekunda,sekunda,prima,prima,prima,sekunda,sekunda,sekunda,sekunda,sekunda,sekunda,prima,prima,prima,sekunda,sekunda,prima,sekunda,sekunda,sekunda,sekunda,sekunda,sekunda,sekunda,prima,sekunda,paenultima,paenultima,paenultima
ultima,ultima,ultima,prima,ultima,prima,prima,ultima,ultima,prima,ultima,ultima,prima,paenultima,prima,paenultima,prima,prima,prima,paenultima,prima,ultima,paenultima,prima,paenultima,ultima,prima,ultima,ultima,prima,prima,ultima,ultima,ultima,paenultima,paenultima,paenultima
paenultima,paenultima,paenultima,paenultima,paenultima,paenultima,paenultima,paenultima,paenultima,paenultima,paenultima,paenultima,paenultima,prima,prima,paenultima,paenultima,paenultima,prima,prima,prima,prima,ultima,ultima,ultima,paenultima,paenultima,prima,paenultima,prima,paenultima,paenultima,paenultima,prima,paenultima,paenultima,paenultima
sekunda,sekunda,sekunda,sekunda,prima,sekunda,prima,sekunda,sekunda,sekunda,prima,prima,prima,sekunda,sekunda,sekunda,sekunda,sekunda,sekunda,antepaenultima,prima,prima,sekunda,sekunda,prima,prima,sekunda,sekunda,sekunda,sekunda,sekunda,prima,prima,prima,prima,prima,prima
paenultima,paenultima,paenultima,paenultima,paenultima,paenultima,paenultima,paenultima,paenultima,paenultima,paenultima,prima,prima,prima,prima,ultima,prima,prima,prima,paenultima,prima,paenultima,paenultima,prima,paenultima,paenultima,paenultima,paenultima,paenultima,paenultima,paenultima,paenultima,paenultima,paenultima,ultima,prima,ultima
prima,prima,prima,prima,prima,prima,prima,prima,prima,prima,prima,prima,prima,prima,prima,prima,prima,prima,prima,paenultima,paenultima,paenultima,prima,prima,prima,prima,prima,prima,prima,prima,prima,prima,prima,prima,prima,prima,prima
paenultima,paenultima,paenultima,paenultima,paenultima,paenultima,paenultima,paenultima,paenultima,paenultima,paenultima,paenultima,paenultima,prima,prima,prima,paenultima,paenultima,paenultima,paenultima,prima,prima,ultima,paenultima,paenultima,paenultima,paenultima,paenultima,paenultima,prima,paenultima,paenultima,paenultima,paenultima,paenultima,paenultima,paenultima
prima,paenultima,paenultima,prima,paenultima,paenultima,paenultima,paenultima,paenultima,prima,paenultima,paenultima,paenultima,prima,prima,prima,prima,prima,paenultima,paenultima,paenultima,paenultima,paenultima,paenultima,paenultima,paenultima,paenultima,paenultima,paenultima,paenultima,paenultima,paenultima,paenultima,paenultima,paenultima,paenultima,paenultima
sekunda,prima,prima,sekunda,sekunda,sekunda,paenultima,prima,prima,sekunda,paenultima,paenultima,paenultima,prima,prima,sekunda,paenultima,paenultima,prima,sekunda,paenultima,paenultima,ultima,prima,ultima,prima,paenultima,paenultima,prima,paenultima,paenultima,paenultima,prima,sekunda,prima,prima,prima
prima,prima,prima,prima,sekunda,sekunda,sekunda,prima,prima,prima,prima,prima,prima,prima,prima,prima,prima,prima,prima,sekunda,prima,sekunda,prima,sekunda,prima,prima,prima,prima,prima,prima,prima,prima,prima,prima,prima,prima,prima
ultima,ultima,ultima,ultima,ultima,ultima,ultima,ultima,ultima,ultima,ultima,ultima,ultima,ultima,prima,ultima,ultima,ultima,ultima,ultima,ultima,ultima,ultima,ultima,ultima,ultima,ultima,ultima,ultima,ultima,ultima,ultima,ultima,ultima,ultima,prima,ultima
prima,prima,prima,prima,prima,sekunda,prima,prima,prima,prima,prima,prima,prima,prima,prima,prima,prima,prima,prima,paenultima,prima,paenultima,prima,prima,prima,prima,paenultima,paenultima,prima,sekunda,prima,prima,prima,prima,prima,prima,prima
ultima,ultima,ultima,ultima,ultima,prima,ultima,ultima,ultima,ultima,ultima,ultima,ultima,ultima,prima,prima,ultima,prima,ultima,paenultima,ultima,ultima,ultima,prima,paenultima,ultima,ultima,ultima,ultima,ultima,ultima,ultima,ultima,ultima,ultima,prima,ultima
prima,prima,prima,prima,prima,prima,prima,prima,prima,prima,prima,prima,prima,prima,prima,prima,prima,prima,prima,prima,prima,prima,prima,prima,prima,prima,prima,prima,prima,prima,prima,prima,prima,prima,prima,prima,prima
ultima,prima,prima,antepaenultima,prima,prima,prima,paenultima,prima,antepaenultima,prima,prima,prima,paenultima,prima,paenultima,prima,prima,prima,prima,prima,prima,ultima,prima,paenultima,paenultima,prima,paenultima,paenultima,paenultima,paenultima,ultima,prima,paenultima,prima,prima,prima
prima,prima,prima,sekunda,prima,antepaenultima,prima,prima,prima,sekunda,prima,prima,prima,prima,prima,prima,prima,prima,prima,prima,ultima,ultima,paenultima,paenultima,paenultima,sekunda,prima,paenultima,paenultima,prima,paenultima,paenultima,prima,paenultima,prima,prima,prima
paenultima,paenultima,paenultima,paenultima,paenultima,paenultima,paenultima,paenultima,paenultima,paenultima,paenultima,paenultima,paenultima,paenultima,prima,paenultima,paenultima,paenultima,paenultima,prima,paenultima,paenultima,paenultima,paenultima,paenultima,paenultima,paenultima,paenultima,paenultima,paenultima,paenultima,paenultima,paenultima,paenultima,paenultima,paenultima,paenultima
sekunda,sekunda,prima,sekunda,prima,prima,prima,sekunda,sekunda,sekunda,prima,prima,prima,prima,prima,prima,sekunda,prima,prima,paenultima,prima,prima,sekunda,sekunda,sekunda,prima,prima,prima,prima,prima,sekunda,prima,prima,prima,prima,prima,prima
prima,prima,prima,prima,prima,prima,prima,prima,prima,prima,prima,prima,prima,prima,prima,prima,prima,prima,prima,prima,ultima,ultima,prima,prima,prima,prima,ultima,ultima,prima,paenultima,ultima,prima,ultima,ultima,prima,prima,prima
prima,prima,prima,prima,sekunda,prima,prima,prima,prima,prima,prima,prima,prima,sekunda,prima,ultima,prima,prima,prima,sekunda,prima,antepaenultima,paenultima,prima,prima,paenultima,prima,paenultima,paenultima,prima,prima,prima,prima,prima,prima,prima,prima
sekunda,sekunda,sekunda,sekunda,prima,sekunda,prima,sekunda,sekunda,sekunda,antepaenultima,prima,prima,sekunda,sekunda,sekunda,sekunda,sekunda,sekunda,sekunda,sekunda,ultima,sekunda,prima,sekunda,prima,sekunda,prima,prima,prima,sekunda,prima,prima,prima,prima,prima,prima
paenultima,paenultima,paenultima,paenultima,paenultima,paenultima,paenultima,paenultima,paenultima,paenultima,paenultima,prima,prima,ultima,prima,ultima,paenultima,prima,prima,paenultima,prima,prima,ultima,prima,ultima,paenultima,paenultima,paenultima,paenultima,paenultima,paenultima,paenultima,paenultima,paenultima,ultima,prima,ultima
paenultima,paenultima,paenultima,paenultima,paenultima,paenultima,paenultima,paenultima,paenultima,paenultima,prima,prima,prima,ultima,prima,ultima,antepaenultima,prima,prima,paenultima,paenultima,paenultima,paenultima,paenultima,paenultima,paenultima,paenultima,paenultima,paenultima,paenultima,paenultima,paenultima,prima,paenultima,ultima,ultima,ultima
prima,prima,prima,prima,prima,prima,sekunda,prima,prima,prima,prima,prima,prima,prima,prima,prima,prima,prima,prima,prima,prima,prima,prima,sekunda,prima,prima,prima,prima,prima,prima,sekunda,prima,prima,prima,prima,prima,prima
ultima,prima,prima,prima,ultima,prima,prima,ultima,prima,prima,prima,prima,prima,prima,prima,prima,prima,prima,prima,ultima,ultima,ultima,ultima,prima,paenultima,ultima,ultima,ultima,ultima,ultima,ultima,ultima,ultima,ultima,prima,prima,prima
prima,ultima,prima,prima,prima,prima,prima,prima,prima,prima,prima,prima,prima,paenultima,prima,prima,ultima,prima,prima,ultima,prima,prima,paenultima,prima,paenultima,ultima,prima,prima,ultima,ultima,ultima,ultima,prima,ultima,prima,prima,prima
prima,prima,prima,prima,antepaenultima,prima,prima,sekunda,prima,prima,prima,prima,prima,ultima,prima,ultima,prima,prima,prima,antepaenultima,prima,antepaenultima,sekunda,sekunda,prima,prima,prima,prima,sekunda,prima,sekunda,antepaenultima,prima,prima,prima,prima,prima
antepaenultima,antepaenultima,prima,antepaenultima,ultima,prima,paenultima,paenultima,paenultima,paenultima,antepaenultima,prima,prima,ultima,prima,ultima,antepaenultima,prima,prima,paenultima,sekunda,prima,ultima,prima,ultima,paenultima,prima,paenultima,paenultima,prima,paenultima,ultima,prima,paenultima,ultima,ultima,ultima
prima,paenultima,prima,paenultima,paenultima,prima,paenultima,paenultima,prima,paenultima,prima,prima,prima,prima,prima,paenultima,prima,prima,prima,prima,paenultima,antepaenultima,paenultima,paenultima,paenultima,paenultima,prima,paenultima,paenultima,prima,paenultima,paenultima,prima,ultima,ultima,prima,ultima
prima,prima,prima,prima,prima,prima,prima,prima,prima,prima,ultima,ultima,prima,prima,prima,paenultima,prima,prima,prima,prima,prima,ultima,ultima,prima,ultima,prima,prima,ultima,prima,prima,prima,prima,prima,ultima,prima,prima,prima
antepaenultima,antepaenultima,prima,antepaenultima,antepaenultima,antepaenultima,antepaenultima,antepaenultima,antepaenultima,antepaenultima,prima,prima,prima,paenultima,prima,prima,paenultima,prima,prima,prima,prima,antepaenultima,paenultima,prima,paenultima,paenultima,paenultima,antepaenultima,paenultima,prima,paenultima,antepaenultima,prima,antepaenultima,prima,prima,prima
sekunda,sekunda,sekunda,sekunda,prima,sekunda,prima,sekunda,sekunda,sekunda,prima,prima,prima,sekunda,sekunda,sekunda,sekunda,sekunda,sekunda,prima,prima,prima,sekunda,sekunda,prima,sekunda,sekunda,ultima,sekunda,sekunda,prima,prima,prima,prima,prima,prima,prima
antepaenultima,prima,paenultima,prima,paenultima,prima,prima,prima,paenultima,prima,paenultima,prima,paenultima,prima,prima,sekunda,prima,prima,prima,paenultima,prima,sekunda,prima,prima,prima,prima,prima,prima,prima,prima,prima,prima,prima,prima,ultima,prima,paenultima
prima,prima,prima,sekunda,prima,prima,sekunda,sekunda,sekunda,sekunda,prima,prima,prima,ultima,prima,ultima,sekunda,prima,prima,prima,prima,prima,prima,sekunda,prima,sekunda,sekunda,prima,prima,sekunda,prima,prima,prima,prima,prima,prima,prima
prima,prima,prima,prima,prima,sekunda,prima,prima,prima,prima,prima,prima,prima,sekunda,prima,ultima,sekunda,prima,prima,prima,prima,prima,prima,prima,prima,prima,sekunda,prima,prima,prima,prima,prima,prima,sekunda,prima,prima,prima
paenultima,paenultima,paenultima,paenultima,paenultima,paenultima,paenultima,paenultima,paenultima,paenultima,paenultima,paenultima,paenultima,paenultima,prima,paenultima,paenultima,paenultima,paenultima,paenultima,paenultima,paenultima,paenultima,paenultima,paenultima,paenultima,paenultima,paenultima,paenultima,paenultima,paenultima,paenultima,paenultima,paenultima,paenultima,paenultima,paenultima
paenultima,paenultima,paenultima,paenultima,paenultima,paenultima,paenultima,paenultima,paenultima,paenultima,paenultima,paenultima,paenultima,paenultima,prima,paenultima,paenultima,paenultima,paenultima,paenultima,paenultima,paenultima,paenultima,paenultima,paenultima,paenultima,paenultima,paenultima,paenultima,paenultima,paenultima,paenultima,paenultima,paenultima,paenultima,paenultima,paenultima
ultima,ultima,ultima,ultima,ultima,ultima,ultima,ultima,ultima,ultima,ultima,ultima,ultima,ultima,prima,ultima,ultima,ultima,ultima,prima,ultima,ultima,prima,prima,prima,ultima,ultima,ultima,ultima,ultima,ultima,ultima,ultima,ultima,ultima,ultima,ultima
prima,prima,prima,prima,ultima,prima,prima,ultima,prima,prima,prima,prima,ultima,prima,prima,prima,prima,prima,prima,prima,prima,ultima,ultima,prima,ultima,ultima,ultima,ultima,ultima,ultima,ultima,ultima,ultima,ultima,prima,prima,prima
paenultima,paenultima,paenultima,paenultima,paenultima,paenultima,paenultima,paenultima,paenultima,paenultima,paenultima,paenultima,paenultima,paenultima,prima,paenultima,paenultima,paenultima,paenultima,paenultima,paenultima,paenultima,paenultima,paenultima,paenultima,paenultima,paenultima,paenultima,paenultima,paenultima,paenultima,paenultima,paenultima,paenultima,paenultima,paenultima,paenultima
prima,prima,prima,prima,prima,prima,prima,prima,prima,prima,prima,prima,prima,prima,prima,prima,prima,prima,prima,prima,prima,prima,prima,prima,prima,prima,prima,paenultima,prima,prima,prima,prima,prima,paenultima,prima,prima,prima
ultima,ultima,ultima,ultima,ultima,ultima,ultima,ultima,ultima,ultima,ultima,ultima,ultima,ultima,prima,ultima,ultima,ultima,ultima,ultima,ultima,ultima,ultima,ultima,ultima,ultima,ultima,ultima,ultima,ultima,ultima,ultima,ultima,ultima,ultima,ultima,ultima
ultima,ultima,ultima,ultima,ultima,ultima,ultima,ultima,ultima,ultima,ultima,ultima,ultima,prima,prima,prima,ultima,ultima,ultima,prima,ultima,ultima,ultima,ultima,ultima,ultima,ultima,ultima,ultima,ultima,ultima,ultima,ultima,ultima,ultima,ultima,ultima
paenultima,prima,prima,prima,paenultima,prima,paenultima,paenultima,prima,prima,prima,prima,prima,prima,prima,prima,antepaenultima,prima,prima,paenultima,sekunda,paenultima,paenultima,prima,paenultima,paenultima,prima,prima,paenultima,paenultima,prima,paenultima,prima,prima,prima,prima,prima
prima,prima,prima,prima,prima,prima,prima,prima,prima,prima,prima,prima,prima,prima,prima,prima,prima,prima,prima,prima,prima,prima,prima,sekunda,prima,prima,prima,prima,prima,prima,prima,prima,prima,prima,prima,prima,prima
sekunda,sekunda,prima,sekunda,sekunda,sekunda,sekunda,sekunda,sekunda,sekunda,prima,prima,prima,sekunda,sekunda,sekunda,sekunda,sekunda,sekunda,sekunda,antepaenultima,antepaenultima,sekunda,sekunda,prima,sekunda,sekunda,sekunda,sekunda,sekunda,prima,sekunda,prima,paenultima,prima,prima,prima
prima,prima,prima,prima,sekunda,prima,prima,prima,antepaenultima,prima,prima,prima,prima,prima,prima,prima,prima,prima,prima,sekunda,ultima,ultima,prima,prima,prima,prima,prima,antepaenultima,prima,prima,prima,prima,prima,prima,prima,prima,prima
prima,prima,prima,prima,sekunda,prima,sekunda,prima,prima,prima,prima,prima,prima,prima,prima,prima,sekunda,prima,prima,prima,prima,prima,prima,prima,prima,prima,sekunda,prima,prima,prima,prima,prima,prima,prima,prima,prima,prima
prima,prima,paenultima,prima,prima,paenultima,paenultima,prima,prima,prima,prima,prima,prima,prima,prima,prima,prima,prima,prima,prima,prima,prima,prima,prima,prima,prima,prima,prima,prima,prima,prima,prima,prima,prima,paenultima,prima,paenultima
paenultima,paenultima,paenultima,paenultima,paenultima,paenultima,paenultima,paenultima,paenultima,paenultima,paenultima,paenultima,paenultima,paenultima,prima,paenultima,paenultima,paenultima,paenultima,prima,paenultima,paenultima,paenultima,paenultima,paenultima,paenultima,paenultima,paenultima,paenultima,paenultima,paenultima,paenultima,paenultima,paenultima,paenultima,paenultima,paenultima
sekunda,sekunda,paenultima,sekunda,sekunda,prima,prima,sekunda,prima,sekunda,prima,prima,prima,paenultima,prima,paenultima,sekunda,prima,prima,prima,prima,antepaenultima,prima,prima,sekunda,sekunda,sekunda,sekunda,sekunda,prima,sekunda,sekunda,prima,prima,paenultima,paenultima,paenultima
antepaenultima,antepaenultima,antepaenultima,antepaenultima,antepaenultima,antepaenultima,antepaenultima,antepaenultima,antepaenultima,antepaenultima,prima,prima,prima,ultima,prima,ultima,prima,prima,prima,prima,antepaenultima,antepaenultima,antepaenultima,antepaenultima,antepaenultima,antepaenultima,antepaenultima,antepaenultima,antepaenultima,antepaenultima,antepaenultima,antepaenultima,prima,antepaenultima,prima,prima,prima
paenultima,paenultima,paenultima,paenultima,paenultima,paenultima,paenultima,paenultima,paenultima,paenultima,prima,prima,prima,ultima,prima,ultima,antepaenultima,prima,prima,paenultima,paenultima,paenultima,paenultima,paenultima,paenultima,paenultima,paenultima,paenultima,paenultima,paenultima,paenultima,paenultima,prima,paenultima,ultima,prima,ultima
prima,prima,prima,prima,prima,prima,prima,prima,prima,prima,prima,prima,prima,prima,prima,prima,prima,prima,prima,prima,prima,prima,prima,prima,prima,prima,prima,prima,prima,prima,prima,prima,prima,prima,prima,prima,prima
prima,prima,prima,prima,prima,prima,prima,prima,prima,prima,prima,prima,prima,prima,prima,prima,antepaenultima,prima,prima,prima,prima,paenultima,prima,prima,prima,prima,prima,paenultima,prima,prima,prima,prima,prima,prima,prima,prima,prima
ultima,ultima,ultima,ultima,ultima,ultima,ultima,ultima,ultima,ultima,ultima,ultima,ultima,sekunda,prima,ultima,ultima,ultima,ultima,ultima,ultima,ultima,ultima,ultima,ultima,ultima,ultima,ultima,ultima,ultima,ultima,ultima,ultima,ultima,ultima,prima,ultima
antepaenultima,prima,prima,prima,antepaenultima,antepaenultima,prima,antepaenultima,antepaenultima,prima,prima,prima,prima,prima,prima,ultima,prima,prima,prima,paenultima,prima,prima,ultima,paenultima,paenultima,antepaenultima,prima,prima,antepaenultima,prima,prima,antepaenultima,prima,antepaenultima,ultima,prima,ultima
ultima,ultima,ultima,ultima,ultima,ultima,ultima,ultima,ultima,ultima,ultima,ultima,ultima,paenultima,prima,sekunda,ultima,ultima,ultima,ultima,ultima,ultima,ultima,ultima,ultima,ultima,ultima,ultima,ultima,ultima,ultima,ultima,ultima,ultima,ultima,ultima,ultima
prima,prima,prima,prima,prima,prima,prima,prima,prima,prima,prima,prima,prima,prima,prima,ultima,prima,prima,prima,prima,prima,prima,prima,prima,prima,prima,prima,prima,prima,prima,prima,prima,prima,ultima,prima,prima,prima
paenultima,paenultima,prima,antepaenultima,ultima,prima,paenultima,paenultima,prima,paenultima,prima,prima,prima,prima,prima,prima,prima,prima,prima,ultima,prima,prima,paenultima,paenultima,paenultima,paenultima,prima,paenultima,paenultima,prima,paenultima,paenultima,prima,paenultima,ultima,prima,ultima
prima,prima,prima,prima,sekunda,prima,prima,prima,prima,prima,prima,prima,prima,prima,prima,prima,prima,prima,prima,antepaenultima,antepaenultima,antepaenultima,sekunda,sekunda,sekunda,sekunda,prima,sekunda,sekunda,prima,prima,prima,prima,paenultima,prima,prima,prima
ultima,ultima,ultima,ultima,ultima,prima,ultima,ultima,ultima,ultima,ultima,ultima,ultima,ultima,prima,ultima,ultima,prima,ultima,ultima,ultima,ultima,ultima,prima,ultima,ultima,ultima,ultima,ultima,ultima,ultima,ultima,ultima,ultima,ultima,prima,ultima
sekunda,prima,prima,sekunda,sekunda,prima,prima,sekunda,sekunda,sekunda,prima,prima,prima,prima,prima,paenultima,prima,prima,prima,sekunda,prima,prima,sekunda,prima,paenultima,prima,prima,prima,sekunda,prima,paenultima,sekunda,prima,prima,prima,prima,prima
paenultima,paenultima,prima,paenultima,paenultima,prima,paenultima,paenultima,paenultima,paenultima,prima,prima,prima,ultima,prima,ultima,prima,prima,prima,ultima,antepaenultima,antepaenultima,paenultima,paenultima,paenultima,paenultima,prima,paenultima,paenultima,prima,paenultima,paenultima,prima,paenultima,ultima,prima,ultima
ultima,ultima,ultima,ultima,ultima,ultima,ultima,ultima,ultima,ultima,ultima,ultima,ultima,ultima,prima,ultima,ultima,ultima,ultima,ultima,ultima,ultima,ultima,ultima,ultima,ultima,ultima,ultima,ultima,ultima,ultima,ultima,ultima,ultima,ultima,ultima,ultima
prima,prima,paenultima,prima,prima,prima,prima,prima,paenultima,prima,prima,prima,prima,prima,prima,paenultima,prima,prima,prima,prima,sekunda,prima,prima,prima,prima,prima,prima,prima,prima,prima,prima,prima,prima,prima,prima,prima,prima
ultima,ultima,ultima,prima,ultima,prima,prima,ultima,ultima,prima,ultima,ultima,prima,paenultima,prima,paenultima,ultima,prima,prima,prima,prima,ultima,ultima,prima,ultima,ultima,prima,ultima,ultima,prima,prima,ultima,ultima,ultima,paenultima,paenultima,paenultima
prima,prima,prima,sekunda,prima,prima,sekunda,prima,sekunda,sekunda,prima,prima,prima,prima,prima,prima,prima,prima,prima,sekunda,sekunda,antepaenultima,prima,prima,paenultima,prima,prima,prima,prima,prima,paenultima,prima,prima,prima,prima,prima,prima
prima,prima,prima,sekunda,prima,prima,prima,prima,prima,sekunda,prima,prima,prima,prima,prima,prima,prima,prima,prima,prima,prima,antepaenultima,prima,prima,paenultima,prima,prima,prima,prima,prima,paenultima,prima,prima,prima,prima,prima,prima
prima,prima,prima,sekunda,prima,prima,prima,prima,sekunda,sekunda,prima,prima,prima,prima,prima,prima,prima,prima,prima,prima,prima,prima,sekunda,sekunda,sekunda,prima,prima,prima,prima,prima,sekunda,prima,prima,prima,prima,prima,prima
ultima,prima,ultima,prima,prima,prima,prima,prima,ultima,prima,prima,prima,prima,prima,prima,prima,prima,prima,prima,prima,prima,antepaenultima,prima,prima,prima,prima,prima,prima,prima,prima,prima,prima,prima,prima,ultima,prima,ultima
paenultima,paenultima,paenultima,paenultima,paenultima,paenultima,paenultima,paenultima,paenultima,paenultima,paenultima,paenultima,paenultima,paenultima,prima,paenultima,paenultima,paenultima,paenultima,paenultima,paenultima,paenultima,paenultima,paenultima,paenultima,paenultima,paenultima,paenultima,paenultima,paenultima,paenultima,paenultima,paenultima,paenultima,paenultima,paenultima,paenultima
paenultima,paenultima,paenultima,paenultima,paenultima,paenultima,paenultima,paenultima,paenultima,paenultima,paenultima,paenultima,paenultima,paenultima,prima,paenultima,paenultima,paenultima,prima,paenultima,paenultima,paenultima,ultima,prima,ultima,paenultima,paenultima,paenultima,paenultima,paenultima,paenultima,paenultima,paenultima,paenultima,paenultima,paenultima,paenultima
sekunda,sekunda,prima,prima,prima,sekunda,prima,sekunda,sekunda,prima,prima,prima,prima,ultima,prima,ultima,sekunda,prima,prima,prima,sekunda,prima,prima,sekunda,prima,sekunda,sekunda,sekunda,sekunda,sekunda,sekunda,sekunda,prima,prima,prima,prima,prima
sekunda,sekunda,prima,sekunda,sekunda,sekunda,sekunda,sekunda,prima,sekunda,antepaenultima,prima,prima,prima,prima,prima,prima,prima,prima,sekunda,prima,prima,sekunda,sekunda,prima,sekunda,prima,sekunda,prima,prima,sekunda,sekunda,prima,prima,prima,prima,prima
ultima,ultima,ultima,ultima,ultima,ultima,ultima,ultima,ultima,ultima,ultima,ultima,ultima,ultima,prima,ultima,ultima,ultima,ultima,ultima,ultima,ultima,ultima,ultima,ultima,ultima,ultima,ultima,ultima,ultima,ultima,ultima,ultima,ultima,ultima,ultima,ultima
paenultima,paenultima,paenultima,paenultima,paenultima,paenultima,paenultima,paenultima,paenultima,paenultima,paenultima,paenultima,paenultima,paenultima,prima,prima,paenultima,paenultima,paenultima,paenultima,paenultima,paenultima,paenultima,paenultima,paenultima,paenultima,paenultima,paenultima,paenultima,paenultima,paenultima,paenultima,paenultima,paenultima,paenultima,paenultima,paenultima
ultima,ultima,ultima,ultima,ultima,ultima,ultima,ultima,ultima,ultima,ultima,ultima,ultima,ultima,prima,ultima,ultima,ultima,ultima,ultima,ultima,ultima,ultima,ultima,ultima,ultima,ultima,ultima,ultima,ultima,ultima,ultima,ultima,ultima,ultima,ultima,ultima
prima,prima,prima,prima,prima,prima,paenultima,prima,prima,prima,prima,prima,prima,prima,prima,prima,prima,prima,prima,prima,prima,prima,prima,prima,prima,prima,ultima,ultima,prima,prima,prima,prima,ultima,prima,prima,prima,prima
prima,prima,prima,prima,sekunda,prima,sekunda,prima,prima,prima,prima,prima,prima,prima,prima,prima,prima,prima,prima,ultima,ultima,ultima,sekunda,sekunda,sekunda,prima,prima,prima,prima,prima,sekunda,prima,prima,prima,prima,prima,prima
antepaenultima,sekunda,sekunda,sekunda,prima,prima,prima,sekunda,sekunda,sekunda,prima,prima,prima,sekunda,sekunda,sekunda,sekunda,sekunda,prima,paenultima,paenultima,paenultima,prima,sekunda,sekunda,prima,prima,prima,prima,sekunda,sekunda,prima,prima,paenultima,paenultima,prima,paenultima
sekunda,prima,paenultima,sekunda,prima,paenultima,paenultima,prima,prima,sekunda,prima,prima,prima,sekunda,prima,sekunda,prima,prima,prima,prima,prima,prima,prima,sekunda,sekunda,prima,prima,prima,prima,paenultima,sekunda,prima,prima,prima,paenultima,paenultima,paenultima
prima,paenultima,paenultima,prima,paenultima,prima,prima,paenultima,paenultima,prima,paenultima,paenultima,paenultima,prima,prima,prima,paenultima,prima,paenultima,paenultima,prima,sekunda,paenultima,prima,paenultima,paenultima,paenultima,paenultima,paenultima,prima,paenultima,paenultima,prima,paenultima,paenultima,paenultima,paenultima
ultima,ultima,ultima,ultima,ultima,ultima,ultima,ultima,ultima,ultima,ultima,ultima,ultima,ultima,prima,ultima,ultima,ultima,ultima,ultima,ultima,ultima,ultima,ultima,ultima,ultima,ultima,ultima,ultima,ultima,ultima,ultima,ultima,ultima,ultima,ultima,ultima
