syl_suffix,signi_suffix,suffix1,suffix2,suffix3,suffix4,suffix5,suffix_phoncat1,suffix_phoncat2,suffix_phoncat3,suffix_phoncat4,suffix_phoncat5,syl_praefix,signi_praefix,praefix1,praefix2,praefix3,praefix4,praefix5,praefix_phoncat1,praefix_phoncat2,praefix_phoncat3,praefix_phoncat4,praefix_phoncat5,sonority0,sonority1,sonority2,sonority3,sonority4,sonority5,sonority6,sonority_ratio0,sonority_ratio1,sonority_ratio2,sonority_ratio3,sonority_ratio4,sonority_ratio5,sonority_ratio6,sonority_dir,syl_weight0,syl_weight1,syl_weight2,syl_weight3,syl_weight4,syl_weight5,syl_weight6,syl_open0,syl_open1,syl_open2,syl_open3,syl_open4,syl_open5,syl_open6,syl_phoncat0,syl_phoncat1,syl_phoncat2,syl_phoncat3,syl_phoncat4,syl_phoncat5,syl_phoncat6,onset_phoncat0,onset_phoncat1,onset_phoncat2,onset_phoncat3,onset_phoncat4,onset_phoncat5,onset_phoncat6,koda_phoncat0,koda_phoncat1,koda_phoncat2,koda_phoncat3,koda_phoncat4,koda_phoncat5,koda_phoncat6,nucleus_phoncat0,nucleus_phoncat1,nucleus_phoncat2,nucleus_phoncat3,nucleus_phoncat4,nucleus_phoncat5,nucleus_phoncat6,syl_len0,syl_len1,syl_len2,syl_len3,syl_len4,syl_len5,syl_len6,koda_len0,koda_len1,koda_len2,koda_len3,koda_len4,koda_len5,koda_len6,onset_len0,onset_len1,onset_len2,onset_len3,onset_len4,onset_len5,onset_len6,nucleus_len0,nucleus_len1,nucleus_len2,nucleus_len3,nucleus_len4,nucleus_len5,nucleus_len6,syl_cv0,syl_cv1,syl_cv2,syl_cv3,syl_cv4,syl_cv5,syl_cv6,cv_ratio0,cv_ratio1,cv_ratio2,cv_ratio3,cv_ratio4,cv_ratio5,cv_ratio6,pos,comp_struct,nomen,comp_len,Word,stress_class
nis,nis,s,is,nis,tnis,ltnis,C,KC,CKC,CCKC,CCCKC,Ab,ø,A,Ab,Abh,Abha,Abhae,K,KC,KCC,KCCK,KCCKC,7,7,12,12,11,12,12,3,3,4,4,3,3,4,0,light,light,light,light,light,heavy,light,c,c,c,c,c,c,c,KC,CK,CKC,CDA,CKC,CKCC,CKC,,C,C,C,C,C,C,C,,C,A,C,CC,C,K,K,K,D,K,K,K,2,3,3,5,3,4,3,1,1,1,1,1,2,1,0,1,1,1,1,1,1,1,1,1,2,1,1,1,VC,CVC,CVC,CVVC,CVC,CVCC,CVC,1,2,2,1,2,3,2,N,NN,T,2,Abhaengigkeitsverhaeltnis,prima
keit,keit,t,it,eit,keit,gkeit,C,DC,CDC,CCDC,KCCDC,Ab,ø,A,Ab,Abs,Abst,Abstr,K,KC,KCC,KCCC,KCCCC,7,13,9,10,7,9,12,3,2,4,3,3,4,4,0,light,light,light,heavy,light,light,light,c,c,o,c,o,c,c,KC,CCCKC,AL,LCC,CL,KC,CDC,,CCC,A,,C,,C,C,C,,CC,,C,C,K,K,L,L,L,K,D,2,5,2,3,2,3,4,1,1,0,2,0,1,1,0,3,1,0,1,0,1,1,1,2,2,2,1,2,VC,CCCVC,CVV,VVCC,CVV,VC,CVVC,1,4,0,1,0,1,1,N,NN,T,2,Abstraktionsfaehigkeit,undef
mung,ø,g,ng,ung,mung,mmung,C,KC,CKC,KCKC,CKCKC,Ad,ø,A,Ad,Adv,Adve,Adver,K,KC,KCC,KCCK,KCCKC,7,11,9,14,7,10,14,3,3,4,7,3,3,4,0,light,light,light,light,schwa,light,light,c,c,o,c,o,c,c,KC,CKC,CL,LC,CK,CCK,CKC,,C,C,,C,CC,C,C,C,,C,,,C,K,K,L,L,K,K,K,2,3,2,2,2,4,4,1,1,0,1,0,1,1,0,1,1,0,1,2,1,1,1,2,2,1,1,1,VC,CVC,CVV,VVC,CV,CCVC,CVC,1,2,0,0,1,3,2,N,AN,T,2,Adverbialbestimmung,undef
lung,ø,g,ng,ung,lung,mlung,C,KC,CKC,CCKC,KCCKC,Ak,ø,A,Ak,Akt,Akti,Aktio,K,KC,KCA,KCAL,KCALL,7,9,6,14,11,7,18,3,4,6,3,3,3,4,1,light,light,light,heavy,light,light,light,c,o,o,c,c,c,c,KC,AL,L,CLCC,CKC,CK,CCKC,,A,,C,C,C,CC,C,,,CC,C,,C,K,L,L,L,K,K,K,2,2,1,4,3,4,4,1,0,0,2,1,1,1,0,1,0,1,1,1,2,1,2,2,2,1,1,1,VC,CVV,VV,CVVCC,CVC,CVC,CCVC,1,0,0,1,2,2,3,N,NV,T,2,Aktionaersversammlung,undef
gung,ø,g,ng,ung,gung,egung,C,KC,CKC,LCKC,CLCKC,Ak,ø,A,Ak,Akt,Akti,Aktiv,K,KC,KCC,KCCL,KCCLC,7,9,10,10,7,7,12,3,4,3,3,3,3,4,0,light,light,light,schwa,schwa,light,light,c,o,c,c,o,o,c,KC,CL,CKC,CKC,CK,CL,CKC,,C,C,C,C,C,C,C,,C,C,,,C,K,L,K,K,K,L,K,2,2,2,4,2,2,4,1,0,1,1,0,0,1,0,1,1,1,1,1,1,1,2,1,1,1,2,1,VC,CVV,CVC,CVC,CV,CVV,CVC,1,0,2,2,1,0,2,N,NN,T,2,Aktivistenbewegung,undef
fat,ø,t,at,fat,lfat,ulfat,C,LC,CLC,CCLC,KCCLC,A,ø,A,Al,Alu,Alum,Alumi,K,KC,KCL,KCLC,KCLCL,6,12,11,11,11,13,12,6,6,5,5,5,4,4,0,light,light,light,light,light,light,light,c,o,o,o,c,c,c,K,CL,CL,CL,KC,CKC,CLC,,C,C,C,,C,C,,,,,C,C,C,K,L,L,L,K,K,L,1,2,2,2,2,3,3,1,0,0,0,1,1,1,0,1,1,1,0,1,1,1,2,2,2,1,1,2,VC,CVV,CVV,CVV,VC,CVC,CVVC,1,0,0,0,1,2,1,N,NN,T,2,Aluminiumsulfat,undef
ten,ø,n,en,ten,aten,raten,C,KC,CKC,LCKC,CLCKC,an,an,a,an,ane,anei,anein,K,KC,KCD,KCDC,KCDCK,9,13,9,11,7,14,10,4,6,4,3,3,7,3,0,light,light,light,schwa,schwa,light,schwa,c,c,c,c,o,o,c,KC,DC,KC,CKC,CK,CL,CKC,,,,C,C,C,C,C,C,C,C,,,C,K,D,K,K,K,L,K,2,3,2,3,2,2,3,1,1,1,1,0,0,1,0,0,0,1,1,1,1,1,2,1,1,1,2,1,VC,VVC,VC,CVC,CV,CVV,CVC,1,0,1,2,1,0,2,V,BV,F,2,aneinandergeraten,undef
rung,ø,g,ng,ung,rung,erung,C,KC,CKC,KCKC,CKCKC,An,ø,A,An,Ann,Anna,Annah,K,KC,KCC,KCCL,KCCLC,9,13,9,11,11,7,15,4,6,4,3,5,3,5,0,light,light,schwa,light,light,schwa,light,c,o,o,c,o,o,c,KC,CL,CK,CKC,CD,CK,CKC,,C,C,C,C,C,C,C,,,C,,,C,K,L,K,K,D,K,K,2,3,2,3,3,2,4,1,0,0,1,0,0,1,0,1,1,1,1,1,1,1,2,1,1,2,1,1,VC,CVV,CV,CVC,CVV,CV,CVC,1,0,1,2,0,1,2,N,NV,T,2,Annahmeverweigerung,prima
del,ø,l,el,del,ndel,andel,C,KC,CKC,CCKC,KCCKC,An,ø,A,An,Ant,Anti,Antiq,K,KC,KCC,KCCL,KCCLC,9,9,10,7,10,10,11,4,4,3,3,3,3,3,0,light,light,light,light,schwa,light,schwa,c,o,o,o,c,c,c,KC,CL,CCL,CL,CKC,CKC,CKC,,C,CC,C,C,C,C,C,,,,C,C,C,K,L,L,L,K,K,K,2,2,3,2,3,3,3,1,0,0,0,1,1,1,0,1,2,1,1,1,1,1,2,2,2,1,1,1,VC,CVV,CCVV,CVV,CVC,CVC,CVC,1,0,1,0,2,2,2,N,NN,T,2,Antiquitaetenhandel,undef
richt,ø,t,ht,cht,icht,richt,C,CC,KCC,CKCC,KCKCC,Ap,ø,A,Ap,App,Appe,Appel,K,KC,KCK,KCKC,KCKCK,6,7,10,9,10,7,14,6,3,5,4,3,3,3,0,light,light,light,light,heavy,schwa,heavy,c,c,c,o,c,o,c,K,CK,CK,AL,LCC,CK,CKCC,,C,C,A,,C,C,,,,,CC,,CC,K,K,K,L,L,K,K,2,3,2,2,3,2,5,1,1,1,0,2,0,2,0,1,1,1,0,1,1,1,1,1,2,2,1,1,VC,CVC,CVC,CVV,VVCC,CV,CVCC,1,2,2,0,1,1,3,N,NN,T,2,Appellationsgericht,antepaenultima
kung,ø,g,ng,ung,kung,lkung,C,KC,CKC,CCKC,KCCKC,Ar,ø,A,Ar,Art,Arte,Arter,K,KC,KCC,KCCL,KCCLC,10,7,12,9,11,11,12,5,3,6,4,3,3,4,0,light,light,light,schwa,light,light,light,c,o,o,c,c,c,c,KC,CL,CL,KC,CKC,CKC,CKC,,C,C,,C,C,C,C,,,C,C,C,C,K,L,L,K,K,K,K,2,2,2,2,3,3,4,1,0,0,1,1,1,1,0,1,1,0,1,1,1,1,2,2,1,1,1,1,VC,CVV,CVV,VC,CVC,CVC,CVC,1,0,0,1,2,2,2,N,NV,T,2,Arterienverkalkung,sekunda
se,ø,e,se,ose,rose,erose,K,CK,LCK,CLCK,LCLCK,Ar,ø,A,Ar,Art,Arte,Arter,K,KC,KCC,KCCL,KCCLC,10,7,12,6,12,10,7,5,3,6,6,3,5,3,-1,light,light,light,light,light,light,schwa,c,o,o,o,o,o,o,KC,CL,CL,L,CCCL,CL,CK,,C,C,,CCC,C,C,C,,,,,,,K,L,L,L,L,L,K,2,2,2,2,3,2,2,1,0,0,0,0,0,0,0,1,1,0,3,1,1,1,2,2,2,2,2,1,VC,CVV,CVV,VV,CCCVV,CVV,CV,1,0,0,0,1,0,1,N,NN,T,2,Arteriosklerose,paenultima
druck,ø,k,ck,uck,ruck,druck,C,KC,CKC,CCKC,CCCKC,At,ø,A,At,Atm,Atmo,Atmos,K,KC,KCC,KCCL,KCCLC,7,9,8,13,8,11,14,3,4,2,4,8,3,3,0,light,light,light,schwa,light,schwa,light,c,o,o,c,o,c,c,KC,CL,CCL,CKC,L,CKC,CCKC,,C,CC,C,,C,CC,C,,,C,,C,C,K,L,L,K,L,K,K,2,2,4,3,1,3,5,1,0,0,1,0,1,1,0,1,2,1,0,1,2,1,2,2,1,2,1,1,VC,CVV,CCVV,CVC,VV,CVC,CCVC,1,0,1,2,0,2,3,N,NN,T,2,Atmosphaerenueberdruck,undef
tig,ø,g,ig,tig,ftig,rftig,C,KC,CKC,CCKC,CCCKC,aus,aus,a,au,aus,ausb,ausbe,D,DC,DCC,DCCK,DCCKC,11,7,7,16,7,14,10,5,3,3,4,3,3,3,0,light,light,schwa,heavy,schwa,heavy,light,c,c,o,c,o,c,c,DC,CK,CK,CKCC,CK,CKCC,CKC,,C,C,C,C,C,C,C,,,CC,,CC,C,D,K,K,K,K,K,K,3,3,2,5,2,4,3,1,1,0,2,0,2,1,0,1,1,1,1,1,1,2,1,1,1,1,1,1,VVC,CVC,CV,CVCC,CV,CVCC,CVC,0,2,1,3,1,3,2,A,NA,F,2,ausbesserungsbeduerftig,prima
gung,ø,g,ng,ung,gung,igung,C,KC,CKC,KCKC,CKCKC,Aus,ø,A,Au,Aus,Ausr,Ausre,D,DC,DCC,DCCD,DCCDC,11,14,7,7,9,11,12,5,7,3,3,4,5,4,-1,light,light,schwa,schwa,light,light,light,c,o,o,o,o,c,c,DC,CD,CK,CK,CL,CK,CKC,,C,C,C,C,C,C,C,,,,,,C,D,D,K,K,L,K,K,3,3,2,2,3,2,4,1,0,0,0,0,1,1,0,1,1,1,1,1,1,2,2,1,1,2,1,1,VVC,CVV,CV,CV,CVV,CVC,CVC,0,0,1,1,0,2,2,N,NV,T,2,Ausreisegenehmigung,prima
tik,ø,k,ik,tik,itik,litik,C,LC,CLC,LCLC,CLCLC,Au,ø,A,Au,Aus,Auss,Ausse,D,DC,DCK,DCKC,DCKCC,10,10,10,12,7,12,10,10,3,3,3,3,6,3,0,light,schwa,light,schwa,light,light,light,o,c,c,c,o,o,c,D,CKC,CKC,CKCC,CL,CL,CLC,,C,C,C,C,C,C,,C,C,CC,,,C,D,K,K,K,L,L,L,2,3,3,4,2,2,3,0,1,1,2,0,0,1,0,1,1,1,1,1,1,2,1,1,1,2,2,2,VV,CVC,CVC,CVCC,CVV,CVV,CVVC,0,2,2,3,0,0,1,N,NN,T,2,Aussenhandelspolitik,prima
um,um,m,um,ium,rium,erium,C,KC,LKC,CLKC,LCLKC,Au,ø,A,Au,Aus,Auss,Ausse,D,DC,DCK,DCKC,DCKCC,10,10,11,12,7,12,11,10,3,5,4,3,6,5,0,light,schwa,light,light,light,light,light,o,c,o,c,o,o,c,D,CKC,CL,CKC,CL,CL,KC,,C,C,C,C,C,,,C,,C,,,C,D,K,L,K,L,L,K,2,3,2,2,3,2,2,0,1,0,1,0,0,1,0,1,1,1,1,1,0,2,1,2,1,2,2,1,VV,CVC,CVV,CVC,CVV,CVV,VC,0,2,0,2,0,0,1,N,ø,T,2,Aussenministerium,prima
risch,ø,h,ch,sch,isch,risch,C,KC,CKC,LCKC,CLCKC,au,ø,a,au,aus,auss,ausse,D,DC,DCK,DCKC,DCKCC,10,11,11,10,12,11,13,10,3,3,5,4,5,4,0,light,schwa,light,light,light,light,light,o,c,c,c,c,o,c,D,CKC,CKC,CK,CKC,CL,CKC,,C,C,C,C,C,C,,C,C,,C,,C,D,K,K,K,K,L,K,2,3,3,2,3,2,5,0,1,1,1,1,0,1,0,1,1,1,1,1,1,2,1,1,1,1,2,1,VV,CVC,CVC,CVC,CVC,CVV,CVC,0,2,2,2,2,0,2,A,ø,F,2,ausserparlamentarisch,prima
rant,ø,t,nt,ant,rant,urant,N,CN,LCN,CLCN,CCLCN,Au,ø,A,Au,Aut,Auto,Autom,D,DC,DCL,DCLC,DCLCL,10,7,13,10,11,7,12,10,3,6,3,3,3,6,0,light,light,light,schwa,light,light,light,o,o,o,c,c,o,o,D,CL,CL,CKC,CLC,CL,CN,,C,C,C,C,C,C,,,,C,C,,,D,L,L,K,L,L,N,2,2,2,3,2,4,4,0,0,0,1,1,0,0,0,1,1,1,1,1,1,2,2,2,1,2,2,2,VV,CVV,CVV,CVC,CVVC,CVV,CVV,0,0,0,2,1,0,0,N,NN,T,2,Automatenrestaurant,undef
strie,ø,e,ie,rie,trie,strie,L,CL,CCL,CCCL,KCCCL,Au,ø,A,Au,Aut,Auto,Autom,D,DC,DCL,DCLC,DCLCL,10,7,9,13,11,10,13,10,3,4,4,5,3,4,0,light,light,light,light,light,light,light,o,o,o,c,c,c,o,D,CL,CL,CLC,KC,CKC,CCL,,C,C,C,,C,CC,,,,C,C,C,,D,L,L,L,K,K,L,2,2,2,3,2,2,5,0,0,0,1,1,1,0,0,1,1,1,0,1,2,2,2,2,2,1,1,2,VV,CVV,CVV,CVVC,VC,CVC,CCVV,0,0,0,1,1,2,1,N,NN,T,2,Automobilindustrie,undef
dig,ø,g,ig,dig,ndig,endig,C,KC,CKC,CCKC,KCCKC,bak,ø,b,ba,bak,bakt,bakte,C,CK,CKC,CKCC,CKCCL,8,7,12,9,7,11,10,2,3,6,4,3,2,3,0,light,light,light,schwa,schwa,light,light,c,o,o,c,o,c,c,CKC,CL,CL,KC,CK,CCKC,CKC,C,C,C,,C,CC,C,C,,,C,,C,C,K,L,L,K,K,K,K,3,2,2,2,2,4,3,1,0,0,1,0,1,1,1,1,1,0,1,2,1,1,2,2,1,1,1,1,CVC,CVV,CVV,VC,CV,CCVC,CVC,2,0,0,1,1,3,2,A,NA,F,2,bakterienbestaendig,sekunda
gung,ø,g,ng,ung,gung,igung,C,KC,CKC,KCKC,CKCKC,Be,ø,B,Be,Bea,Beam,Beamt,C,CK,CKK,CKKC,CKKCC,7,9,10,7,14,9,12,3,4,3,3,7,4,4,0,schwa,light,schwa,schwa,light,light,light,o,c,c,o,o,c,c,CK,KC,CKC,CK,CD,CK,CKC,C,,C,C,C,C,C,,C,C,,,,C,K,K,K,K,D,K,K,2,2,3,2,3,2,4,0,1,1,0,0,1,1,1,0,1,1,1,1,1,1,1,1,1,2,1,1,CV,VC,CVC,CV,CVV,CVC,CVC,1,1,2,1,0,2,2,N,NV,T,2,Beamtenbeleidigung,sekunda
se,ø,e,se,ise,eise,weise,K,CK,DCK,CDCK,CCDCK,be,be,b,be,bed,beda,bedau,C,CK,CKC,CKCD,CKCDK,7,11,10,12,11,11,7,3,5,5,6,3,5,3,0,schwa,light,schwa,light,schwa,light,schwa,o,o,c,c,c,o,o,CK,CD,KC,CK,CKC,CD,CK,C,C,,C,C,C,C,,,C,,C,,,K,D,K,K,K,D,K,2,3,2,2,4,3,2,0,0,1,1,1,0,0,1,1,0,1,1,1,1,1,2,1,1,1,2,1,CV,CVV,VC,CVC,CVC,CVV,CV,1,0,1,2,2,0,1,ADV,AA,F,2,bedauerlicherweise,paenultima
tut,ø,t,ut,tut,itut,titut,C,LC,CLC,LCLC,CLCLC,Be,ø,B,Be,Bee,Beer,Beerd,C,CK,CKL,CKLC,CKLCC,7,10,9,13,11,10,10,3,5,4,3,5,3,3,0,schwa,light,light,heavy,light,light,light,o,c,c,c,c,o,c,CK,LC,CK,CKCC,KC,CCL,CLC,C,,C,C,,CC,C,,C,,CC,C,,C,K,L,K,K,K,L,L,2,2,2,5,2,3,3,0,1,1,2,1,0,1,1,0,1,1,0,2,1,1,2,1,1,1,2,2,CV,VVC,CVC,CVCC,VC,CCVV,CVVC,1,0,2,3,1,1,1,N,NN,T,2,Beerdigungsinstitut,sekunda
ge,ø,e,ge,age,lage,nlage,K,CK,LCK,CLCK,CCLCK,Be,ø,B,Be,Bef,Befe,Befes,C,CK,CKC,CKCK,CKCKC,7,8,9,13,9,14,7,3,2,4,3,4,7,3,0,schwa,light,light,heavy,light,light,schwa,o,c,c,c,c,o,o,CK,CKC,CK,CKCC,KC,CL,CK,C,C,C,C,,C,C,,C,,CC,C,,,K,K,K,K,K,L,K,2,2,3,5,2,2,2,0,1,1,2,1,0,0,1,1,1,1,0,1,1,1,1,1,1,1,2,1,CV,CVC,CVC,CVCC,VC,CVV,CV,1,2,2,3,1,0,1,N,NN,T,2,Befestigungsanlage,sekunda
ge,ø,e,ge,age,lage,nlage,K,CK,LCK,CLCK,CCLCK,Be,ø,B,Be,Ber,Beri,Berie,C,CK,CKC,CKCL,CKCLC,7,12,7,16,9,14,7,3,6,3,4,4,7,3,0,schwa,light,schwa,heavy,light,light,schwa,o,o,o,c,c,o,o,CK,CL,CK,CKCC,KC,CL,CK,C,C,C,C,,C,C,,,,CC,C,,,K,L,K,K,K,L,K,2,3,2,5,2,2,2,0,0,0,2,1,0,0,1,1,1,1,0,1,1,1,2,1,1,1,2,1,CV,CVV,CV,CVCC,VC,CVV,CV,1,0,1,3,1,0,1,N,NN,T,2,Berieselungsanlage,sekunda
on,ø,n,on,ion,tion,ation,C,LC,LLC,ALLC,KALLC,Bo,ø,B,Bo,Bod,Bode,Boden,C,CL,CLC,CLCK,CLCKC,7,10,8,9,10,9,9,3,3,2,4,5,4,4,0,light,schwa,light,light,light,light,light,o,c,o,o,c,o,c,CL,CKC,CCL,CL,CK,AL,LC,C,C,CC,C,C,A,,,C,,,,,C,L,K,L,L,K,L,L,2,3,3,2,2,2,2,0,1,0,0,1,0,1,1,1,2,1,1,1,0,2,1,2,2,1,2,2,CVV,CVC,CCVV,CVV,CVC,CVV,VVC,0,2,1,0,2,0,0,N,NN,T,2,Bodenspekulation,prima
on,ø,n,on,ion,tion,ation,C,LC,LLC,ALLC,KALLC,B3r,ø,B,Bo,Boe,Boer,Boers,C,CK,CKC,CKCC,CKCCK,11,10,8,9,10,9,9,3,3,2,4,5,4,4,-1,light,schwa,light,light,light,light,light,c,c,o,o,c,o,c,CKC,CKC,CCL,CL,CK,AL,LC,C,C,CC,C,C,A,,C,C,,,,,C,K,K,L,L,K,L,L,3,3,3,2,2,2,2,1,1,0,0,1,0,1,1,1,2,1,1,1,0,1,1,2,2,1,2,2,CVC,CVC,CCVV,CVV,CVC,CVV,VVC,2,2,1,0,2,0,0,N,NN,T,2,Boersenspekulation,prima
men,ø,n,en,men,omen,nomen,C,KC,CKC,LCKC,CLCKC,De,ø,D,De,Dem,Demo,Demon,C,CL,CLC,CLCK,CLCKC,7,12,12,10,11,9,12,3,4,3,3,3,4,4,0,light,light,light,light,light,light,schwa,o,c,c,c,o,o,c,CL,CKC,CCCK,CLC,CCL,CL,CKC,C,C,CCC,C,CC,C,C,,C,,C,,,C,L,K,K,L,L,L,K,2,3,4,3,3,2,3,0,1,1,1,0,0,1,1,1,3,1,2,1,1,2,1,1,2,2,2,1,CVV,CVC,CCCVC,CVVC,CCVV,CVV,CVC,0,2,4,1,1,0,2,N,AN,T,2,Demonstrativpronomen,undef
tel,ø,l,el,tel,ttel,ittel,C,KC,CKC,KCKC,CKCKC,Des,ø,D,De,Des,Desi,Desin,C,CK,CKC,CKCK,CKCKC,8,11,8,9,10,11,11,2,5,2,4,3,5,3,0,light,light,light,light,heavy,light,schwa,c,c,c,o,c,c,c,CKC,KC,CKC,AL,LCC,CK,CKC,C,,C,A,,C,C,C,C,C,,CC,,C,K,K,K,L,L,K,K,3,2,3,2,3,3,3,1,1,1,0,2,1,1,1,0,1,1,0,1,1,1,1,1,2,2,1,1,CVC,VC,CVC,CVV,VVCC,CVC,CVC,2,1,2,0,1,2,2,N,NN,T,2,Desinfektionsmittel,antepaenultima
men,ø,n,en,men,hmen,ehmen,C,KC,CKC,LCKC,CLCKC,Dienst,ø,D,Di,Die,Dien,Diens,C,CL,CLC,CLCC,CLCCC,14,15,13,11,11,9,12,2,5,3,5,3,4,4,-1,heavy,light,heavy,light,schwa,light,schwa,c,c,c,c,c,o,c,CLCCC,CDC,CKCC,KC,CKC,CL,CKC,C,C,C,,C,C,C,CCC,C,CC,C,C,,C,L,D,K,K,K,L,K,6,3,6,2,3,3,3,3,1,2,1,1,0,1,1,1,1,0,1,1,1,2,2,1,1,1,2,1,CVVCCC,CVVC,CVCC,VC,CVC,CVV,CVC,2,1,3,1,2,0,2,N,NN,T,2,Dienstleistungsunternehmen,prima
ve,ø,e,ve,ive,tive,otive,K,CK,LCK,CLCK,LCLCK,Die,ø,D,Di,Die,Dies,Diese,C,CL,CLC,CLCK,CLCKC,9,11,10,7,9,9,7,4,3,5,3,4,4,3,-1,light,schwa,light,light,light,light,schwa,o,c,o,o,o,o,o,CL,CKC,CL,CL,CL,CL,CK,C,C,C,C,C,C,C,,C,,,,,,L,K,L,L,L,L,K,3,3,2,2,2,2,2,0,1,0,0,0,0,0,1,1,1,1,1,1,1,2,1,2,2,2,2,1,CVV,CVC,CVV,CVV,CVV,CVV,CV,0,2,0,0,0,0,1,N,NN,T,2,Diesellokomotive,prima
hig,ø,g,ig,hig,ehig,aehig,C,KC,LKC,CLKC,CCLKC,dis,ø,d,di,dis,disp,dispo,C,CK,CKC,CKCC,CKCCL,10,7,9,9,10,7,9,3,3,4,4,3,3,4,-1,light,light,light,light,heavy,light,light,c,o,o,o,c,o,c,CKC,CL,CL,AL,LCC,CL,KC,C,C,C,A,,C,,C,,,,CC,,C,K,L,L,L,L,L,K,3,2,2,2,3,2,3,1,0,0,0,2,0,1,1,1,1,1,0,1,0,1,2,2,2,2,2,1,CVC,CVV,CVV,CVV,VVCC,CVV,VC,2,0,0,0,1,0,1,A,NA,F,2,dispositionsfaehig,antepaenultima
skop,ø,p,op,kop,skop,oskop,C,LC,CLC,CCLC,LCCLC,E,ø,E,El,Ele,Elek,Elekt,L,LC,LCK,LCKC,LCKCC,6,11,11,12,11,12,8,6,3,3,4,5,3,2,0,light,light,light,schwa,light,light,light,o,c,o,c,o,c,c,L,CKC,CCL,CKC,CL,CCLC,CLC,,C,CC,C,C,CC,C,,C,,C,,C,C,L,K,L,K,L,L,L,1,3,3,3,2,3,4,0,1,0,1,0,1,1,0,1,2,1,1,2,1,2,1,2,1,2,2,2,VV,CVC,CCVV,CVC,CVV,CCVVC,CVVC,0,2,1,2,0,1,1,N,NN,T,2,Elektronenmikroskop,undef
gen,ø,n,en,gen,egen,oegen,C,KC,CKC,LCKC,CLCKC,Er,ø,E,Er,Eri,Erin,Erinn,K,KC,KCK,KCKC,KCKCK,10,8,9,16,11,9,10,5,8,4,4,3,4,3,0,light,light,schwa,heavy,light,light,schwa,c,c,o,c,c,o,c,KC,K,CK,CKCC,CKC,CL,CKC,,,C,C,C,C,C,C,,,CC,C,,C,K,K,K,K,K,L,K,2,2,2,5,3,2,3,1,1,0,2,1,0,1,0,0,1,1,1,1,1,1,1,1,1,1,2,1,VC,VC,CV,CVCC,CVC,CVV,CVC,1,1,1,3,2,0,2,N,NN,T,2,Erinnerungsvermoegen,sekunda
gung,ø,g,ng,ung,gung,igung,C,KC,CKC,KCKC,CKCKC,E,ø,E,Ex,Exi,Exis,Exist,K,KC,KCC,KCCK,KCCKC,6,11,11,7,11,9,12,6,2,2,3,3,4,4,0,light,light,heavy,schwa,light,light,light,c,c,c,o,c,c,c,K,CCKC,CKCA,CK,CKC,CK,CKC,,CC,C,C,C,C,C,,C,CA,,C,,C,K,K,K,K,K,K,K,1,2,5,2,4,2,4,1,1,2,0,1,1,1,0,2,1,1,1,1,1,1,1,1,1,1,1,1,VC,CCVC,CVCC,CV,CVC,CVC,CVC,1,3,3,1,2,2,2,N,NV,T,2,Existenzberechtigung,undef
phie,ø,e,ie,hie,phie,ophie,L,CL,LCL,CLCL,LCLCL,E,ø,E,Ex,Exi,Exis,Exist,K,KC,KCC,KCCK,KCCKC,6,11,11,9,10,7,9,6,2,2,4,5,3,4,0,light,light,heavy,light,light,light,light,c,c,c,o,o,o,o,K,CCKC,CKCA,CL,CL,CL,CL,,CC,C,C,C,C,C,,C,CA,,,,,K,K,K,L,L,L,L,1,2,5,3,2,2,4,1,1,2,0,0,0,0,0,2,1,1,1,1,1,1,1,1,2,2,2,2,VC,CCVC,CVCC,CVV,CVV,CVV,CVV,1,3,3,0,0,0,0,N,NN,T,2,Existenzphilosophie,undef
ter,ø,r,er,ter,iter,eiter,C,KC,CKC,DCKC,CDCKC,Ex,ø,E,Ex,Exp,Expe,Exped,K,KC,KCC,KCCC,KCCCL,8,7,9,9,10,14,11,2,3,4,4,3,7,3,0,heavy,light,light,light,heavy,light,schwa,c,o,o,o,c,o,c,KCC,CL,CL,AL,LCC,CD,CKC,,C,C,A,,C,C,CC,,,,CC,,C,K,L,L,L,L,D,K,2,2,2,2,3,3,3,2,0,0,0,2,0,1,0,1,1,1,0,1,1,1,2,2,2,2,2,1,VCC,CVV,CVV,CVV,VVCC,CVV,CVC,2,0,0,0,1,0,2,N,NV,T,2,Expeditionsleiter,antepaenultima
on,ø,n,on,ion,sion,ssion,C,LC,LLC,CLLC,KCLLC,Fron,ø,F,Fr,Fro,Fron,Fronl,C,CC,CCL,CCLC,CCLCC,14,15,17,11,7,9,9,3,5,4,3,3,4,4,-2,light,light,heavy,light,light,light,light,c,c,c,o,c,o,c,CCLC,CDC,CLCC,CCL,AK,CL,LC,CC,C,C,CC,A,C,,C,C,CC,,,,C,L,D,L,L,K,L,L,4,5,4,3,3,2,2,1,1,2,0,1,0,1,2,1,1,2,1,1,0,2,2,2,2,1,2,2,CCVVC,CVVC,CVVCC,CCVV,CVC,CVV,VVC,1,1,1,1,2,0,0,N,NN,T,2,Fronleichnamsprozession,sekunda
gung,ø,g,ng,ung,gung,agung,C,KC,CKC,LCKC,CLCKC,Ge,ø,G,Ge,Ged,Geda,Gedan,C,CK,CKC,CKCK,CKCKC,7,10,10,8,11,15,12,3,3,3,8,3,5,4,0,schwa,light,schwa,light,schwa,light,light,o,c,c,o,c,o,c,CK,CKC,CKC,L,CKC,CCL,CKC,C,C,C,,C,CC,C,,C,C,,C,,C,K,K,K,L,K,L,K,2,3,3,1,3,3,4,0,1,1,0,1,0,1,1,1,1,0,1,2,1,1,1,1,2,1,2,1,CV,CVC,CVC,VV,CVC,CCVV,CVC,1,2,2,0,2,1,2,N,NV,T,2,Gedankenuebertragung,sekunda
ung,ung,g,ng,ung,iung,eiung,C,KC,DKC,CDKC,CCDKC,Ge,ø,G,Ge,Gef,Gefa,Gefan,C,CK,CKC,CKCK,CKCKC,7,7,9,12,7,15,11,3,3,4,4,3,5,5,0,schwa,light,schwa,schwa,schwa,light,light,o,c,o,c,o,o,c,CK,CK,CK,CKC,CK,CCD,KC,C,C,C,C,C,CC,,,,,C,,,C,K,K,K,K,K,D,K,2,3,2,3,2,4,3,0,1,0,1,0,0,1,1,1,1,1,1,2,0,1,1,1,1,1,2,1,CV,CVC,CV,CVC,CV,CCVV,VC,1,2,1,2,1,1,1,N,NV,T,2,Gefangenenbefreiung,sekunda
hen,ø,n,en,hen,ehen,tehen,C,KC,LKC,CLKC,CCLKC,ge,ø,g,ge,geg,gege,gegen,C,CL,CLC,CLCK,CLCKC,7,10,13,9,11,8,9,3,3,6,4,3,2,4,0,light,schwa,light,light,schwa,light,schwa,o,c,c,c,c,o,c,CL,CKC,DC,KC,CKC,CCL,KC,C,C,,,C,CC,,,C,C,C,C,,C,L,K,D,K,K,L,K,2,3,3,2,3,3,3,0,1,1,1,1,0,1,1,1,0,0,1,2,0,2,1,2,1,1,2,1,CVV,CVC,VVC,VC,CVC,CCVV,VC,0,2,0,1,2,1,1,V,BV,F,2,gegeneinanderstehen,undef
len,ø,n,en,len,llen,ellen,C,KC,CKC,KCKC,CKCKC,ge,ø,g,ge,geg,gege,gegen,C,CL,CLC,CLCK,CLCKC,7,10,13,9,11,8,13,3,3,6,4,3,2,4,0,light,schwa,light,light,schwa,light,schwa,o,c,c,c,c,c,c,CL,CKC,DC,KC,CKC,CCK,CKC,C,C,,,C,CC,C,,C,C,C,C,,C,L,K,D,K,K,K,K,2,3,3,2,3,4,3,0,1,1,1,1,1,1,1,1,0,0,1,2,1,2,1,2,1,1,1,1,CVV,CVC,VVC,VC,CVC,CCVC,CVC,0,2,0,1,2,3,2,V,BV,F,2,gegeneinanderstellen,undef
on,ø,n,on,ion,tion,ation,C,LC,LLC,ALLC,KALLC,Ge,ø,G,Ge,Geg,Gege,Gegen,C,CL,CLC,CLCK,CLCKC,7,10,10,11,9,9,9,3,3,5,3,4,4,4,0,light,schwa,light,light,light,light,light,o,c,o,c,c,o,c,CL,CKC,CL,CKC,CK,AL,LC,C,C,C,C,C,A,,,C,,C,,,C,L,K,L,K,K,L,L,2,3,2,3,2,2,2,0,1,0,1,1,0,1,1,1,1,1,1,1,0,2,1,2,1,1,2,2,CVV,CVC,CVV,CVC,CVC,CVV,VVC,0,2,0,2,2,0,0,N,PN,T,2,Gegenreformation,prima
len,ø,n,en,len,olen,holen,C,KC,CKC,LCKC,CLCKC,ge,ø,g,ge,gen,gene,gener,C,CL,CLC,CLCK,CLCKC,7,9,18,8,11,7,13,3,4,6,8,3,3,4,0,light,schwa,light,light,schwa,light,schwa,o,o,c,o,c,o,c,CL,CK,CLC,L,CKC,CL,CKC,C,C,C,,C,C,C,,,C,,C,,C,L,K,L,L,K,L,K,2,2,3,1,3,2,3,0,0,1,0,1,0,1,1,1,1,0,1,1,1,2,1,2,2,1,2,1,CVV,CV,CVVC,VV,CVC,CVV,CVC,0,1,1,0,2,0,2,V,ø,F,2,generalueberholen,undef
tag,ø,g,ag,tag,stag,gstag,C,LC,CLC,CCLC,CCCLC,Hei,ø,H,He,Hei,Heil,Heili,C,CD,CDC,CDCL,CDCLC,11,12,7,15,7,13,12,5,6,3,5,3,3,4,0,light,light,schwa,light,light,heavy,light,o,o,o,o,o,c,c,CD,CL,CK,CCD,CL,CKCC,CLC,C,C,C,CC,C,C,C,,,,,,CC,C,D,L,K,D,L,K,L,3,2,2,4,2,4,3,0,0,0,0,0,2,1,1,1,1,2,1,1,1,2,2,1,2,2,1,2,CVV,CVV,CV,CCVV,CVV,CVCC,CVVC,0,0,1,1,0,3,1,N,AN,T,2,Heiligedreikoenigstag,antepaenultima
ren,ø,n,en,ren,eren,ieren,C,KC,CKC,LCKC,CLCKC,her,ø,h,he,her,hera,herau,C,CK,CKC,CKCD,CKCDC,7,15,14,7,12,9,13,3,5,3,3,6,4,4,0,light,light,light,light,light,light,schwa,c,c,c,c,o,o,c,CK,CDC,CCKC,CK,CL,CL,CKC,C,C,CC,C,C,C,C,,C,C,,,,C,K,D,K,K,L,L,K,3,3,3,4,2,3,3,1,1,1,1,0,0,1,1,1,2,1,1,1,1,1,2,1,1,2,2,1,CVC,CVVC,CCVC,CVC,CVV,CVV,CVC,2,1,3,2,0,0,2,V,BV,F,2,herauskristallisieren,sekunda
te,ø,e,te,nte,ente,rente,K,CK,CCK,KCCK,CKCCK,Hin,ø,H,Hi,Hin,Hint,Hinte,C,CK,CKC,CKCC,CKCCK,12,11,13,7,12,13,7,4,3,4,3,4,4,3,-1,light,schwa,light,schwa,schwa,light,schwa,c,c,o,o,c,c,o,CKC,CKC,CCL,CK,CKC,CKC,CK,C,C,CC,C,C,C,C,C,C,,,C,C,,K,K,L,K,K,K,K,3,3,4,2,3,3,2,1,1,0,0,1,1,0,1,1,2,1,1,1,1,1,1,2,1,1,1,1,CVC,CVC,CCVV,CV,CVC,CVC,CV,2,2,1,1,2,2,1,N,NN,T,2,Hinterbliebenenrente,undef
rei,ø,i,ei,rei,erei,lerei,D,CD,KCD,CKCD,LCKCD,Hi,ø,H,Hi,His,Hist,Histo,C,CK,CKC,CKCC,CKCCL,10,7,12,9,13,10,14,3,3,6,4,6,5,7,0,light,light,light,schwa,light,schwa,light,c,o,o,c,o,o,o,CKC,CL,CL,KC,CL,CK,CD,C,C,C,,C,C,C,C,,,C,,,,K,L,L,K,L,K,D,2,3,2,2,2,2,3,1,0,0,1,0,0,0,1,1,1,0,1,1,1,1,2,2,1,2,1,2,CVC,CVV,CVV,VC,CVV,CV,CVV,2,0,0,1,0,1,0,N,NN,T,2,Historienmalerei,ultima
siert,ø,t,rt,ert,iert,siert,C,CC,LCC,CLCC,LCLCC,hoch,hoch,h,ho,hoc,hoch,hochi,C,CL,CLC,CLCK,CLCKC,8,11,10,13,6,12,14,2,5,3,4,6,6,3,0,light,light,light,light,light,light,heavy,c,c,c,o,c,o,c,CLC,KC,CKC,CCL,K,CL,CLCC,C,,C,CC,,C,C,C,C,C,,,,CC,L,K,K,L,K,L,L,4,2,2,4,1,2,5,1,1,1,0,1,0,2,1,0,1,2,0,1,1,2,1,1,2,1,2,2,CVVC,VC,CVC,CCVV,VC,CVV,CVVCC,1,1,2,1,1,0,1,A,ø,F,2,hochindustrialisiert,prima
men,ø,n,en,men,omen,nomen,C,KC,CKC,LCKC,CLCKC,In,ø,I,In,Ind,Inde,Indef,K,KC,KCC,KCCL,KCCLC,11,7,9,12,11,9,12,5,3,4,4,3,4,4,0,light,light,light,light,light,light,schwa,c,o,o,c,o,o,c,KC,CL,CL,CLC,CCL,CL,CKC,,C,C,C,CC,C,C,C,,,C,,,C,K,L,L,L,L,L,K,2,2,2,3,3,2,3,1,0,0,1,0,0,1,0,1,1,1,2,1,1,1,2,2,2,2,2,1,VC,CVV,CVV,CVVC,CCVV,CVV,CVC,1,0,0,1,1,0,2,N,AN,T,2,Indefinitpronomen,undef
te,ø,e,te,hte,chte,ichte,K,CK,CCK,KCCK,CKCCK,In,ø,I,In,Ind,Indi,India,K,KC,KCC,KCCL,KCCLL,11,9,10,13,7,10,7,5,4,10,4,3,3,3,-1,light,light,light,schwa,schwa,light,schwa,c,o,o,c,o,c,o,KC,CL,L,CKC,CK,CKC,CK,,C,,C,C,C,C,C,,,C,,C,,K,L,L,K,K,K,K,2,2,1,3,2,6,2,1,0,0,1,0,1,0,0,1,0,1,1,1,1,1,2,2,1,1,1,1,VC,CVV,VV,CVC,CV,CVC,CV,1,0,0,2,1,2,1,N,NN,T,2,Indianergeschichte,undef
rat,ø,t,at,rat,arat,parat,C,LC,CLC,KCLC,CKCLC,In,ø,I,In,Ind,Indu,Induk,K,KC,KCC,KCCK,KCCKC,11,10,9,10,6,7,15,5,3,4,3,6,3,5,0,light,light,light,heavy,light,light,light,c,c,o,c,c,c,c,KC,CKC,AL,LCC,K,CK,CLC,,C,A,,,C,C,C,C,,CC,,,C,K,K,L,L,K,K,L,2,3,2,3,2,2,3,1,1,0,2,1,1,1,0,1,1,0,0,1,1,1,1,2,2,1,1,2,VC,CVC,CVV,VVCC,VC,CVC,CVVC,1,2,0,1,1,2,1,N,NN,T,2,Induktionsapparat,undef
men,ø,n,en,men,hmen,ehmen,C,KC,CKC,LCKC,CLCKC,In,ø,I,In,Ind,Indu,Indus,K,KC,KCC,KCCK,KCCKC,11,10,13,11,11,9,12,5,3,4,5,3,4,4,-1,light,light,light,light,schwa,light,schwa,c,c,o,c,c,o,c,KC,CKC,CCL,KC,CKC,CL,CKC,,C,CC,,C,C,C,C,C,,C,C,,C,K,K,L,K,K,L,K,2,2,5,2,3,3,3,1,1,0,1,1,0,1,0,1,2,0,1,1,1,1,1,2,1,1,2,1,VC,CVC,CCVV,VC,CVC,CVV,CVC,1,2,1,1,2,0,2,N,NN,T,2,Industrieunternehmen,undef
tausch,ø,h,ch,sch,usch,ausch,C,DC,CDC,CCDC,DCCDC,In,ø,I,In,Inf,Info,Infor,K,KC,KCC,KCCK,KCCKC,11,11,9,9,10,11,12,5,3,4,4,3,5,4,0,light,light,light,light,heavy,light,light,c,c,c,o,c,c,c,KC,CKC,CK,AL,LCC,DC,CDC,,C,C,A,,,C,C,C,,,CC,C,C,K,K,K,L,L,D,D,2,3,2,2,3,3,6,1,1,1,0,2,1,1,0,1,1,1,0,0,1,1,1,1,2,2,2,2,VC,CVC,CVC,CVV,VVCC,VVC,CVVC,1,2,2,0,1,0,1,N,NN,T,2,Informationsaustausch,antepaenultima
le,ø,e,le,lle,elle,uelle,K,CK,KCK,CKCK,CCKCK,In,ø,I,In,Inf,Info,Infor,K,KC,KCC,KCCK,KCCKC,11,11,9,9,10,8,10,5,3,4,4,3,2,5,-1,light,light,light,light,heavy,light,schwa,c,c,c,o,c,c,o,KC,CKC,CK,AL,LCC,CCK,CK,,C,C,A,,CC,C,C,C,,,CC,,,K,K,K,L,L,K,K,2,3,2,2,3,4,2,1,1,1,0,2,1,0,0,1,1,1,0,2,1,1,1,1,2,2,1,1,VC,CVC,CVC,CVV,VVCC,CCVC,CV,1,2,2,0,1,3,1,N,NN,T,2,Informationsquelle,antepaenultima
stem,ø,m,em,tem,stem,ystem,C,LC,CLC,CCLC,KCCLC,In,ø,I,In,Inf,Info,Infor,K,KC,KCC,KCCK,KCCKC,11,11,9,9,10,10,10,5,3,4,4,3,3,3,-1,light,light,light,light,heavy,light,light,c,c,c,o,c,c,c,KC,CKC,CK,AL,LCC,CKC,CLC,,C,C,A,,C,C,C,C,,,CC,C,C,K,K,K,L,L,K,L,2,3,2,2,3,2,4,1,1,1,0,2,1,1,0,1,1,1,0,1,1,1,1,1,2,2,1,2,VC,CVC,CVC,CVV,VVCC,CVC,CVVC,1,2,2,0,1,2,1,N,NN,T,2,Informationssystem,antepaenultima
nisch,ø,h,ch,sch,isch,nisch,C,KC,CKC,CCKC,KCCKC,in,ø,i,in,inf,info,infor,K,KC,KCC,KCCK,KCCKC,11,11,9,9,10,8,12,5,3,4,4,3,2,4,-1,light,light,light,light,heavy,light,light,c,c,c,o,c,c,c,KC,CKC,CK,AL,LCC,CKC,CKC,,C,C,A,,C,C,C,C,,,CC,C,C,K,K,K,L,L,K,K,2,3,2,2,3,4,5,1,1,1,0,2,1,1,0,1,1,1,0,1,1,1,1,1,2,2,1,1,VC,CVC,CVC,CVV,VVCC,CVC,CVC,1,2,2,0,1,2,2,A,NA,F,2,informationstechnisch,antepaenultima
be,ø,e,be,abe,tabe,stabe,K,CK,LCK,CLCK,CCLCK,I,ø,I,In,Ini,Init,Initi,L,LC,LCL,LCLA,LCLAL,8,11,9,14,10,12,7,8,5,4,7,3,4,3,0,light,light,light,light,light,light,schwa,o,o,o,c,c,o,o,L,CL,AL,LC,CLC,CCL,CK,,C,A,,C,CC,C,,,,C,C,,,L,L,L,L,L,L,K,1,2,2,2,4,3,2,0,0,0,1,1,0,0,0,1,1,0,1,2,1,2,2,2,2,2,2,1,VV,CVV,CVV,VVC,CVVC,CCVV,CV,0,0,0,0,1,1,1,N,NN,T,2,Initialbuchstabe,undef
um,um,m,um,ium,rium,erium,C,KC,LKC,CLKC,LCLKC,In,ø,I,In,Inn,Inne,Innen,K,KC,KCK,KCKC,KCKCC,8,12,11,12,7,12,11,8,4,5,4,3,6,5,0,light,schwa,light,light,light,light,light,c,c,o,c,o,o,c,K,CKC,CL,CKC,CL,CL,KC,,C,C,C,C,C,,,C,,C,,,C,K,K,L,K,L,L,K,2,3,2,2,3,2,2,1,1,0,1,0,0,1,0,1,1,1,1,1,0,1,1,2,1,2,2,1,VC,CVC,CVV,CVC,CVV,CVV,VC,1,2,0,2,0,0,1,N,ø,T,2,Innenministerium,prima
richt,ø,t,ht,cht,icht,richt,C,CC,KCC,CKCC,KCKCC,In,ø,I,In,Inq,Inqu,Inqui,K,KC,KCC,KCCC,KCCCL,11,10,9,9,10,7,14,5,3,4,4,3,3,3,0,light,light,light,light,heavy,schwa,heavy,c,o,o,o,c,o,c,KC,CCL,CL,AL,LCC,CK,CKCC,,CC,C,A,,C,C,C,,,,CC,,CC,K,L,L,L,L,K,K,2,3,2,2,3,2,5,1,0,0,0,2,0,2,0,2,1,1,0,1,1,1,2,2,2,2,1,1,VC,CCVV,CVV,CVV,VVCC,CV,CVCC,1,1,0,0,1,1,3,N,NN,T,2,Inquisitionsgericht,antepaenultima
schaft,schaft,t,ft,aft,haft,chaft,C,CC,KCC,CKCC,CCKCC,In,ø,I,In,Int,Inte,Inter,K,KC,KCC,KCCK,KCCKC,11,7,10,10,7,16,9,5,3,5,3,3,5,2,0,light,schwa,light,schwa,schwa,light,heavy,c,o,c,c,o,c,c,KC,CK,CK,CKC,CK,CDC,CKCC,,C,C,C,C,C,C,C,,,C,,C,CC,K,K,K,K,K,D,K,2,2,3,3,2,4,6,1,0,1,1,0,1,2,0,1,1,1,1,1,1,1,1,1,1,1,2,1,VC,CV,CVC,CVC,CV,CVVC,CVCC,1,1,2,2,1,1,3,N,NN,T,2,Interessengemeinschaft,undef
tung,ø,g,ng,ung,tung,etung,C,KC,CKC,LCKC,CLCKC,In,ø,I,In,Int,Inte,Inter,K,KC,KCC,KCCK,KCCKC,11,7,10,10,11,11,12,5,3,5,3,3,3,4,0,light,schwa,light,schwa,light,light,light,c,o,c,c,c,o,c,KC,CK,CK,CKC,CKC,CCL,CKC,,C,C,C,C,CC,C,C,,,C,C,,C,K,K,K,K,K,L,K,2,2,3,3,3,3,4,1,0,1,1,1,0,1,0,1,1,1,1,2,1,1,1,1,1,1,2,1,VC,CV,CVC,CVC,CVC,CCVV,CVC,1,1,2,2,2,1,2,N,NV,T,2,Interessenvertretung,undef
be,ø,e,be,abe,gabe,sgabe,K,CK,LCK,CLCK,CCLCK,Ju,ø,J,Ju,Jub,Jubi,Jubil,C,CL,CLC,CLCL,CLCLC,14,9,10,12,11,11,7,7,4,5,4,5,5,3,-1,light,light,light,heavy,light,light,schwa,o,o,o,c,c,o,o,CL,CL,CL,KCC,DC,CL,CK,C,C,C,,,C,C,,,,CC,C,,,L,L,L,K,D,L,K,2,2,2,3,3,2,2,0,0,0,2,1,0,0,1,1,1,0,0,1,1,2,2,2,1,2,2,1,CVV,CVV,CVV,VCC,VVC,CVV,CV,0,0,0,2,0,0,1,N,NN,T,2,Jubilaeumsausgabe,undef
t1t,ø,t,et,aet,taet,itaet,C,LC,CLC,LCLC,CLCLC,Ju,ø,J,Ju,Jug,Juge,Jugen,C,CL,CLC,CLCK,CLCKC,14,11,13,11,13,12,8,7,2,4,5,6,6,2,-1,light,schwa,light,light,light,light,light,o,c,o,o,o,o,c,CL,CKCC,CCL,CL,CL,CL,CLC,C,C,CC,C,C,C,C,,CC,,,,,C,L,K,L,L,L,L,L,2,4,3,2,2,2,3,0,2,0,0,0,0,1,1,1,2,1,1,1,1,2,1,2,2,2,2,2,CVV,CVCC,CCVV,CVV,CVV,CVV,CVVC,0,3,1,0,0,0,1,N,NN,T,2,Jugendkriminalitaet,prima
um,um,m,um,ium,rium,erium,C,KC,LKC,CLKC,LCLKC,Ju,ø,J,Ju,Jus,Just,Justi,C,CK,CKC,CKCC,CKCCL,15,10,11,12,7,12,11,5,3,5,4,3,6,5,-1,light,light,light,light,light,light,light,c,c,o,c,o,o,c,CKC,CLA,CL,CKC,CL,CL,KC,C,C,C,C,C,C,,C,A,,C,,,C,K,L,L,K,L,L,K,2,4,2,2,3,2,2,1,1,0,1,0,0,1,1,1,1,1,1,1,0,1,2,2,1,2,2,1,CVC,CVVC,CVV,CVC,CVV,CVV,VC,2,1,0,2,0,0,1,N,NN,T,2,Justizministerium,sekunda
um,um,m,um,ium,gium,egium,C,KC,LKC,CLKC,LCLKC,Kar,ø,K,Ka,Kar,Kard,Kardi,C,CK,CKC,CKCC,CKCCL,11,9,18,7,10,9,11,3,4,4,3,5,4,5,-1,light,light,heavy,light,light,light,light,c,o,c,c,o,o,c,CKC,CL,CLCC,CK,CL,CL,KC,C,C,C,C,C,C,,C,,CC,,,,C,K,L,L,K,L,L,K,3,2,4,3,2,2,2,1,0,2,1,0,0,1,1,1,1,1,1,1,0,1,2,2,1,2,2,1,CVC,CVV,CVVCC,CVC,CVV,CVV,VC,2,0,1,2,0,0,1,N,NN,T,2,Kardinalskollegium,undef
ner,ø,r,er,ner,hner,chner,C,KC,CKC,CCKC,DCCKC,Ka,ø,K,Ka,Kar,Kari,Karik,C,CK,CKC,CKCL,CKCLC,7,12,7,9,13,12,13,3,6,3,4,4,4,4,0,light,light,light,light,schwa,light,schwa,c,o,c,o,c,c,c,CK,CL,CK,CL,CKC,ADC,CKC,C,C,C,C,C,A,C,,,,,C,C,C,K,L,K,L,K,D,K,2,2,2,2,3,5,3,1,0,1,0,1,1,1,1,1,1,1,1,1,1,1,2,1,2,1,2,1,CVC,CVV,CVC,CVV,CVC,CVVC,CVC,2,0,2,0,2,1,2,N,NV,T,2,Karikaturenzeichner,undef
heit,heit,t,it,eit,heit,iheit,C,DC,CDC,DCDC,CDCDC,Ko,ø,K,Ko,Koa,Koal,Koali,C,CL,CLK,CLKC,CLKCL,7,6,12,9,10,15,12,3,6,6,4,3,5,4,1,light,light,light,light,heavy,light,light,o,c,o,o,c,o,c,CL,K,CL,AL,LCC,CCD,CDC,C,,C,A,,CC,C,,,,,CC,,C,L,K,L,L,L,D,D,2,1,2,2,3,4,4,0,1,0,0,2,0,1,1,0,1,1,0,2,1,2,1,2,2,2,2,2,CVV,VC,CVV,CVV,VVCC,CCVV,CVVC,0,1,0,0,1,1,1,N,NN,T,2,Koalitionsfreiheit,antepaenultima
gel,ø,l,el,gel,ngel,angel,C,KC,CKC,KCKC,CKCKC,Kon,ø,K,Ko,Kon,Konz,Konze,C,CK,CKC,CKCA,CKCAK,10,10,11,9,10,9,13,3,3,3,4,3,4,4,0,light,light,light,light,heavy,light,schwa,c,c,c,o,c,c,c,CKC,AKC,CCK,AL,LCC,CK,CKC,C,A,CC,A,,C,C,C,C,,,CC,,C,K,K,K,L,L,K,K,3,3,3,2,3,3,3,1,1,1,0,2,1,1,1,1,2,1,0,1,1,1,1,1,2,2,1,1,CVC,CVC,CCVC,CVV,VVCC,CVC,CVC,2,2,3,0,1,2,2,N,NN,T,2,Konzentrationsmangel,antepaenultima
stem,ø,m,em,tem,stem,ystem,C,LC,CLC,CCLC,KCCLC,Ko,ø,K,Ko,Koo,Koor,Koord,C,CL,CLK,CLKC,CLKCC,7,10,9,13,10,10,10,3,5,4,6,3,3,3,0,light,light,light,light,schwa,light,light,o,c,o,o,c,c,c,CL,KC,CL,CL,CKC,CKC,CLC,C,,C,C,C,C,C,,C,,,C,C,C,L,K,L,L,K,K,L,2,2,2,2,3,2,4,0,1,0,0,1,1,1,1,0,1,1,1,1,1,2,1,2,2,1,1,2,CVV,VC,CVV,CVV,CVC,CVC,CVVC,0,1,0,0,2,2,1,N,NN,T,2,Koordinatensystem,undef
dig,ø,g,ig,dig,ndig,endig,C,KC,CKC,CCKC,KCCKC,kor,ø,k,ko,kor,korr,korro,C,CK,CKC,CKCL,CKCLC,7,10,9,10,7,11,10,3,5,4,3,3,2,3,0,light,light,light,heavy,schwa,light,light,c,o,o,c,o,c,c,CK,CL,CL,LCC,CK,CCKC,CKC,C,C,C,,C,CC,C,,,,CC,,C,C,K,L,L,L,K,K,K,3,2,2,3,2,4,3,1,0,0,2,0,1,1,1,1,1,0,1,2,1,1,2,2,2,1,1,1,CVC,CVV,CVV,VVCC,CV,CCVC,CVC,2,0,0,1,1,3,2,A,NA,F,2,korrosionsbestaendig,undef
on,ø,n,on,ion,tion,ation,C,LC,LLC,ALLC,KALLC,Kri,ø,K,Kr,Kri,Kris,Krise,C,CC,CCL,CCLC,CCLCK,13,10,9,9,6,9,9,4,3,4,4,6,4,4,-1,light,schwa,light,light,light,light,light,o,c,o,o,c,o,c,CCL,CKC,CL,CL,K,AL,LC,CC,C,C,C,,A,,,C,,,,,C,L,K,L,L,K,L,L,3,3,2,2,1,2,2,0,1,0,0,1,0,1,2,1,1,1,0,1,0,2,1,2,2,1,2,2,CCVV,CVC,CVV,CVV,VC,CVV,VVC,1,2,0,0,1,0,0,N,NN,T,2,Krisensituation,prima
punkt,ø,t,kt,nkt,unkt,punkt,C,CC,CCC,KCCC,CKCCC,Kri,ø,K,Kr,Kri,Kris,Krist,C,CC,CCK,CCKC,CCKCC,14,7,12,7,9,10,14,3,3,6,3,4,3,2,0,light,light,light,light,light,heavy,heavy,c,c,o,c,o,c,c,CCKC,CK,CL,CK,AL,LCC,CKCCC,CC,C,C,C,A,,C,C,,,,,CC,CCC,K,K,L,K,L,L,K,3,4,2,2,2,3,5,1,1,0,1,0,2,3,2,1,1,1,1,0,1,1,1,2,1,2,2,1,CCVC,CVC,CVV,CVC,CVV,VVCC,CVCCC,3,2,0,2,0,1,4,N,NN,T,2,Kristallisationspunkt,paenultima
um,um,m,um,ium,rium,erium,C,KC,LKC,CLKC,LCLKC,Kul,ø,K,Ku,Kul,Kult,Kultu,C,CK,CKC,CKCC,CKCCL,13,13,11,12,7,12,11,4,4,5,4,3,6,5,-1,light,light,light,light,light,light,light,c,c,o,c,o,o,c,CKC,CLC,CL,CKC,CL,CL,KC,C,C,C,C,C,C,,C,C,,C,,,C,K,L,L,K,L,L,K,3,3,2,2,3,2,2,1,1,0,1,0,0,1,1,1,1,1,1,1,0,1,2,2,1,2,2,1,CVC,CVVC,CVV,CVC,CVV,CVV,VC,2,1,0,2,0,0,1,N,NN,T,2,Kulturministerium,sekunda
on,ø,n,on,ion,tion,ution,C,LC,LLC,ALLC,LALLC,Kul,ø,K,Ku,Kul,Kult,Kultu,C,CK,CKC,CKCC,CKCCL,13,13,10,7,12,9,9,4,4,5,3,6,4,4,-1,light,light,light,light,light,light,light,c,c,o,o,o,o,c,CKC,CLC,CL,CL,CL,AL,LC,C,C,C,C,C,A,,C,C,,,,,C,K,L,L,L,L,L,L,3,3,2,2,2,2,2,1,1,0,0,0,0,1,1,1,1,1,1,1,0,1,2,2,2,2,2,2,CVC,CVVC,CVV,CVV,CVV,CVV,VVC,2,1,0,0,0,0,0,N,NN,T,2,Kulturrevolution,sekunda
on,ø,n,on,ion,tion,ation,C,LC,LLC,ALLC,KALLC,Lei,ø,L,Le,Lei,Leib,Leibe,C,CD,CDC,CDCK,CDCKC,14,8,9,9,7,9,9,7,2,4,4,3,4,4,-1,light,schwa,light,light,light,light,light,o,c,o,o,c,o,c,CD,CKC,CL,CL,CK,AL,LC,C,C,C,C,C,A,,,C,,,,,C,D,K,L,L,K,L,L,3,3,2,2,2,2,2,0,1,0,0,1,0,1,1,1,1,1,1,1,0,2,1,2,2,1,2,2,CVV,CVC,CVV,CVV,CVC,CVV,VVC,0,2,0,0,2,0,0,N,NN,T,2,Leibesvisitation,prima
te,ø,e,te,hte,chte,ichte,K,CK,CCK,KCCK,CKCCK,Li,ø,L,Li,Lit,Lite,Liter,C,CK,CKC,CKCK,CKCKC,12,7,10,13,7,10,7,6,3,5,4,3,3,3,-1,light,schwa,light,light,schwa,light,schwa,c,o,c,c,o,c,o,CK,CK,CK,CLC,CK,CKC,CK,C,C,C,C,C,C,C,,,,C,,C,,K,K,K,L,K,K,K,2,2,2,3,2,6,2,1,0,1,1,0,1,0,1,1,1,1,1,1,1,1,1,1,2,1,1,1,CVC,CV,CVC,CVVC,CV,CVC,CV,2,1,2,1,1,2,1,N,NN,T,2,Literaturgeschichte,undef
schaft,schaft,t,ft,aft,haft,chaft,C,CC,KCC,CKCC,CCKCC,Li,ø,L,Li,Lit,Lite,Liter,C,CK,CKC,CKCK,CKCKC,12,7,10,13,9,10,9,6,3,5,4,4,3,2,-1,light,schwa,light,light,light,schwa,heavy,c,o,c,c,c,c,c,CK,CK,CK,CLC,CK,CKC,CKCC,C,C,C,C,C,C,C,,,,C,,C,CC,K,K,K,L,K,K,K,2,2,2,3,3,3,6,1,0,1,1,1,1,2,1,1,1,1,1,1,1,1,1,1,2,1,1,1,CVC,CV,CVC,CVVC,CVC,CVC,CVCC,2,1,2,1,2,2,3,N,NN,T,2,Literaturwissenschaft,undef
mus,ø,s,us,mus,smus,ismus,C,KC,CKC,CCKC,KCCKC,Lo,ø,L,Lo,Lok,Loka,Lokal,C,CL,CLC,CLCL,CLCLC,10,15,8,12,6,10,12,5,5,2,6,6,3,4,-1,light,light,light,light,light,light,light,o,c,c,o,o,c,c,CL,CLC,CKC,CL,L,CKC,CKC,C,C,C,C,,C,C,,C,C,,,C,C,L,L,K,L,L,K,K,2,3,2,3,1,3,3,0,1,1,0,0,1,1,1,1,1,1,0,1,1,2,2,1,2,2,1,1,CVV,CVVC,CVC,CVV,VV,CVC,CVC,0,1,2,0,0,2,2,N,AN,T,2,Lokalpatriotismus,sekunda
se,ø,e,se,ose,lose,ulose,K,CK,LCK,CLCK,LCLCK,Lun,ø,L,Lu,Lun,Lung,Lunge,C,CK,CKC,CKCK,CKCKC,12,12,9,11,9,10,7,6,4,4,3,4,5,3,-1,light,schwa,light,light,light,light,schwa,c,c,o,c,o,o,o,CK,CKC,CL,CKC,CL,CL,CK,C,C,C,C,C,C,C,,C,,C,,,,K,K,L,K,L,L,K,3,3,2,3,2,2,2,1,1,0,1,0,0,0,1,1,1,1,1,1,1,1,1,2,1,2,2,1,CVC,CVC,CVV,CVC,CVV,CVV,CV,2,2,0,2,0,0,1,N,NN,T,2,Lungentuberkulose,prima
gung,ø,g,ng,ung,gung,igung,C,KC,CKC,KCKC,CKCKC,Ma,ø,M,Ma,Maj,Maje,Majes,C,CK,CKC,CKCK,CKCKC,9,13,8,7,14,9,12,4,4,2,3,7,4,4,0,light,light,light,schwa,light,light,light,c,c,c,o,o,c,c,CK,CKC,CLA,CK,CD,CK,CKC,C,C,C,C,C,C,C,,C,A,,,,C,K,K,L,K,D,K,K,2,2,5,2,3,2,4,1,1,1,0,0,1,1,1,1,1,1,1,1,1,1,1,2,1,2,1,1,CVC,CVC,CVVC,CV,CVV,CVC,CVC,2,2,1,1,0,2,2,N,NV,T,2,Majestaetsbeleidigung,undef
mie,ø,e,ie,mie,emie,demie,L,CL,LCL,CLCL,KCLCL,Mi,ø,M,Mi,Mil,Mili,Milit,C,CL,CLC,CLCL,CLCLC,11,12,11,6,7,7,11,5,6,3,6,3,3,5,-1,light,light,light,light,light,light,light,o,o,c,c,c,o,o,CL,CL,CLC,K,CK,CL,CL,C,C,C,,C,C,C,,,C,,,,,L,L,L,K,K,L,L,2,2,3,1,2,2,3,0,0,1,1,1,0,0,1,1,1,0,1,1,1,2,2,2,1,1,2,2,CVV,CVV,CVVC,VC,CVC,CVV,CVV,0,0,1,1,2,0,0,N,NN,T,2,Militaerakademie,undef
be,ø,e,be,abe,gabe,sgabe,K,CK,LCK,CLCK,CCLCK,Mi,ø,M,Mi,Min,Mini,Minia,C,CL,CLC,CLCL,CLCLK,11,11,6,13,11,11,7,5,5,6,4,5,5,3,-1,light,light,light,light,light,light,schwa,o,o,c,c,c,o,o,CL,CL,K,CLC,DC,CL,CK,C,C,,C,,C,C,,,,C,C,,,L,L,K,L,D,L,K,2,2,1,3,3,2,2,0,0,1,1,1,0,0,1,1,0,1,0,1,1,2,2,1,2,2,2,1,CVV,CVV,VC,CVVC,VVC,CVV,CV,0,0,1,1,0,0,1,N,NN,T,2,Miniaturausgabe,undef
rei,ø,i,ei,rei,erei,lerei,D,CD,KCD,CKCD,LCKCD,Mi,ø,M,Mi,Min,Mini,Minia,C,CL,CLC,CLCL,CLCLK,11,11,6,13,13,10,14,5,5,6,4,6,5,7,0,light,light,light,light,light,schwa,light,o,o,c,c,o,o,o,CL,CL,K,CLC,CL,CK,CD,C,C,,C,C,C,C,,,,C,,,,L,L,K,L,L,K,D,2,2,1,3,2,2,3,0,0,1,1,0,0,0,1,1,0,1,1,1,1,2,2,1,2,2,1,2,CVV,CVV,VC,CVVC,CVV,CV,CVV,0,0,1,1,0,1,0,N,NN,T,2,Miniaturmalerei,undef
tung,ø,g,ng,ung,tung,ftung,C,KC,CKC,CCKC,KCCKC,Nah,ø,N,Na,Nah,Nahr,Nahru,C,CL,CLC,CLCK,CLCKC,13,16,11,11,11,10,12,6,4,5,3,3,3,4,-1,light,heavy,light,schwa,light,light,light,o,c,c,c,c,c,c,CL,CKCC,CK,CKC,CKC,CKC,CKC,C,C,C,C,C,C,C,,CC,,C,C,C,C,L,K,K,K,K,K,K,3,5,3,3,3,3,4,0,2,1,1,1,1,1,1,1,1,1,1,1,1,2,1,1,1,1,1,1,CVV,CVCC,CVC,CVC,CVC,CVC,CVC,0,3,2,2,2,2,2,N,NN,T,2,Nahrungsmittelvergiftung,prima
sein,ø,n,in,ein,sein,tsein,C,DC,CDC,CCDC,CCCDC,Na,ø,N,Na,Nat,Nati,Natio,C,CK,CKA,CKAL,CKALL,9,9,6,17,7,11,14,4,4,6,5,3,2,4,0,light,light,light,light,schwa,heavy,light,c,o,o,c,o,c,c,CK,AL,L,CLC,CK,CKCC,CDC,C,A,,C,C,C,C,,,,C,,CC,C,K,L,L,L,K,K,D,2,2,1,3,2,4,4,1,0,0,1,0,2,1,1,1,0,1,1,1,1,1,2,2,2,1,1,2,CVC,CVV,VV,CVVC,CV,CVCC,CVVC,2,0,0,1,1,3,1,N,AN,T,2,Nationalbewusstsein,undef
ter,ø,r,er,ter,kter,akter,C,KC,CKC,CCKC,KCCKC,Na,ø,N,Na,Nat,Nati,Natio,C,CK,CKA,CKAL,CKALL,9,9,6,17,7,11,11,4,4,6,5,3,3,3,0,light,light,light,light,light,light,schwa,c,o,o,c,c,c,c,CK,AL,L,CLC,CK,CKC,CKC,C,A,,C,C,C,C,,,,C,,C,C,K,L,L,L,K,K,K,2,2,1,3,3,3,3,1,0,0,1,1,1,1,1,1,0,1,1,1,1,1,2,2,2,1,1,1,CVC,CVV,VV,CVVC,CVC,CVC,CVC,2,0,0,1,2,2,2,N,AN,T,2,Nationalcharakter,undef
men,ø,n,en,men,mmen,ommen,C,KC,CKC,KCKC,CKCKC,Na,ø,N,Na,Nat,Nati,Natio,C,CK,CKA,CKAL,CKALL,9,9,6,17,13,7,12,4,4,6,5,6,3,4,0,light,light,light,light,light,light,schwa,c,o,o,c,c,c,c,CK,AL,L,CLC,DC,CK,CKC,C,A,,C,,C,C,,,,C,C,,C,K,L,L,L,D,K,K,2,2,1,3,3,3,3,1,0,0,1,1,1,1,1,1,0,1,0,1,1,1,2,2,2,2,1,1,CVC,CVV,VV,CVVC,VVC,CVC,CVC,2,0,0,1,0,2,2,N,AN,T,2,Nationaleinkommen,undef
tag,ø,g,ag,tag,rtag,ertag,C,LC,CLC,CCLC,KCCLC,Na,ø,N,Na,Nat,Nati,Natio,C,CK,CKA,CKAL,CKALL,9,9,6,17,11,10,12,4,4,6,5,5,5,4,0,light,light,light,light,light,schwa,light,c,o,o,c,o,c,c,CK,AL,L,CLC,CD,KC,CLC,C,A,,C,C,,C,,,,C,,C,C,K,L,L,L,D,K,L,2,2,1,3,3,2,3,1,0,0,1,0,1,1,1,1,0,1,1,0,1,1,2,2,2,2,1,2,CVC,CVV,VV,CVVC,CVV,VC,CVVC,2,0,0,1,0,1,1,N,AN,T,2,Nationalfeiertag,undef
ral,ø,l,al,ral,eral,beral,C,LC,CLC,LCLC,CLCLC,na,ø,n,na,nat,nati,natio,C,CK,CKA,CKAL,CKALL,9,9,6,17,12,7,18,4,4,6,5,6,3,6,1,light,light,light,light,light,light,light,c,o,o,c,o,o,c,CK,AL,L,CLC,CL,CL,CLC,C,A,,C,C,C,C,,,,C,,,C,K,L,L,L,L,L,L,2,2,1,3,2,2,3,1,0,0,1,0,0,1,1,1,0,1,1,1,1,1,2,2,2,2,2,2,CVC,CVV,VV,CVVC,CVV,CVV,CVVC,2,0,0,1,0,0,1,A,AA,F,2,nationalliberal,undef
nom,ø,m,om,nom,onom,konom,C,LC,CLC,LCLC,CLCLC,Na,ø,N,Na,Nat,Nati,Natio,C,CK,CKA,CKAL,CKALL,9,9,6,17,6,7,12,4,4,6,5,6,3,4,0,light,light,light,light,light,light,light,c,o,o,c,o,o,c,CK,AL,L,CLC,L,CL,CLC,C,A,,C,,C,C,,,,C,,,C,K,L,L,L,L,L,L,2,2,1,3,1,2,3,1,0,0,1,0,0,1,1,1,0,1,0,1,1,1,2,2,2,2,2,2,CVC,CVV,VV,CVVC,VV,CVV,CVVC,2,0,0,1,0,0,1,N,AN,T,2,Nationaloekonom,multa
lung,ø,g,ng,ung,lung,mlung,C,KC,CKC,CCKC,KCCKC,Na,ø,N,Na,Nat,Nati,Natio,C,CK,CKA,CKAL,CKALL,9,9,6,17,11,7,18,4,4,6,5,3,3,4,1,light,light,light,light,light,light,light,c,o,o,c,c,c,c,CK,AL,L,CLC,CKC,CK,CCKC,C,A,,C,C,C,CC,,,,C,C,,C,K,L,L,L,K,K,K,2,2,1,3,3,4,4,1,0,0,1,1,1,1,1,1,0,1,1,1,2,1,2,2,2,1,1,1,CVC,CVV,VV,CVVC,CVC,CVC,CCVC,2,0,0,1,2,2,3,N,AN,T,2,Nationalversammlung,undef
ten,ø,n,en,ten,lten,alten,C,KC,CKC,CCKC,KCCKC,ne,ø,n,ne,neb,nebe,neben,C,CL,CLC,CLCK,CLCKC,9,10,13,9,11,11,10,4,3,6,4,3,3,3,0,light,schwa,light,light,schwa,light,schwa,o,c,c,c,c,c,c,CL,CKC,DC,KC,CKC,CKC,CKC,C,C,,,C,C,C,,C,C,C,C,C,C,L,K,D,K,K,K,K,2,3,3,2,3,5,3,0,1,1,1,1,1,1,1,1,0,0,1,1,1,2,1,2,1,1,1,1,CVV,CVC,VVC,VC,CVC,CVC,CVC,0,2,0,1,2,2,2,V,BV,F,2,nebeneinanderschalten,undef
ne,ø,e,ne,nne,onne,tonne,K,CK,KCK,CKCK,CCKCK,Net,ø,N,Ne,Net,Nett,Netto,C,CK,CKC,CKCL,CKCLC,9,7,10,10,11,7,9,4,3,5,3,3,3,4,0,light,light,light,light,schwa,light,schwa,c,o,o,c,c,c,o,CK,CL,CL,CKC,CKC,CK,CK,C,C,C,C,C,C,C,,,,C,C,,,K,L,L,K,K,K,K,3,2,2,2,4,3,2,1,0,0,1,1,1,0,1,1,1,1,1,1,1,1,2,2,1,1,1,1,CVC,CVV,CVV,CVC,CVC,CVC,CV,2,0,0,2,2,2,1,N,ø,T,2,Nettoregistertonne,prima
dung,ø,g,ng,ung,dung,ndung,C,KC,CKC,CCKC,KCCKC,Nie,ø,N,Ni,Nie,Nier,Niere,C,CL,CLC,CLCK,CLCKC,11,13,7,10,10,12,12,5,4,3,3,3,4,4,0,light,schwa,light,schwa,heavy,light,light,o,c,c,c,c,c,c,CL,CKC,CK,CKC,KCC,AKC,CKC,C,C,C,C,,A,C,,C,,C,CC,C,C,L,K,K,K,K,K,K,3,3,2,4,3,3,4,0,1,1,1,2,1,1,1,1,1,1,0,1,1,2,1,1,1,1,1,1,CVV,CVC,CVC,CVC,VCC,CVC,CVC,0,2,2,2,2,2,2,N,NV,T,2,Nierenbeckenentzuendung,prima
lung,ø,g,ng,ung,lung,dlung,C,KC,CKC,CCKC,CCCKC,O,ø,O,Ob,Obe,Ober,Oberf,L,LC,LCK,LCKC,LCKCC,6,11,11,10,7,10,16,6,3,3,3,3,3,4,0,light,schwa,light,schwa,schwa,light,light,o,c,c,c,o,c,c,L,CKC,CCK,CKC,CK,CKC,CCKC,,C,CC,C,C,C,CC,,C,,C,,C,C,L,K,K,K,K,K,K,1,3,3,4,2,4,4,0,1,1,1,0,1,1,0,1,2,1,1,1,2,2,1,1,1,1,1,1,VV,CVC,CCVC,CVC,CV,CVC,CCVC,0,2,3,2,1,2,3,N,NV,T,2,Oberflaechenbehandlung,prima
de,ø,e,de,nde,ende,rende,K,CK,CCK,KCCK,CKCCK,O,ø,O,Ob,Obe,Ober,Oberk,L,LC,LCK,LCKC,LCKCC,6,11,7,12,9,13,7,6,3,3,4,4,4,3,0,light,schwa,light,light,light,schwa,schwa,o,c,c,c,o,c,o,L,CKC,CK,CKC,CL,CKC,CK,,C,C,C,C,C,C,,C,,C,,C,,L,K,K,K,L,K,K,1,3,3,3,3,3,2,0,1,1,1,0,1,0,0,1,1,1,1,1,1,2,1,1,1,2,1,1,VV,CVC,CVC,CVC,CVV,CVC,CV,0,2,2,2,0,2,1,N,ø,T,2,Oberkommandierende,prima
richt,ø,t,ht,cht,icht,richt,C,CC,KCC,CKCC,KCKCC,O,ø,O,Ob,Obe,Ober,Oberv,L,LC,LCK,LCKC,LCKCC,6,11,11,11,13,7,14,6,3,3,3,3,3,3,0,light,schwa,light,light,heavy,schwa,heavy,o,c,c,c,c,o,c,L,CKC,CKC,CKC,CKCC,CK,CKCC,,C,C,C,C,C,C,,C,C,C,CC,,CC,L,K,K,K,K,K,K,1,3,3,3,5,2,5,0,1,1,1,2,0,2,0,1,1,1,1,1,1,2,1,1,1,1,1,1,VV,CVC,CVC,CVC,CVCC,CV,CVCC,0,2,2,2,3,1,3,N,AN,T,2,Oberverwaltungsgericht,prima
recht,ø,t,ht,cht,echt,recht,C,CC,KCC,CKCC,CCKCC,O,ø,O,Ob,Obl,Obli,Oblig,L,LC,LCC,LCCL,LCCLC,6,13,7,9,6,12,12,6,4,3,4,6,4,3,0,light,light,light,light,light,schwa,heavy,o,o,c,o,o,c,c,L,CCL,CK,AL,L,CKC,CKCC,,CC,C,A,,C,C,,,,,,C,CC,L,L,K,L,L,K,K,1,3,2,2,1,3,5,0,0,1,0,0,1,2,0,2,1,1,0,1,1,2,2,1,2,2,1,1,VV,CCVV,CVC,CVV,VV,CVC,CVCC,0,1,2,0,0,2,3,N,NN,T,2,Obligationenrecht,antepaenultima
ster,ø,r,er,ter,ster,ester,C,KC,CKC,CCKC,KCCKC,O,ø,O,Op,Ope,Oper,Opera,L,LC,LCK,LCKC,LCKCK,6,7,10,9,10,8,12,6,3,5,4,3,2,3,0,light,schwa,light,light,heavy,light,schwa,o,o,c,o,c,c,c,L,CK,CK,AL,LCC,CCK,CCKC,,C,C,A,,CC,CC,,,,,CC,,C,L,K,K,L,L,K,K,1,2,2,2,3,5,4,0,0,1,0,2,1,1,0,1,1,1,0,2,2,2,1,1,2,2,1,1,VV,CV,CVC,CVV,VVCC,CCVC,CCVC,0,1,2,0,1,3,3,N,NN,T,2,Operationsschwester,antepaenultima
tei,ø,i,ei,tei,rtei,artei,D,CD,CCD,KCCD,CKCCD,Op,ø,O,Op,Opp,Oppo,Oppos,K,KC,KCL,KCLC,KCLCL,6,7,9,9,10,11,11,6,3,4,4,3,3,5,0,light,light,light,light,heavy,light,light,c,o,o,o,c,c,o,K,CL,CL,AL,LCC,CKC,CD,,C,C,A,,C,C,,,,,CC,C,,K,L,L,L,L,K,D,2,2,2,2,3,3,3,1,0,0,0,2,1,0,0,1,1,1,0,1,1,1,2,2,2,2,1,2,VC,CVV,CVV,CVV,VVCC,CVC,CVV,1,0,0,0,1,2,0,N,NN,T,2,Oppositionspartei,antepaenultima
form,ø,m,rm,orm,form,sform,C,CC,KCC,CKCC,CCKCC,Or,ø,O,Or,Org,Orga,Organ,K,KC,KCC,KCCK,KCCKC,10,7,11,7,9,10,14,5,3,5,3,4,3,3,0,light,light,light,light,light,heavy,heavy,c,c,o,c,o,c,c,KC,CK,CL,CK,AL,LCC,CKCC,,C,C,C,A,,C,C,,,,,CC,CC,K,K,L,K,L,L,K,2,2,2,2,2,3,4,1,1,0,1,0,2,2,0,1,1,1,1,0,1,1,1,2,1,2,2,1,VC,CVC,CVV,CVC,CVV,VVCC,CVCC,1,2,0,2,0,1,3,N,NN,T,2,Organisationsform,paenultima
fe,ø,e,fe,lfe,ilfe,hilfe,K,CK,CCK,KCCK,CKCCK,O,ø,O,Or,Ori,Orie,Orien,L,LC,LCL,LCLK,LCLKC,6,12,9,9,16,13,7,6,6,4,4,4,4,3,0,light,light,light,light,heavy,light,schwa,o,o,c,o,c,c,o,L,CL,KC,CL,CKCC,CKC,CK,,C,,C,C,C,C,,,C,,CC,C,,L,L,K,L,K,K,K,1,2,2,3,5,3,2,0,0,1,0,2,1,0,0,1,0,1,1,1,1,2,2,1,2,1,1,1,VV,CVV,VC,CVV,CVCC,CVC,CV,0,0,1,0,3,2,1,N,NN,T,2,Orientierungshilfe,undef
be,ø,e,be,abe,gabe,sgabe,K,CK,LCK,CLCK,CCLCK,O,ø,O,Or,Ori,Orig,Origi,L,LC,LCL,LCLC,LCLCL,6,12,9,17,11,11,7,6,6,4,5,5,5,3,0,light,light,light,light,light,light,schwa,o,o,o,c,c,o,o,L,CL,CL,CLC,DC,CL,CK,,C,C,C,,C,C,,,,C,C,,,L,L,L,L,D,L,K,1,2,2,3,3,2,2,0,0,0,1,1,0,0,0,1,1,1,0,1,1,2,2,2,2,2,2,1,VV,CVV,CVV,CVVC,VVC,CVV,CV,0,0,0,1,0,0,1,N,AN,T,2,Originalausgabe,undef
on,ø,n,on,ion,tion,ution,C,LC,LLC,ALLC,LALLC,Pa,ø,P,Pa,Pal,Pala,Palas,C,CK,CKC,CKCK,CKCKC,7,12,10,7,12,9,9,3,3,5,3,6,4,4,0,light,heavy,light,light,light,light,light,c,c,o,o,o,o,c,CK,CKCC,CL,CL,CL,AL,LC,C,C,C,C,C,A,,,CC,,,,,C,K,K,L,L,L,L,L,2,4,2,2,2,2,2,1,2,0,0,0,0,1,1,1,1,1,1,1,0,1,1,2,2,2,2,2,CVC,CVCC,CVV,CVV,CVV,CVV,VVC,2,3,0,0,0,0,0,N,NN,T,2,Palastrevolution,sekunda
ne,ø,e,ne,one,none,anone,K,CK,LCK,CLCK,KCLCK,Pan,ø,P,Pa,Pan,Panz,Panze,C,CK,CKC,CKCA,CKCAK,10,11,7,11,7,9,9,3,3,3,3,3,4,4,-1,light,schwa,light,light,light,light,schwa,c,c,c,c,c,o,o,CKC,AKC,KC,CLC,CK,CL,CK,C,A,,C,C,C,C,C,C,C,C,,,,K,K,K,L,K,L,K,3,3,2,4,2,2,2,1,1,1,1,1,0,0,1,1,0,1,1,1,1,1,1,1,2,1,2,1,CVC,CVC,VC,CVVC,CVC,CVV,CV,2,2,1,1,2,0,1,N,NN,T,2,Panzerabwehrkanone,prima
rung,ø,g,ng,ung,rung,erung,C,KC,CKC,KCKC,CKCKC,Per,ø,P,Pe,Per,Pers,Perso,C,CK,CKC,CKCC,CKCCL,11,7,12,7,11,7,15,3,3,4,3,3,3,5,0,light,light,schwa,schwa,light,schwa,light,c,o,c,o,c,o,c,CKC,CL,CKC,CK,CKC,CK,CKC,C,C,C,C,C,C,C,C,,C,,C,,C,K,L,K,K,K,K,K,3,2,3,2,3,2,4,1,0,1,0,1,0,1,1,1,1,1,1,1,1,1,2,1,1,1,1,1,CVC,CVV,CVC,CV,CVC,CV,CVC,2,0,2,1,2,1,2,N,NV,T,2,Personenbefoerderung,sekunda
tung,ø,g,ng,ung,tung,ltung,C,KC,CKC,CCKC,KCCKC,Per,ø,P,Pe,Per,Pers,Perso,C,CK,CKC,CKCC,CKCCL,11,10,13,12,10,11,12,3,3,4,4,3,3,4,0,light,light,light,light,heavy,light,light,c,c,c,c,c,c,c,CKC,CLC,CKC,CDA,KCC,CKC,CKC,C,C,C,C,,C,C,C,C,C,A,CC,C,C,K,L,K,D,K,K,K,3,3,4,5,3,3,4,1,1,1,1,2,1,1,1,1,1,1,0,1,1,1,2,1,2,1,1,1,CVC,CVVC,CVC,CVVC,VCC,CVC,CVC,2,1,2,1,2,2,2,N,NV,T,2,Persoenlichkeitsentfaltung,sekunda
lung,ø,g,ng,ung,lung,klung,C,KC,CKC,CCKC,KCCKC,Per,ø,P,Pe,Per,Pers,Perso,C,CK,CKC,CKCC,CKCCL,11,10,13,12,10,9,16,3,3,4,4,3,4,4,0,light,light,light,light,heavy,light,light,c,c,c,c,c,c,c,CKC,CLC,CKC,CDA,KCC,CK,CCKC,C,C,C,C,,C,CC,C,C,C,A,CC,,C,K,L,K,D,K,K,K,3,3,4,5,3,4,4,1,1,1,1,2,1,1,1,1,1,1,0,1,2,1,2,1,2,1,1,1,CVC,CVVC,CVC,CVVC,VCC,CVC,CCVC,2,1,2,1,2,2,3,N,NN,T,2,Persoenlichkeitsentwicklung,sekunda
1at,ø,t,et,aet,taet,itaet,C,LC,CLC,LCLC,ALCLC,Pho,ø,P,Ph,Pho,Phot,Photo,C,CL,CLC,CLCL,CLCLL,7,7,6,11,13,9,8,3,3,6,3,4,4,2,0,light,light,light,light,light,light,light,o,o,o,c,o,o,c,CL,CL,L,CKC,CCL,AL,CLC,C,C,,C,CC,A,C,,,,C,,,C,L,L,L,K,L,L,L,3,2,1,3,3,2,3,0,0,0,1,0,0,1,1,1,0,1,2,1,1,2,2,2,1,2,2,2,CVV,CVV,VV,CVC,CCVV,CVV,CVVC,0,0,0,2,1,0,1,N,NN,T,2,Photoelektrizitaet,prima
on,ø,n,on,ion,tion,ition,C,LC,LLC,ALLC,LALLC,Po,ø,P,Po,Pol,Pola,Polar,C,CL,CLC,CLCL,CLCLC,7,18,8,7,9,9,9,3,6,2,3,4,4,4,-1,light,light,heavy,light,light,light,light,o,c,c,o,o,o,c,CL,CLC,KCC,CL,CL,AL,LC,C,C,,C,C,A,,,C,CC,,,,C,L,L,K,L,L,L,L,2,3,2,2,2,2,2,0,1,2,0,0,0,1,1,1,0,1,1,1,0,2,2,1,2,2,2,2,CVV,CVVC,VCC,CVV,CVV,CVV,VVC,0,1,2,0,0,0,0,N,AN,T,2,Polarexpedition,sekunda
lich,ø,h,ch,ich,lich,tlich,C,KC,CKC,CCKC,CCCKC,po,ø,p,po,pop,popu,popul,C,CL,CLC,CLCL,CLCLC,7,9,14,9,10,9,13,3,4,4,4,3,2,4,0,light,light,light,light,schwa,heavy,light,o,o,c,c,c,c,c,CL,CL,CLC,CK,CKC,CKCC,CKC,C,C,C,C,C,C,C,,,C,,C,CC,C,L,L,L,K,K,K,K,2,2,3,3,3,6,4,0,0,1,1,1,2,1,1,1,1,1,1,1,1,2,2,2,1,1,1,1,CVV,CVV,CVVC,CVC,CVC,CVCC,CVC,0,0,1,2,2,3,2,A,AA,F,2,populaerwissenschaftlich,undef
dat,ø,t,at,dat,idat,didat,C,LC,CLC,LCLC,CLCLC,Pr1,ø,P,Pr,Pra,Prae,Praes,C,CC,CCK,CCKC,CCKCL,11,9,11,9,10,9,12,3,4,2,2,3,4,4,0,light,light,heavy,heavy,light,light,light,c,o,c,c,c,o,c,CCK,CL,CKCC,CKCA,CKC,CL,CLC,CC,C,C,C,C,C,C,,,CC,CA,C,,C,K,L,K,K,K,L,L,3,2,4,7,3,2,3,1,0,2,2,1,0,1,2,1,1,1,1,1,1,1,2,1,1,1,2,2,CCVC,CVV,CVCC,CVCC,CVC,CVV,CVVC,3,0,3,3,2,0,1,N,NN,T,2,Praesidentschaftskandidat,undef
ter,ø,r,er,ter,tter,atter,C,KC,CKC,KCKC,CKCKC,Pres,ø,P,Pr,Pre,Pres,Press,C,CC,CCK,CCKC,CCKCK,11,7,7,14,10,8,11,3,3,3,3,5,2,3,0,light,schwa,schwa,heavy,light,light,schwa,c,o,o,c,c,c,c,CCK,CK,CK,CKCC,KC,CCK,CKC,CC,C,C,C,,CC,C,,,,CC,C,,C,K,K,K,K,K,K,K,4,2,2,5,2,4,3,1,0,0,2,1,1,1,2,1,1,1,0,2,1,1,1,1,1,1,1,1,CCVC,CV,CV,CVCC,VC,CCVC,CVC,3,1,1,3,1,3,2,N,NN,T,2,Presseberichterstatter,prima
heit,heit,t,it,eit,heit,nheit,C,DC,CDC,CCDC,KCCDC,Pri,ø,P,Pr,Pri,Priv,Priva,C,CC,CCL,CCLC,CCLCL,13,12,9,7,10,10,12,4,4,4,3,5,3,4,-1,light,light,light,schwa,light,schwa,light,o,c,c,o,o,c,c,CCL,CLC,KC,CK,CL,CKC,CDC,CC,C,,C,C,C,C,,C,C,,,C,C,L,L,K,K,L,K,D,3,3,2,2,2,3,4,0,1,1,0,0,1,1,2,1,0,1,1,1,1,2,2,1,1,2,1,2,CCVV,CVVC,VC,CV,CVV,CVC,CVVC,1,1,1,1,0,2,1,N,AN,T,2,Privatangelegenheit,sekunda
rung,ø,g,ng,ung,rung,erung,C,KC,CKC,KCKC,CKCKC,Pro,ø,P,Pr,Pro,Prod,Produ,C,CC,CCL,CCLC,CCLCK,11,10,9,10,12,7,15,3,3,4,3,4,3,5,0,light,light,light,heavy,light,schwa,light,o,c,o,c,o,o,c,CCL,CKC,AL,LCC,CCD,CK,CKC,CC,C,A,,CC,C,C,,C,,CC,,,C,L,K,L,L,D,K,K,3,3,2,3,4,2,4,0,1,0,2,0,0,1,2,1,1,0,2,1,1,2,1,2,2,2,1,1,CCVV,CVC,CVV,VVCC,CCVV,CV,CVC,1,2,0,1,1,1,2,N,NV,T,2,Produktionssteigerung,undef
rat,ø,t,at,rat,arat,parat,C,LC,CLC,KCLC,CKCLC,Pro,ø,P,Pr,Pro,Proj,Proje,C,CC,CCL,CCLC,CCLCK,11,13,9,10,6,7,15,3,4,4,3,6,3,5,-1,light,light,light,heavy,light,light,light,o,c,o,c,c,c,c,CCL,CKC,AL,LCC,K,CK,CLC,CC,C,A,,,C,C,,C,,CC,,,C,L,K,L,L,K,K,L,3,3,2,3,2,2,3,0,1,0,2,1,1,1,2,1,1,0,0,1,1,2,1,2,2,1,1,2,CCVV,CVC,CVV,VVCC,VC,CVC,CVVC,1,2,0,1,1,2,1,N,NN,T,2,Projektionsapparat,undef
tiv,ø,v,iv,tiv,ktiv,ektiv,C,LC,CLC,CCLC,KCCLC,Pro,ø,P,Pr,Pro,Pron,Prono,C,CC,CCL,CCLC,CCLCL,11,9,11,17,7,13,10,3,4,5,5,3,4,3,0,light,light,light,light,light,light,light,o,o,o,c,c,c,c,CCL,CL,CL,CLC,KC,CKC,CLC,CC,C,C,C,,C,C,,,,C,C,C,C,L,L,L,L,K,K,L,3,2,2,3,2,3,3,0,0,0,1,1,1,1,2,1,1,1,0,1,1,2,2,2,2,1,1,2,CCVV,CVV,CVV,CVVC,VC,CVC,CVVC,1,0,0,1,1,2,1,N,AN,T,2,Pronominaladjektiv,undef
ker,ø,r,er,ker,iker,tiker,C,KC,CKC,LCKC,CLCKC,Psy,ø,P,Ps,Psy,Psyc,Psych,C,CC,CCL,CCLC,CCLCL,10,7,6,9,12,9,11,3,3,6,4,6,4,3,0,light,light,light,light,light,light,schwa,o,o,c,c,o,o,c,CCL,CL,K,CK,CL,CL,CKC,CC,C,,C,C,C,C,,,,,,,C,L,L,K,K,L,L,K,3,3,1,2,2,2,3,0,0,1,1,0,0,1,2,1,0,1,1,1,1,2,2,1,1,2,2,1,CCVV,CVV,VC,CVC,CVV,CVV,CVC,1,0,1,2,0,0,2,N,NN,T,2,Psychoanalytiker,antepaenultima
se,ø,e,se,sse,esse,resse,K,CK,KCK,CKCK,KCKCK,Pu,ø,P,Pu,Pub,Publ,Publi,C,CK,CKC,CKCC,CKCCL,9,13,13,11,7,10,7,4,4,3,5,3,5,3,-1,light,light,heavy,light,schwa,light,schwa,c,o,c,c,o,c,o,CK,CCL,CKCC,KC,CK,CK,CK,C,CC,C,,C,C,C,,,CC,C,,,,K,L,K,K,K,K,K,2,3,4,2,2,3,2,1,0,2,1,0,1,0,1,2,1,0,1,1,1,1,2,1,1,1,1,1,CVC,CCVV,CVCC,VC,CV,CVC,CV,2,1,3,1,1,2,1,N,NN,T,2,Publikumsinteresse,prima
rung,ø,g,ng,ung,rung,erung,C,KC,CKC,LCKC,CLCKC,Ras,ø,R,Ra,Ras,Rass,Rasse,C,CK,CKC,CKCK,CKCKC,10,10,10,13,11,11,15,5,3,3,4,5,5,5,0,light,schwa,light,light,light,light,light,c,c,c,o,o,o,c,CK,CKC,CKC,CCL,CL,CL,CKC,C,C,C,CC,C,C,C,,C,C,,,,C,K,K,K,L,L,L,K,3,3,3,3,2,3,4,1,1,1,0,0,0,1,1,1,1,2,1,1,1,1,1,1,2,2,2,1,CVC,CVC,CVC,CCVV,CVV,CVV,CVC,2,2,2,1,0,0,2,N,NN,T,2,Rassendiskriminierung,prima
ge,ø,e,ge,age,lage,nlage,K,CK,LCK,CLCK,CCLCK,Rek,ø,R,Re,Rek,Rekt,Rekti,C,CK,CKC,CKCC,CKCCL,11,9,9,13,9,14,7,3,4,4,4,4,7,3,-1,light,light,light,light,light,light,schwa,c,o,o,c,c,o,o,CKC,CL,CL,ALC,KC,CL,CK,C,C,C,A,,C,C,C,,,C,C,,,K,L,L,L,K,L,K,3,2,2,4,2,2,2,1,0,0,1,1,0,0,1,1,1,1,0,1,1,1,2,2,2,1,2,1,CVC,CVV,CVV,CVVC,VC,CVV,CV,2,0,0,1,1,0,1,N,VN,T,2,Rektifizieranlage,undef
nis,nis,s,is,nis,tnis,ntnis,C,KC,CKC,CCKC,CCCKC,Re,ø,R,Re,Rel,Reli,Relig,C,CL,CLC,CLCL,CLCLC,10,12,9,10,7,11,12,5,6,4,3,3,2,4,0,light,light,light,heavy,schwa,heavy,light,o,o,o,c,o,c,c,CL,CL,CL,LCC,CK,CKCC,CKC,C,C,C,,C,C,C,,,,CC,,CC,C,L,L,L,L,K,K,K,2,2,2,3,2,5,3,0,0,0,2,0,2,1,1,1,1,0,1,1,1,2,2,2,2,1,1,1,CVV,CVV,CVV,VVCC,CV,CVCC,CVC,0,0,0,1,1,3,2,N,NN,T,2,Religionsbekenntnis,undef
schaft,schaft,t,ft,aft,haft,chaft,C,CC,KCC,CKCC,CCKCC,Re,ø,R,Re,Rel,Reli,Relig,C,CL,CLC,CLCL,CLCLC,10,12,9,10,7,16,9,5,6,4,3,3,5,2,0,light,light,light,heavy,schwa,light,heavy,o,o,o,c,o,c,c,CL,CL,CL,LCC,CK,CDC,CKCC,C,C,C,,C,C,C,,,,CC,,C,CC,L,L,L,L,K,D,K,2,2,2,3,2,4,6,0,0,0,2,0,1,2,1,1,1,0,1,1,1,2,2,2,2,1,2,1,CVV,CVV,CVV,VVCC,CV,CVVC,CVCC,0,0,0,1,1,1,3,N,NN,T,2,Religionsgemeinschaft,undef
te,ø,e,te,hte,chte,ichte,K,CK,CCK,KCCK,CKCCK,Re,ø,R,Re,Rel,Reli,Relig,C,CL,CLC,CLCL,CLCLC,10,12,9,10,7,10,7,5,6,4,3,3,3,3,-1,light,light,light,heavy,schwa,light,schwa,o,o,o,c,o,c,o,CL,CL,CL,LCC,CK,CKC,CK,C,C,C,,C,C,C,,,,CC,,C,,L,L,L,L,K,K,K,2,2,2,3,2,6,2,0,0,0,2,0,1,0,1,1,1,0,1,1,1,2,2,2,2,1,1,1,CVV,CVV,CVV,VVCC,CV,CVC,CV,0,0,0,1,1,2,1,N,NN,T,2,Religionsgeschichte,undef
richt,ø,t,ht,cht,icht,richt,C,CC,KCC,CKCC,CCKCC,Re,ø,R,Re,Rel,Reli,Relig,C,CL,CLC,CLCL,CLCLC,10,12,9,10,11,11,14,5,6,4,3,5,3,3,0,light,light,light,heavy,light,schwa,heavy,o,o,o,c,c,c,c,CL,CL,CL,LCC,KC,CKC,CKCC,C,C,C,,,C,C,,,,CC,C,C,CC,L,L,L,L,K,K,K,2,2,2,3,2,3,5,0,0,0,2,1,1,2,1,1,1,0,0,1,1,2,2,2,2,1,1,1,CVV,CVV,CVV,VVCC,VC,CVC,CVCC,0,0,0,1,1,2,3,N,NN,T,2,Religionsunterricht,undef
schaft,schaft,t,ft,aft,haft,chaft,C,CC,KCC,CKCC,CCKCC,Re,ø,R,Re,Rel,Reli,Relig,C,CL,CLC,CLCL,CLCLC,10,12,9,10,9,10,9,5,6,4,3,4,3,2,-1,light,light,light,heavy,light,schwa,heavy,o,o,o,c,c,c,c,CL,CL,CL,LCC,CK,CKC,CKCC,C,C,C,,C,C,C,,,,CC,,C,CC,L,L,L,L,K,K,K,2,2,2,3,3,3,6,0,0,0,2,1,1,2,1,1,1,0,1,1,1,2,2,2,2,1,1,1,CVV,CVV,CVV,VVCC,CVC,CVC,CVCC,0,0,0,1,2,2,3,N,NN,T,2,Religionswissenschaft,undef
ter,ø,r,er,ter,lter,elter,C,KC,CKC,CCKC,KCCKC,Re,ø,R,Re,Rel,Reli,Reliq,C,CL,CLC,CLCL,CLCLC,10,13,9,9,7,11,11,5,4,4,4,3,3,3,-1,light,light,light,schwa,schwa,light,schwa,o,c,o,c,o,c,c,CL,CLC,CL,KC,CK,CKC,CKC,C,C,C,,C,C,C,,C,,C,,C,C,L,L,L,K,K,K,K,2,2,3,2,2,3,3,0,1,0,1,0,1,1,1,1,1,0,1,1,1,2,2,2,1,1,1,1,CVV,CVVC,CVV,VC,CV,CVC,CVC,0,1,0,1,1,2,2,N,NN,T,2,Reliquienbehaelter,sekunda
tig,ø,g,ig,tig,ftig,rftig,C,KC,CKC,CCKC,CCCKC,re,ø,r,re,ren,reno,renov,C,CL,CLC,CLCL,CLCLC,10,9,9,16,7,14,10,5,4,4,4,3,3,3,0,light,light,light,heavy,schwa,heavy,light,o,o,o,c,o,c,c,CL,CL,CL,CKCC,CK,CKCC,CKC,C,C,C,C,C,C,C,,,,CC,,CC,C,L,L,L,K,K,K,K,2,2,3,5,2,4,3,0,0,0,2,0,2,1,1,1,1,1,1,1,1,2,2,2,1,1,1,1,CVV,CVV,CVV,CVCC,CV,CVCC,CVC,0,0,0,3,1,3,2,A,NA,F,2,renovierungsbeduerftig,undef
stung,ø,g,ng,ung,tung,stung,C,KC,CKC,CCKC,DCCKC,Re,ø,R,Re,Rep,Repa,Repar,C,CL,CLC,CLCK,CLCKC,10,7,10,9,10,15,12,5,3,5,4,3,5,4,0,light,light,light,light,heavy,light,light,o,c,c,o,c,c,c,CL,CK,CK,AL,LCC,CDC,CKC,C,C,C,A,,C,C,,,,,CC,C,C,L,K,K,L,L,D,K,2,2,2,2,3,3,5,0,1,1,0,2,1,1,1,1,1,1,0,1,1,2,1,1,2,2,2,1,CVV,CVC,CVC,CVV,VVCC,CVVC,CVC,0,2,2,0,1,1,2,N,NN,T,2,Reparationsleistung,antepaenultima
lig,ø,g,ig,lig,llig,ellig,C,KC,CKC,KCKC,CKCKC,re,ø,r,re,rep,repa,repar,C,CL,CLC,CLCK,CLCKC,10,7,10,13,9,7,13,5,3,5,4,4,3,4,0,light,light,light,light,light,light,light,o,c,c,c,c,c,c,CL,CK,CK,CLC,KC,CK,CKC,C,C,C,C,,C,C,,,,C,C,,C,L,K,K,L,K,K,K,2,2,2,3,2,3,3,0,1,1,1,1,1,1,1,1,1,1,0,1,1,2,1,1,2,1,1,1,CVV,CVC,CVC,CVVC,VC,CVC,CVC,0,2,2,1,1,2,2,A,NA,F,2,reparaturanfaellig,undef
tig,ø,g,ig,tig,ftig,rftig,C,KC,CKC,CCKC,CCCKC,re,ø,r,re,rep,repa,repar,C,CL,CLC,CLCK,CLCKC,10,7,10,13,7,14,10,5,3,5,4,3,3,3,0,light,light,light,light,schwa,heavy,light,o,c,c,c,o,c,c,CL,CK,CK,CLC,CK,CKCC,CKC,C,C,C,C,C,C,C,,,,C,,CC,C,L,K,K,L,K,K,K,2,2,2,3,2,4,3,0,1,1,1,0,2,1,1,1,1,1,1,1,1,2,1,1,2,1,1,1,CVV,CVC,CVC,CVVC,CV,CVCC,CVC,0,2,2,1,1,3,2,A,NA,F,2,reparaturbeduerftig,undef
walt,ø,t,lt,alt,walt,ewalt,L,CL,KCL,CKCL,CCKCL,Re,ø,R,Re,Rep,Repr,Repra,C,CL,CLC,CLCC,CLCCK,10,11,10,7,10,7,7,5,3,3,3,3,3,3,-1,light,light,light,light,light,schwa,heavy,o,c,c,c,c,o,c,CL,CCK,CKC,CK,CLC,CK,CL,C,CC,C,C,C,C,C,,,C,,C,,,L,K,K,K,L,K,L,2,3,3,2,3,2,4,0,1,1,1,1,0,2,1,2,1,1,1,1,1,2,1,1,1,2,1,1,CVV,CCVC,CVC,CVC,CVVC,CV,CVCC,0,3,2,2,1,1,3,N,AN,T,2,Repraesentativgewalt,antepaenultima
tor,ø,r,or,tor,ktor,aktor,C,KC,CKC,CCKC,KCCKC,Re,ø,R,Re,Rep,Repr,Repro,C,CL,CLC,CLCC,CLCCL,10,11,10,9,10,8,11,5,3,3,4,3,2,3,-1,light,light,light,light,heavy,light,light,o,o,c,o,c,c,c,CL,CCL,CKC,AL,LCC,CKC,CKC,C,CC,C,A,,C,C,,,C,,CC,C,C,L,L,K,L,L,K,K,2,3,3,2,3,3,3,0,0,1,0,2,1,1,1,2,1,1,0,1,1,2,2,1,2,2,1,1,CVV,CCVV,CVC,CVV,VVCC,CVC,CVC,0,1,2,0,1,2,2,N,NN,T,2,Reproduktionsfaktor,antepaenultima
nik,ø,k,ik,nik,hnik,chnik,C,KC,CKC,CCKC,KCCKC,Re,ø,R,Re,Rep,Repr,Repro,C,CL,CLC,CLCC,CLCCL,10,11,10,9,10,8,12,5,3,3,4,3,2,4,0,light,light,light,light,heavy,light,light,o,o,c,o,c,c,c,CL,CCL,CKC,AL,LCC,CKC,CKC,C,CC,C,A,,C,C,,,C,,CC,C,C,L,L,K,L,L,K,K,2,3,3,2,3,4,3,0,0,1,0,2,1,1,1,2,1,1,0,1,1,2,2,1,2,2,1,1,CVV,CCVV,CVC,CVV,VVCC,CVC,CVC,0,1,2,0,1,2,2,N,NN,T,2,Reproduktionstechnik,antepaenultima
beit,ø,t,it,eit,beit,rbeit,C,DC,CDC,CCDC,KCCDC,Re,ø,R,Re,Res,Rest,Resta,C,CL,CLC,CLCC,CLCCD,11,11,10,9,10,10,12,3,5,5,4,3,5,4,0,light,light,light,light,heavy,light,light,c,o,c,o,c,c,c,CLC,CD,CK,AL,LCC,KC,CDC,C,C,C,A,,,C,C,,,,CC,C,C,L,D,K,L,L,K,D,2,4,2,2,3,2,4,1,0,1,0,2,1,1,1,1,1,1,0,0,1,2,2,1,2,2,1,2,CVVC,CVV,CVC,CVV,VVCC,VC,CVVC,1,0,2,0,1,1,1,N,NN,T,2,Restaurationsarbeit,antepaenultima
plar,ø,r,ar,lar,plar,mplar,C,LC,CLC,CCLC,CCCLC,Re,ø,R,Re,Rez,Reze,Rezen,C,CL,CLA,CLAK,CLAKC,10,10,9,10,6,11,19,5,3,4,3,6,2,4,0,light,light,light,heavy,light,light,light,o,c,o,c,c,c,c,CL,AKC,CL,LCC,K,CCKC,CCLC,C,A,C,,,CC,CC,,C,,CC,,C,C,L,K,L,L,K,K,L,2,3,2,3,2,2,4,0,1,0,2,1,1,1,1,1,1,0,0,2,2,2,1,2,2,1,1,2,CVV,CVC,CVV,VVCC,VC,CCVC,CCVVC,0,2,0,1,1,3,1,N,NN,T,2,Rezensionsexemplar,undef
re,ø,e,re,ure,eure,aeure,K,CK,DCK,CDCK,CCDCK,Ri,ø,R,Ri,Rib,Ribo,Ribon,C,CL,CLC,CLCL,CLCLC,12,7,11,11,11,11,10,6,3,5,3,5,5,5,0,light,light,light,light,light,light,schwa,o,o,o,o,c,o,o,CL,CL,CL,CCL,LC,CD,CK,C,C,C,CC,,C,C,,,,,C,,,L,L,L,L,L,D,K,2,2,2,3,2,3,2,0,0,0,0,1,0,0,1,1,1,2,0,1,1,2,2,2,2,2,2,1,CVV,CVV,CVV,CCVV,VVC,CVV,CV,0,0,0,1,0,0,1,N,ø,T,2,Ribonukleinsaeure,antepaenultima
ne,ø,e,ne,ine,hine,chine,K,CK,LCK,CLCK,KCLCK,Ro,ø,R,Ro,Rot,Rota,Rotat,C,CL,CLC,CLCK,CLCKA,10,7,9,10,9,9,9,5,3,4,3,4,4,4,0,light,light,light,heavy,light,light,schwa,o,c,o,c,c,o,o,CL,CK,AL,LCC,CK,CL,CK,C,C,A,,C,C,C,,,,CC,,,,L,K,L,L,K,L,K,2,2,2,3,2,4,2,0,1,0,2,1,0,0,1,1,1,0,1,1,1,2,1,2,2,1,2,1,CVV,CVC,CVV,VVCC,CVC,CVV,CV,0,2,0,1,2,0,1,N,NN,T,2,Rotationsmaschine,undef
tel,ø,l,el,tel,ttel,ittel,C,KC,CKC,KCKC,CKCKC,Sch1d,ø,S,Sc,Sch,Scha,Schae,C,CL,CLC,CLCC,CLCCK,8,16,7,10,13,11,11,2,4,3,3,3,5,3,0,light,heavy,schwa,light,heavy,light,schwa,c,c,o,c,c,c,c,CLC,CKCC,CK,CKC,AKCC,CK,CKC,C,C,C,C,A,C,C,C,CC,,C,CC,,C,L,K,K,K,K,K,K,5,5,2,4,5,3,3,1,2,0,1,2,1,1,1,1,1,1,1,1,1,2,1,1,1,1,1,1,CVVC,CVCC,CV,CVC,CVCC,CVC,CVC,1,3,1,2,3,2,2,N,NN,T,2,Schaedlingsbekaempfungsmittel,prima
teur,ø,r,ur,eur,teur,ateur,C,LC,CLC,KCLC,CKCLC,Schau,ø,S,Sc,Sch,Scha,Schau,C,CD,CDC,CDCK,CDCKC,11,10,12,7,7,10,11,5,3,3,3,3,5,3,-1,light,light,schwa,light,light,light,light,o,c,c,o,o,c,c,CD,CKC,CCKC,CL,CL,CK,CLC,C,C,CC,C,C,C,C,,C,C,,,,C,D,K,K,L,L,K,L,5,3,4,2,2,2,4,0,1,1,0,0,1,1,1,1,2,1,1,1,1,2,1,1,2,2,1,2,CVV,CVC,CCVC,CVV,CVV,CVC,CVVC,0,2,3,0,0,2,1,N,NN,T,2,Schaufensterdekorateur,prima
de,ø,e,de,ode,iode,riode,K,CK,LCK,LLCK,CLLCK,Schlecht,ø,S,Sc,Sch,Schl,Schle,C,CC,CCK,CCKC,CCKCC,13,7,11,7,12,6,7,2,3,3,3,6,6,3,-1,heavy,light,schwa,light,light,light,schwa,c,c,c,o,o,o,o,CCKCC,CK,CKC,CL,CL,L,CK,CC,C,C,C,C,,C,CC,,C,,,,,K,K,K,L,L,L,K,8,3,3,2,2,1,2,2,1,1,0,0,0,0,2,1,1,1,1,0,1,1,1,1,2,2,2,1,CCVCC,CVC,CVC,CVV,CVV,VV,CV,4,2,2,0,0,0,1,N,NN,T,2,Schlechtwetterperiode,sekunda
on,ø,n,on,ion,tion,ation,C,LC,LLC,ALLC,KALLC,Sch3n,ø,S,Sc,Sch,Scho,Schoe,C,CL,CLC,CLCC,CLCCD,10,12,6,7,10,9,9,3,4,6,3,5,4,4,-1,light,light,light,schwa,light,light,light,c,c,o,o,c,o,c,CLC,CDA,L,CK,CK,AL,LC,C,C,,C,C,A,,C,A,,,,,C,L,D,L,K,K,L,L,5,5,1,2,2,2,2,1,1,0,0,1,0,1,1,1,0,1,1,1,0,2,2,2,1,1,2,2,CVVC,CVVC,VV,CV,CVC,CVV,VVC,1,1,0,1,2,0,0,N,NN,T,2,Schoenheitsoperation,prima
chung,ø,g,ng,ung,hung,chung,C,KC,CKC,KCKC,CKCKC,Schwan,ø,S,Sc,Sch,Schw,Schwa,C,CC,CCK,CCKC,CCKCK,8,13,9,11,11,11,12,2,4,2,5,3,3,4,0,light,schwa,heavy,light,schwa,light,light,c,c,c,c,c,c,c,CCK,CKC,CKCA,KC,CKC,CCK,CKC,CC,C,C,,C,CC,C,,C,CA,C,C,,C,K,K,K,K,K,K,K,6,3,7,2,3,3,5,1,1,2,1,1,1,1,2,1,1,0,1,2,1,1,1,1,1,1,1,1,CCVC,CVC,CVCC,VC,CVC,CCVC,CVC,3,2,3,1,2,3,2,N,NV,T,2,Schwangerschaftsunterbrechung,prima
dung,ø,g,ng,ung,dung,ndung,C,KC,CKC,CCKC,KCCKC,Seh,ø,S,Se,Seh,Sehn,Sehne,C,CL,CLC,CLCK,CLCKC,7,12,11,10,10,12,12,3,4,5,3,3,4,4,0,light,schwa,light,schwa,heavy,light,light,o,c,o,c,c,c,c,CL,CKC,CD,CKC,KCC,AKC,CKC,C,C,C,C,,A,C,,C,,C,CC,C,C,L,K,D,K,K,K,K,3,3,5,3,3,3,4,0,1,0,1,2,1,1,1,1,1,1,0,1,1,2,1,2,1,1,1,1,CVV,CVC,CVV,CVC,VCC,CVC,CVC,0,2,0,2,2,2,2,N,NV,T,2,Sehnenscheidenentzuendung,prima
on,ø,n,on,ion,sion,ssion,C,LC,LLC,CLLC,KCLLC,Se,ø,S,Se,Sek,Seku,Sekun,C,CL,CLC,CLCK,CLCKC,7,12,11,6,11,9,9,3,4,3,6,5,4,4,0,light,light,light,light,light,light,light,o,c,c,o,c,o,c,CL,CKC,CLC,L,CK,CL,LC,C,C,C,,C,C,,,C,C,,,,C,L,K,L,L,K,L,L,2,3,3,1,3,2,2,0,1,1,0,1,0,1,1,1,1,0,1,1,0,2,1,2,2,1,2,2,CVV,CVC,CVVC,VV,CVC,CVV,VVC,0,2,1,0,2,0,0,N,AN,T,2,Sekundaeremission,undef
tur,ø,r,ur,tur,atur,ratur,C,LC,CLC,KCLC,CKCLC,Se,ø,S,Se,Sek,Seku,Sekun,C,CL,CLC,CLCK,CLCKC,7,12,11,12,7,10,13,3,4,3,6,3,5,4,0,light,light,light,light,schwa,light,light,o,c,c,c,o,c,c,CL,CKC,CLC,CK,CK,CK,CLC,C,C,C,C,C,C,C,,C,C,,,,C,L,K,L,K,K,K,L,2,3,3,2,2,2,3,0,1,1,1,0,1,1,1,1,1,1,1,1,1,2,1,2,1,1,1,2,CVV,CVC,CVVC,CVC,CV,CVC,CVVC,0,2,1,2,1,2,1,N,AN,T,2,Sekundaerliteratur,undef
keit,keit,t,it,eit,keit,gkeit,C,DC,CDC,CCDC,KCCDC,Se,ø,S,Se,Sek,Seku,Sekun,C,CL,CLC,CLCK,CLCKC,7,12,10,7,13,10,12,3,4,3,3,3,3,4,0,light,light,schwa,schwa,light,light,light,o,c,c,o,c,c,c,CL,CKC,CKC,CK,CCKC,CKC,CDC,C,C,C,C,CC,C,C,,C,C,,C,C,C,L,K,K,K,K,K,D,2,3,3,2,6,3,4,0,1,1,0,1,1,1,1,1,1,1,2,1,1,2,1,1,1,1,1,2,CVV,CVC,CVC,CV,CCVC,CVC,CVVC,0,2,2,1,3,2,1,N,NN,T,2,Sekundengeschwindigkeit,sekunda
nis,nis,s,is,nis,fnis,rfnis,C,KC,CKC,CCKC,CCCKC,Sen,ø,S,Se,Sen,Sens,Sensa,C,CK,CKC,CKCC,CKCCK,10,7,9,10,7,14,12,3,3,4,3,3,3,4,0,light,light,light,heavy,schwa,heavy,light,c,c,o,c,o,c,c,CKC,CK,AL,LCC,CK,CKCC,CKC,C,C,A,,C,C,C,C,,,CC,,CC,C,K,K,L,L,K,K,K,3,2,2,3,2,4,3,1,1,0,2,0,2,1,1,1,1,0,1,1,1,1,1,2,2,1,1,1,CVC,CVC,CVV,VVCC,CV,CVCC,CVC,2,2,0,1,1,3,2,N,NN,T,2,Sensationsbeduerfnis,undef
gung,ø,g,ng,ung,gung,igung,C,KC,CKC,KCKC,CKCKC,Se,ø,S,Se,Ser,Seri,Serie,C,CL,CLC,CLCL,CLCLK,7,12,9,9,11,9,12,3,6,4,4,3,4,4,0,light,light,schwa,light,light,light,light,o,o,c,c,c,c,c,CL,CL,KC,KC,CKC,CK,CKC,C,C,,,C,C,C,,,C,C,C,,C,L,L,K,K,K,K,K,2,2,2,2,3,2,4,0,0,1,1,1,1,1,1,1,0,0,1,1,1,2,2,1,1,1,1,1,CVV,CVV,VC,VC,CVC,CVC,CVC,0,0,1,1,2,2,2,N,NV,T,2,Serienanfertigung,prima
on,ø,n,on,ion,tion,ktion,C,LC,LLC,ALLC,CALLC,Se,ø,S,Se,Ser,Seri,Serie,C,CL,CLC,CLCL,CLCLK,7,12,9,11,10,9,9,3,6,4,3,3,4,4,0,light,light,schwa,light,light,light,light,o,o,c,o,c,o,c,CL,CL,KC,CCL,CKC,AL,LC,C,C,,CC,C,A,,,,C,,C,,C,L,L,K,L,K,L,L,2,2,2,3,3,2,2,0,0,1,0,1,0,1,1,1,0,2,1,1,0,2,2,1,2,1,2,2,CVV,CVV,VC,CCVV,CVC,CVV,VVC,0,0,1,1,2,0,0,N,NN,T,2,Serienproduktion,prima
ne,ø,e,ne,ene,iene,giene,K,CK,LCK,LLCK,CLLCK,Se,ø,S,Se,Sex,Sexu,Sexua,C,CK,CKC,CKCC,CKCCL,7,10,14,9,9,6,9,3,3,7,4,4,6,4,-1,light,light,light,light,light,light,schwa,c,o,c,o,o,o,o,CK,CCL,LC,CL,CL,L,CK,C,CC,,C,C,,C,,,C,,,,,K,L,L,L,L,L,K,2,2,2,2,2,1,2,1,0,1,0,0,0,0,1,2,0,1,1,0,1,1,2,2,2,2,2,1,CVC,CCVV,VVC,CVV,CVV,VV,CV,2,1,0,0,0,0,1,N,AN,T,2,Sexualhygiene,undef
gik,ø,k,ik,gik,ogik,gogik,C,KC,CKC,LCKC,CLCKC,Se,ø,S,Se,Sex,Sexu,Sexua,C,CK,CKC,CKCC,CKCCL,7,10,14,7,7,7,10,3,3,7,3,3,3,3,-1,light,light,light,light,light,light,light,c,o,c,c,c,o,c,CK,CCL,LC,CK,CK,CL,CKC,C,CC,,C,C,C,C,,,C,,,,C,K,L,L,K,K,L,K,2,2,2,2,2,2,3,1,0,1,1,1,0,1,1,2,0,1,1,1,1,1,2,2,1,1,2,1,CVC,CCVV,VVC,CVC,CVC,CVV,CVC,2,1,0,2,2,0,2,N,AN,T,2,Sexualpaedagogik,undef
gie,ø,e,ie,gie,ogie,logie,L,CL,LCL,CLCL,LCLCL,Se,ø,S,Se,Sex,Sexu,Sexua,C,CK,CKC,CKCC,CKCCL,7,10,14,7,7,10,9,3,3,7,3,3,5,4,-1,light,light,light,light,light,light,light,c,o,c,c,o,o,o,CK,CCL,LC,CK,CL,CL,CL,C,CC,,C,C,C,C,,,C,,,,,K,L,L,K,L,L,L,2,2,2,2,3,2,3,1,0,1,1,0,0,0,1,2,0,1,1,1,1,1,2,2,1,2,2,2,CVC,CCVV,VVC,CVC,CVV,CVV,CVV,2,1,0,2,0,0,0,N,AN,T,2,Sexualpathologie,undef
gie,ø,e,ie,gie,ogie,logie,L,CL,LCL,CLCL,LCLCL,Se,ø,S,Se,Sex,Sexu,Sexua,C,CK,CKC,CKCC,CKCCL,7,10,14,10,7,10,9,3,3,7,3,3,5,4,-1,light,light,light,light,light,light,light,c,o,c,o,o,o,o,CK,CCL,LC,CCL,CL,CL,CL,C,CC,,CC,C,C,C,,,C,,,,,K,L,L,L,L,L,L,2,2,2,3,3,2,3,1,0,1,0,0,0,0,1,2,0,2,1,1,1,1,2,2,2,2,2,2,CVC,CCVV,VVC,CCVV,CVV,CVV,CVV,2,1,0,1,0,0,0,N,AN,T,2,Sexualpsychologie,undef
recht,ø,t,ht,cht,echt,recht,C,CC,KCC,CKCC,KCKCC,si,ø,s,si,sit,situ,situa,C,CL,CLC,CLCL,CLCLK,9,9,6,9,10,7,12,4,4,6,4,3,3,3,0,light,light,light,light,heavy,schwa,heavy,o,o,c,o,c,o,c,CL,CL,K,AL,LCC,CK,CKCC,C,C,,A,,C,C,,,,,CC,,CC,L,L,K,L,L,K,K,2,2,1,2,3,2,5,0,0,1,0,2,0,2,1,1,0,1,0,1,1,2,2,1,2,2,1,1,CVV,CVV,VC,CVV,VVCC,CV,CVCC,0,0,1,0,1,1,3,A,NA,F,2,situationsgerecht,antepaenultima
mik,ø,k,ik,mik,omik,komik,C,KC,CKC,LCKC,CLCKC,Si,ø,S,Si,Sit,Situ,Situa,C,CL,CLC,CLCL,CLCLK,9,9,6,9,10,7,12,4,4,6,4,3,3,4,0,light,light,light,light,heavy,light,light,o,o,c,o,c,o,c,CL,CL,K,AL,LCC,CL,CKC,C,C,,A,,C,C,,,,,CC,,C,L,L,K,L,L,L,K,2,2,1,2,3,2,3,0,0,1,0,2,0,1,1,1,0,1,0,1,1,2,2,1,2,2,2,1,CVV,CVV,VC,CVV,VVCC,CVV,CVC,0,0,1,0,1,0,2,N,NN,T,2,Situationskomik,antepaenultima
f2hl,ø,l,hl,ehl,uehl,fuehl,C,LC,CLC,KCLC,CKCLC,So,ø,S,So,Sol,Soli,Solid,C,CL,CLC,CLCL,CLCLC,7,12,7,12,8,7,13,3,6,3,6,2,3,4,0,light,light,light,light,light,schwa,light,o,o,c,o,c,o,c,CL,CL,CK,CL,CLA,CK,CLC,C,C,C,C,C,C,C,,,,,A,,C,L,L,K,L,L,K,L,2,2,2,2,4,2,4,0,0,1,0,1,0,1,1,1,1,1,1,1,1,2,2,1,2,2,1,2,CVV,CVV,CVC,CVV,CVVC,CV,CVVC,0,0,2,0,1,1,1,N,NN,T,2,Solidaritaetsgefuehl,antepaenultima
tie,ø,e,ie,tie,atie,ratie,L,CL,KCL,CKCL,CCKCL,So,ø,S,So,Soz,Sozi,Sozia,C,CL,CLA,CLAL,CLALL,7,9,14,7,9,11,9,3,4,7,3,4,3,4,0,light,light,light,light,light,light,light,o,o,c,o,o,c,o,CL,AL,LC,CL,CL,CCK,CL,C,A,,C,C,CC,C,,,C,,,,,L,L,L,L,L,K,L,2,2,2,2,2,3,3,0,0,1,0,0,1,0,1,1,0,1,1,2,1,2,2,2,2,2,1,2,CVV,CVV,VVC,CVV,CVV,CCVC,CVV,0,0,0,0,0,3,0,N,AN,T,2,Sozialdemokratie,undef
ne,ø,e,ne,ene,iene,giene,K,CK,LCK,LLCK,CLLCK,So,ø,S,So,Soz,Sozi,Sozia,C,CL,CLA,CLAL,CLALL,7,9,14,9,9,6,9,3,4,7,4,4,6,4,-1,light,light,light,light,light,light,schwa,o,o,c,o,o,o,o,CL,AL,LC,CL,CL,L,CK,C,A,,C,C,,C,,,C,,,,,L,L,L,L,L,L,K,2,2,2,2,2,1,2,0,0,1,0,0,0,0,1,1,0,1,1,0,1,2,2,2,2,2,2,1,CVV,CVV,VVC,CVV,CVV,VV,CV,0,0,0,0,0,0,1,N,AN,T,2,Sozialhygiene,undef
mie,ø,e,ie,mie,omie,nomie,L,CL,LCL,CLCL,LCLCL,So,ø,S,So,Soz,Sozi,Sozia,C,CL,CLA,CLAL,CLALL,7,9,14,6,7,9,11,3,4,7,6,3,4,5,0,light,light,light,light,light,light,light,o,o,c,o,o,o,o,CL,AL,LC,L,CL,CL,CL,C,A,,,C,C,C,,,C,,,,,L,L,L,L,L,L,L,2,2,2,1,2,2,3,0,0,1,0,0,0,0,1,1,0,0,1,1,1,2,2,2,2,2,2,2,CVV,CVV,VVC,VV,CVV,CVV,CVV,0,0,0,0,0,0,0,N,AN,T,2,Sozialoekonomie,undef
gik,ø,k,ik,gik,ogik,gogik,C,KC,CKC,LCKC,CLCKC,So,ø,S,So,Soz,Sozi,Sozia,C,CL,CLA,CLAL,CLALL,7,9,14,7,7,7,10,3,4,7,3,3,3,3,-1,light,light,light,light,light,light,light,o,o,c,c,c,o,c,CL,AL,LC,CK,CK,CL,CKC,C,A,,C,C,C,C,,,C,,,,C,L,L,L,K,K,L,K,2,2,2,2,2,2,3,0,0,1,1,1,0,1,1,1,0,1,1,1,1,2,2,2,1,1,2,1,CVV,CVV,VVC,CVC,CVC,CVV,CVC,0,0,0,2,2,0,2,N,AN,T,2,Sozialpaedagogik,undef
gie,ø,e,ie,gie,ogie,logie,L,CL,LCL,CLCL,LCLCL,So,ø,S,So,Soz,Sozi,Sozia,C,CL,CLA,CLAL,CLALL,7,9,14,10,7,10,9,3,4,7,3,3,5,4,0,light,light,light,light,light,light,light,o,o,c,o,o,o,o,CL,AL,LC,CCL,CL,CL,CL,C,A,,CC,C,C,C,,,C,,,,,L,L,L,L,L,L,L,2,2,2,3,3,2,3,0,0,1,0,0,0,0,1,1,0,2,1,1,1,2,2,2,2,2,2,2,CVV,CVV,VVC,CCVV,CVV,CVV,CVV,0,0,0,1,0,0,0,N,AN,T,2,Sozialpsychologie,undef
rung,ø,g,ng,ung,rung,erung,C,KC,CKC,KCKC,CKCKC,So,ø,S,So,Soz,Sozi,Sozia,C,CL,CLA,CLAL,CLALL,7,9,14,11,9,7,15,3,4,7,3,4,3,5,0,light,light,light,light,light,schwa,light,o,o,c,c,c,o,c,CL,AL,LC,CKC,CK,CK,CKC,C,A,,C,C,C,C,,,C,C,,,C,L,L,L,K,K,K,K,2,2,2,3,2,3,4,0,0,1,1,1,0,1,1,1,0,1,1,1,1,2,2,2,1,1,1,1,CVV,CVV,VVC,CVC,CVC,CV,CVC,0,0,0,2,2,1,2,N,AN,T,2,Sozialversicherung,undef
stisch,ø,h,ch,sch,isch,tisch,C,KC,CKC,CCKC,KCCKC,so,ø,s,so,soz,sozi,sozio,C,CL,CLA,CLAL,CLALL,7,9,6,15,9,9,10,3,4,6,5,4,4,3,0,light,light,light,light,light,light,light,o,o,o,c,o,c,c,CL,AL,L,CKC,CL,KC,CKC,C,A,,C,C,,C,,,,C,,C,C,L,L,L,K,L,K,K,2,2,1,3,2,1,6,0,0,0,1,0,1,1,1,1,0,1,1,0,1,2,2,2,1,2,1,1,CVV,CVV,VV,CVC,CVV,VC,CVC,0,0,0,2,0,1,2,A,ø,F,2,soziolinguistisch,paenultima
misch,ø,h,ch,sch,isch,misch,C,KC,CKC,LCKC,CLCKC,so,ø,s,so,soz,sozi,sozio,C,CL,CLA,CLAL,CLALL,7,9,6,6,7,9,12,3,4,6,6,3,4,4,0,light,light,light,light,light,light,light,o,o,o,o,o,o,c,CL,AL,L,L,CL,CL,CKC,C,A,,,C,C,C,,,,,,,C,L,L,L,L,L,L,K,2,2,1,1,2,2,5,0,0,0,0,0,0,1,1,1,0,0,1,1,1,2,2,2,2,2,2,1,CVV,CVV,VV,VV,CVV,CVV,CVC,0,0,0,0,0,0,2,A,ø,F,2,soziooekonomisch,paenultima
ent,ent,t,nt,ent,ient,zient,C,CC,KCC,LKCC,ALKCC,Span,ø,S,Sp,Spa,Span,Spann,C,CC,CCK,CCKC,CCKCK,8,15,7,6,9,9,10,2,3,3,6,4,4,3,-1,light,heavy,light,light,light,light,heavy,c,c,o,c,o,o,c,CCK,CKCC,CL,K,CL,AL,KCC,CC,C,C,,C,A,,,CC,,,,,CC,K,K,L,K,L,L,K,4,5,2,2,2,2,3,1,2,0,1,0,0,2,2,1,1,0,1,1,0,1,1,2,1,2,2,1,CCVC,CVCC,CVV,VC,CVV,CVV,VCC,3,3,0,1,0,0,2,N,NN,T,2,Spannungskoeffizient,prima
sch1ft,ø,t,ft,eft,aeft,haeft,C,CC,KCC,CKCC,KCKCC,Spe,ø,S,Sp,Spe,Spek,Speku,C,CC,CCL,CCLC,CCLCL,8,9,10,9,10,7,9,2,4,5,4,3,3,2,-1,light,light,light,light,heavy,schwa,heavy,o,o,c,o,c,o,c,CCL,CL,CK,AL,LCC,CK,CKCC,CC,C,C,A,,C,C,,,,,CC,,CC,L,L,K,L,L,K,K,3,2,2,2,3,2,6,0,0,1,0,2,0,2,2,1,1,1,0,1,1,2,2,1,2,2,1,1,CCVV,CVV,CVC,CVV,VVCC,CV,CVCC,1,0,2,0,1,1,3,N,NN,T,2,Spekulationsgeschaeft,antepaenultima
pier,ø,r,er,ier,pier,apier,C,LC,CLC,KCLC,CKCLC,Spe,ø,S,Sp,Spe,Spek,Speku,C,CC,CCL,CCLC,CCLCL,8,9,10,9,10,7,13,2,4,5,4,3,3,4,0,light,light,light,light,heavy,light,light,o,o,c,o,c,c,c,CCL,CL,CK,AL,LCC,CK,CLC,CC,C,C,A,,C,C,,,,,CC,,C,L,L,K,L,L,K,L,3,2,2,2,3,2,4,0,0,1,0,2,1,1,2,1,1,1,0,1,1,2,2,1,2,2,1,2,CCVV,CVV,CVC,CVV,VVCC,CVC,CVVC,1,0,2,0,1,2,1,N,NN,T,2,Spekulationspapier,antepaenultima
er,er,r,er,uer,euer,teuer,C,KC,DKC,CDKC,CCDKC,Spe,ø,S,Sp,Spe,Spek,Speku,C,CC,CCL,CCLC,CCLCL,8,9,10,9,10,12,10,2,4,5,4,3,4,5,0,light,light,light,light,heavy,light,schwa,o,o,c,o,c,o,c,CCL,CL,CK,AL,LCC,CCD,KC,CC,C,C,A,,CC,,,,,,CC,,C,L,L,K,L,L,D,K,3,2,2,2,3,4,2,0,0,1,0,2,0,1,2,1,1,1,0,2,0,2,2,1,2,2,2,1,CCVV,CVV,CVC,CVV,VVCC,CCVV,VC,1,0,2,0,1,1,1,N,NN,T,2,Spekulationssteuer,antepaenultima
kauf,ø,f,uf,auf,kauf,skauf,C,DC,CDC,CCDC,CCCDC,Spe,ø,S,Sp,Spe,Spez,Spezi,C,CC,CCL,CCLA,CCLAL,8,9,9,7,9,10,12,2,4,4,3,4,3,4,0,light,light,light,light,light,heavy,light,o,o,o,c,o,c,c,CCL,AL,CL,CK,AL,LCC,CDC,CC,A,C,C,A,,C,,,,,,CC,C,L,L,L,K,L,L,D,3,2,2,2,2,3,4,0,0,0,1,0,2,1,2,1,1,1,1,0,1,2,2,2,1,2,2,2,CCVV,CVV,CVV,CVC,CVV,VVCC,CVVC,1,0,0,2,0,1,1,N,NN,T,2,Spezifikationskauf,paenultima
ra,ø,a,ra,era,mera,amera,L,CL,KCL,CKCL,KCKCL,Spie,ø,S,Sp,Spi,Spie,Spieg,C,CC,CCL,CCLC,CCLCK,10,11,10,13,7,9,14,3,3,5,2,3,4,7,0,light,schwa,light,heavy,light,schwa,light,o,c,o,c,c,o,o,CCL,CKC,CL,CCKCC,CK,CK,CL,CC,C,C,CC,C,C,C,,C,,CC,,,,L,K,L,K,K,K,L,4,3,2,4,2,2,2,0,1,0,2,1,0,0,2,1,1,2,1,1,1,2,1,2,1,1,1,2,CCVV,CVC,CVV,CCVCC,CVC,CV,CVV,1,2,0,4,2,1,0,N,NN,T,2,Spiegelreflexkamera,prima
che,ø,e,he,che,eche,aeche,K,CK,KCK,CKCK,CCKCK,Sta,ø,S,St,Sta,Stab,Stabi,C,CC,CCK,CCKC,CCKCL,8,9,12,9,16,11,7,2,4,6,4,4,3,3,0,light,light,light,light,heavy,light,schwa,c,o,o,o,c,c,o,CCK,CL,CL,CL,CKCC,CCK,CK,CC,C,C,C,C,CC,C,,,,,CC,,,K,L,L,L,K,K,K,3,2,2,3,5,3,3,1,0,0,0,2,1,0,2,1,1,1,1,2,1,1,2,2,2,1,1,1,CCVC,CVV,CVV,CVV,CVCC,CCVC,CV,3,0,0,0,3,3,1,N,NN,T,2,Stabilisierungsflaeche,undef
tik,ø,k,ik,tik,itik,litik,C,LC,CLC,LCLC,CLCLC,Sta,ø,S,St,Sta,Stab,Stabi,C,CC,CCK,CCKC,CCKCL,8,9,12,8,7,12,10,2,4,6,2,3,6,3,0,light,light,light,light,light,light,light,c,o,o,c,o,o,c,CCK,CL,CL,CLA,CL,CL,CLC,CC,C,C,C,C,C,C,,,,A,,,C,K,L,L,L,L,L,L,3,2,2,4,2,2,3,1,0,0,1,0,0,1,2,1,1,1,1,1,1,1,2,2,2,2,2,2,CCVC,CVV,CVV,CVVC,CVV,CVV,CVVC,3,0,0,1,0,0,1,N,NN,T,2,Stabilitaetspolitik,undef
keit,keit,t,it,eit,keit,gkeit,C,DC,CDC,CCDC,KCCDC,Stam,ø,S,St,Sta,Stam,Stamm,C,CC,CCK,CCKC,CCKCK,8,10,9,7,7,13,12,2,3,4,3,3,4,4,0,light,schwa,light,schwa,light,light,light,c,c,o,o,o,c,c,CCK,CKC,AL,CK,CL,CKC,CDC,CC,C,A,C,C,C,C,,C,,,,C,C,K,K,L,K,L,K,D,4,3,2,2,2,3,4,1,1,0,0,0,1,1,2,1,1,1,1,1,1,1,1,2,1,2,1,2,CCVC,CVC,CVV,CV,CVV,CVC,CVVC,3,2,0,1,0,2,1,N,NN,T,2,Stammeszugehoerigkeit,prima
on,ø,n,on,ion,tion,ation,C,LC,LLC,ALLC,KALLC,Stein,ø,S,St,Ste,Stei,Stein,C,CC,CCD,CCDC,CCDCC,15,7,13,11,9,9,9,3,3,4,3,4,4,4,-1,light,light,schwa,light,light,light,light,c,o,c,c,c,o,c,CCDC,CL,CKC,CKC,CK,AL,LC,CC,C,C,C,C,A,,C,,C,C,,,C,D,L,K,K,K,L,L,5,3,3,3,2,2,2,1,0,1,1,1,0,1,2,1,1,1,1,1,0,2,2,1,1,1,2,2,CCVVC,CVV,CVC,CVC,CVC,CVV,VVC,1,0,2,2,2,0,0,N,NN,T,2,Steinkohlenformation,prima
rat,ø,t,at,rat,arat,parat,C,LC,CLC,KCLC,CKCLC,Ste,ø,S,St,Ste,Ster,Steri,C,CC,CCL,CCLC,CCLCL,8,12,12,13,6,7,15,2,6,6,4,6,3,5,0,light,light,light,light,light,light,light,o,o,o,c,c,c,c,CCL,CL,CL,CLC,K,CK,CLC,CC,C,C,C,,C,C,,,,C,,,C,L,L,L,L,K,K,L,3,2,2,4,2,2,3,0,0,0,1,1,1,1,2,1,1,1,0,1,1,2,2,2,2,1,1,2,CCVV,CVV,CVV,CVVC,VC,CVC,CVVC,1,0,0,1,1,2,1,N,VN,T,2,Sterilisierapparat,undef
le,ø,e,le,lle,elle,telle,K,CK,KCK,CKCK,CCKCK,Stra,ø,S,St,Str,Stra,Stras,C,CC,CCC,CCCL,CCCLC,16,10,14,11,7,8,10,4,3,4,3,3,2,5,-2,light,schwa,light,light,schwa,light,schwa,o,c,c,c,o,c,o,CCCL,CKC,CLC,CKC,CK,CCK,CK,CCC,C,C,C,C,CC,C,,C,C,C,,,,L,K,L,K,K,K,K,4,3,4,3,2,4,2,0,1,1,1,0,1,0,3,1,1,1,1,2,1,2,1,2,1,1,1,1,CCCVV,CVC,CVVC,CVC,CV,CCVC,CV,1,2,1,2,1,3,1,N,NN,T,2,Strassenbahnhaltestelle,prima
ker,ø,r,er,ker,iker,tiker,C,KC,CKC,LCKC,CLCKC,Sy,ø,S,Sy,Sys,Syst,Syste,C,CK,CKC,CKCC,CKCCL,10,10,6,9,12,9,11,3,3,6,4,6,4,3,0,light,light,light,light,light,light,schwa,c,c,c,c,o,o,c,CKC,CLC,K,CK,CL,CL,CKC,C,C,,C,C,C,C,C,C,,,,,C,K,L,K,K,L,L,K,2,4,1,2,2,2,3,1,1,1,1,0,0,1,1,1,0,1,1,1,1,1,2,1,1,2,2,1,CVC,CVVC,VC,CVC,CVV,CVV,CVC,2,1,1,2,0,0,2,N,NN,T,2,Systemanalytiker,sekunda
al,al,l,al,ial,rial,erial,C,LC,LLC,CLLC,LCLLC,Tat,ø,T,Ta,Tat,Tats,Tatsa,C,CL,CLC,CLCC,CLCCK,12,7,10,9,7,12,14,4,3,3,4,3,6,7,0,light,light,schwa,light,light,light,light,c,c,c,c,o,o,c,CLC,CK,CKC,CK,CL,CL,LC,C,C,C,C,C,C,,C,,C,,,,C,L,K,K,K,L,L,L,3,2,4,2,2,2,2,1,1,1,1,0,0,1,1,1,1,1,1,1,0,2,1,1,1,2,2,2,CVVC,CVC,CVC,CVC,CVV,CVV,VVC,1,2,2,2,0,0,0,N,NN,T,2,Tatsachenmaterial,prima
rung,ø,g,ng,ung,rung,erung,C,KC,CKC,KCKC,CKCKC,Teil,ø,T,Te,Tei,Teil,Teilh,C,CD,CDC,CDCC,CDCCL,15,11,11,11,9,7,15,5,5,3,3,4,3,5,-1,light,light,schwa,light,light,schwa,light,c,o,c,c,c,o,c,CDC,CL,CKC,CKC,CK,CK,CKC,C,C,C,C,C,C,C,C,,C,C,,,C,D,L,K,K,K,K,K,4,2,3,3,2,3,4,1,0,1,1,1,0,1,1,1,1,1,1,1,1,2,2,1,1,1,1,1,CVVC,CVV,CVC,CVC,CVC,CV,CVC,1,0,2,2,2,1,2,N,NV,T,2,Teilhaberversicherung,prima
lich,ø,h,ch,ich,lich,dlich,C,KC,CKC,CCKC,CCCKC,tem,ø,t,te,tem,temp,tempe,C,CK,CKC,CKCC,CKCCK,10,7,10,13,9,13,13,3,3,5,4,4,3,4,0,light,schwa,light,light,light,heavy,light,c,o,c,c,c,c,c,CKC,CK,CK,CLC,KC,AKCC,CKC,C,C,C,C,,A,C,C,,,C,C,CC,C,K,K,K,L,K,K,K,3,2,2,3,3,4,4,1,0,1,1,1,2,1,1,1,1,1,0,1,1,1,1,1,2,1,1,1,CVC,CV,CVC,CVVC,VC,CVCC,CVC,2,1,2,1,1,3,2,A,NA,F,2,temperaturempfindlich,undef
hung,ø,g,ng,ung,hung,ehung,C,KC,LKC,CLKC,CCLKC,Tem,ø,T,Te,Tem,Temp,Tempe,C,CK,CKC,CKCC,CKCCK,10,7,10,13,10,7,11,3,3,5,4,5,3,5,0,light,schwa,light,light,light,light,light,c,o,c,c,c,o,c,CKC,CK,CK,CLC,KC,CL,KC,C,C,C,C,,C,,C,,,C,C,,C,K,K,K,L,K,L,K,3,2,2,3,2,2,4,1,0,1,1,1,0,1,1,1,1,1,0,1,0,1,1,1,2,1,2,1,CVC,CV,CVC,CVVC,VC,CVV,VC,2,1,2,1,1,0,1,N,NV,T,2,Temperaturerhoehung,undef
walt,ø,t,lt,alt,walt,ewalt,L,CL,KCL,CKCL,CCKCL,Ter,ø,T,Te,Ter,Terr,Terri,C,CK,CKC,CKCL,CKCLC,7,12,7,12,14,7,7,3,6,3,6,7,3,3,-1,light,light,light,light,light,schwa,heavy,c,o,o,o,c,o,c,CK,CL,CL,CL,LC,CK,CL,C,C,C,C,,C,C,,,,,C,,,K,L,L,L,L,K,L,3,2,2,2,2,2,4,1,0,0,0,1,0,2,1,1,1,1,0,1,1,1,2,2,2,2,1,1,CVC,CVV,CVV,CVV,VVC,CV,CVCC,2,0,0,0,0,1,3,N,AN,T,2,Territorialgewalt,antepaenultima
on,ø,n,on,ion,tion,ation,C,LC,LLC,ALLC,KALLC,Ter,ø,T,Te,Ter,Tert,Terti,C,CK,CKC,CKCC,CKCCL,11,9,10,11,9,9,9,3,4,5,3,4,4,4,-1,light,light,light,light,light,light,light,c,o,c,c,c,o,c,CKC,CL,LC,CKC,CK,AL,LC,C,C,,C,C,A,,C,,C,C,,,C,K,L,L,K,K,L,L,3,2,2,3,2,2,2,1,0,1,1,1,0,1,1,1,0,1,1,1,0,1,2,2,1,1,2,2,CVC,CVV,VVC,CVC,CVC,CVV,VVC,2,0,0,2,2,0,0,N,NN,T,2,Tertiaerformation,undef
ment,ø,t,nt,ent,ment,ement,N,CN,KCN,CKCN,KCKCN,The,ø,T,Th,The,Thea,Theat,C,CL,CLL,CLLC,CLLCK,7,10,11,6,7,9,11,3,10,3,6,3,4,5,0,light,light,schwa,light,light,schwa,light,o,o,c,c,c,o,o,CL,L,CKC,K,CK,CK,CN,C,,C,,C,C,C,,,C,,,,,L,L,K,K,K,K,N,3,1,3,1,3,2,4,0,0,1,1,1,0,0,1,0,1,0,1,1,1,2,2,1,1,1,1,2,CVV,VV,CVC,VC,CVC,CV,CVV,0,0,2,1,2,1,0,N,NN,T,2,Theaterabonnement,sekunda
rer,ø,r,er,rer,erer,oerer,C,KC,CKC,LCKC,CLCKC,Tor,ø,T,To,Tor,Torp,Torpe,C,CK,CKC,CKCC,CKCCL,11,7,7,8,11,8,14,3,3,3,2,3,2,4,0,light,light,light,light,light,light,schwa,c,o,o,c,c,o,c,CKC,CL,CL,CLC,AKC,CCL,CKC,C,C,C,C,A,CC,C,C,,,C,C,,C,K,L,L,L,K,L,K,3,2,2,4,3,3,3,1,0,0,1,1,0,1,1,1,1,1,1,2,1,1,2,2,2,1,2,1,CVC,CVV,CVV,CVVC,CVC,CCVV,CVC,2,0,0,1,2,1,2,N,NV,T,2,Torpedobootzerstoerer,sekunda
den,ø,n,en,den,nden,unden,C,KC,CKC,CCKC,KCCKC,tra,ø,t,tr,tra,trad,tradi,C,CC,CCK,CCKC,CCKCL,11,9,9,10,7,12,10,3,4,4,3,3,4,3,0,light,light,light,heavy,schwa,light,schwa,c,o,o,c,o,c,c,CCK,CL,AL,LCC,CK,CKC,CKC,CC,C,A,,C,C,C,,,,CC,,C,C,K,L,L,L,K,K,K,3,2,2,3,2,3,3,1,0,0,2,0,1,1,2,1,1,0,1,1,1,1,2,2,2,1,1,1,CCVC,CVV,CVV,VVCC,CV,CVC,CVC,3,0,0,1,1,2,2,A,NF,F,2,traditionsgebunden,undef
chen,chen,n,en,hen,chen,schen,C,KC,CKC,CCKC,DCCKC,Trans,ø,T,Tr,Tra,Tran,Trans,C,CC,CCK,CCKC,CCKCC,15,11,13,7,13,12,10,3,3,6,3,4,4,3,-1,heavy,light,light,light,schwa,light,schwa,c,c,o,o,c,c,c,CCKCC,CKC,CL,CL,CKC,CDC,CKC,CC,C,C,C,C,C,C,CC,C,,,C,C,C,K,K,L,L,K,D,K,5,3,2,2,3,4,4,2,1,0,0,1,1,1,2,1,1,1,1,1,1,1,1,2,2,1,2,1,CCVCC,CVC,CVV,CVV,CVC,CVVC,CVC,4,2,0,0,2,1,2,N,NN,T,2,Transformatorenhaeuschen,undef
on,ø,n,on,ion,tion,ation,C,LC,LLC,ALLC,KALLC,Tra2,ø,T,Tr,Tra,Trau,Traue,C,CC,CCD,CCDK,CCDKC,15,10,7,7,10,9,9,5,5,3,3,5,4,4,-1,light,schwa,light,light,light,light,light,o,c,o,o,c,o,c,CCD,KC,CL,CL,CK,AL,LC,CC,,C,C,C,A,,,C,,,,,C,D,K,L,L,K,L,L,4,2,2,2,2,2,2,0,1,0,0,1,0,1,2,0,1,1,1,1,0,2,1,2,2,1,2,2,CCVV,VC,CVV,CVV,CVC,CVV,VVC,1,1,0,0,2,0,0,N,NN,T,2,Trauerdekoration,prima
tur,ø,r,ur,tur,atur,ratur,C,LC,CLC,KCLC,CKCLC,Tri,ø,T,Tr,Tri,Triv,Trivi,C,CC,CCL,CCLC,CCLCL,13,9,14,12,7,10,13,4,4,7,6,3,5,4,-1,light,light,light,light,schwa,light,light,o,o,c,c,o,c,c,CCL,CL,LC,CK,CK,CK,CLC,CC,C,,C,C,C,C,,,C,,,,C,L,L,L,K,K,K,L,3,2,2,2,2,2,3,0,0,1,1,0,1,1,2,1,0,1,1,1,1,2,2,2,1,1,1,2,CCVV,CVV,VVC,CVC,CV,CVC,CVVC,1,0,0,2,1,2,1,N,AN,T,2,Trivialliteratur,undef
nal,ø,l,al,nal,onal,ional,C,LC,CLC,LCLC,LLCLC,2,ø,u,ue,ueb,uebe,ueber,L,LC,LCK,LCKC,LCKCC,8,11,9,12,9,6,17,8,3,4,4,4,6,5,0,light,schwa,light,light,light,light,light,o,c,o,c,o,o,c,L,CKC,CL,CKC,CL,L,CLC,,C,C,C,C,,C,,C,,C,,,C,L,K,L,K,L,L,L,1,3,2,3,2,1,3,0,1,0,1,0,0,1,0,1,1,1,1,0,1,2,1,2,1,2,2,2,VV,CVC,CVV,CVC,CVV,VV,CVVC,0,2,0,2,0,0,1,A,ø,F,2,ueberdimensional,prima
niert,ø,t,rt,ert,iert,niert,C,CC,LCC,CLCC,LCLCC,2,ø,u,ue,ueb,uebe,ueber,L,LC,LCK,LCKC,LCKCC,8,11,9,12,9,6,16,8,3,4,4,4,6,4,0,light,schwa,light,light,light,light,heavy,o,c,o,c,o,o,c,L,CKC,CL,CKC,CL,L,CLCC,,C,C,C,C,,C,,C,,C,,,CC,L,K,L,K,L,L,L,1,3,2,3,2,1,5,0,1,0,1,0,0,2,0,1,1,1,1,0,1,2,1,2,1,2,2,2,VV,CVC,CVV,CVC,CVV,VV,CVVCC,0,2,0,2,0,0,1,A,ø,F,2,ueberdimensioniert,prima
re,ø,e,re,ere,aere,haere,K,CK,LCK,CLCK,CCLCK,8,ø,U,Ue,Ueb,Uebe,Ueber,L,LC,LCK,LCKC,LCKCC,8,11,14,7,9,8,10,8,3,3,3,4,2,5,-1,light,schwa,light,light,light,light,schwa,o,c,c,c,o,o,o,L,CKC,CCKC,KC,CL,CCL,CK,,C,CC,,C,CC,C,,C,C,C,,,,L,K,K,K,L,L,K,1,3,5,2,2,4,2,0,1,1,1,0,0,0,0,1,2,0,1,2,1,2,1,1,1,2,2,1,VV,CVC,CCVC,VC,CVV,CCVV,CV,0,2,3,1,0,1,1,N,NN,T,2,Ueberdruckatmosphaere,prima
se,ø,e,se,ise,eise,weise,K,CK,DCK,CDCK,CCDCK,2,ø,u,ue,ueb,uebe,ueber,L,LC,LCK,LCKC,LCKCC,8,11,13,9,11,11,7,8,3,4,4,3,5,3,-1,light,schwa,light,light,schwa,light,schwa,o,c,c,o,c,o,o,L,CKC,CCK,CL,CKC,CD,CK,,C,CC,C,C,C,C,,C,,,C,,,L,K,K,L,K,D,K,1,3,4,2,3,3,2,0,1,1,0,1,0,0,0,1,2,1,1,1,1,2,1,1,2,1,2,1,VV,CVC,CCVC,CVV,CVC,CVV,CV,0,2,3,0,2,0,1,ADV,AA,F,2,ueberfluessigerweise,paenultima
de,ø,e,de,ode,iode,riode,K,CK,LCK,LLCK,CLLCK,8,ø,U,Ue,Ueb,Uebe,Ueber,L,LC,LCK,LCKC,LCKCC,8,11,11,7,12,6,7,8,3,2,3,6,6,3,-1,light,schwa,heavy,light,light,light,schwa,o,c,c,o,o,o,o,L,CKC,CKCC,CL,CL,L,CK,,C,C,C,C,,C,,C,CC,,,,,L,K,K,L,L,L,K,1,3,5,2,2,1,2,0,1,2,0,0,0,0,0,1,1,1,1,0,1,2,1,1,2,2,2,1,VV,CVC,CVCC,CVV,CVV,VV,CV,0,2,3,0,0,0,1,N,NN,T,2,Uebergangsperiode,prima
tig,ø,g,ig,tig,ftig,rftig,C,KC,CKC,CCKC,CCCKC,2,ø,u,ue,ueb,uebe,ueber,L,LC,LCK,LCKC,LCKCC,8,11,7,16,7,14,10,8,3,3,4,3,3,3,0,light,schwa,light,heavy,schwa,heavy,light,o,c,o,c,o,c,c,L,CKC,CL,CKCC,CK,CKCC,CKC,,C,C,C,C,C,C,,C,,CC,,CC,C,L,K,L,K,K,K,K,1,3,2,5,2,4,3,0,1,0,2,0,2,1,0,1,1,1,1,1,1,2,1,2,1,1,1,1,VV,CVC,CVV,CVCC,CV,CVCC,CVC,0,2,0,3,1,3,2,A,NA,F,2,ueberholungsbeduerftig,undef
ell,ø,l,ll,ell,uell,duell,C,KC,LKC,CLKC,LCLKC,2,ø,u,ue,ueb,uebe,ueber,L,LC,LCK,LCKC,LCKCK,8,11,11,9,9,9,10,8,3,5,4,4,4,5,0,light,schwa,light,light,light,light,light,o,c,c,o,o,o,c,L,CKC,KC,CL,CL,CL,KC,,C,,C,C,C,,,C,C,,,,C,L,K,K,L,L,L,K,1,3,2,2,2,2,3,0,1,1,0,0,0,1,0,1,0,1,1,1,0,2,1,1,2,2,2,1,VV,CVC,VC,CVV,CVV,CVV,VC,0,2,1,0,0,0,1,A,ø,F,2,ueberindividuell,prima
on,ø,n,on,ion,tion,ation,C,LC,LLC,ALLC,KALLC,8,ø,U,Ue,Ueb,Uebe,Ueber,L,LC,LCK,LCKC,LCKCC,8,11,10,10,7,9,9,8,3,3,3,3,4,4,-1,light,schwa,light,light,light,light,light,o,c,c,c,c,o,c,L,CKC,CKC,CKC,CK,AL,LC,,C,C,C,C,A,,,C,C,C,,,C,L,K,K,K,K,L,L,1,3,3,3,2,2,2,0,1,1,1,1,0,1,0,1,1,1,1,1,0,2,1,1,1,1,2,2,VV,CVC,CVC,CVC,CVC,CVV,VVC,0,2,2,2,2,0,0,N,PN,T,2,Ueberkompensation,prima
ren,ø,n,en,ren,eren,ieren,C,KC,CKC,LCKC,CLCKC,2,ø,u,ue,ueb,uebe,ueber,L,LC,LCK,LCKC,LCKCK,8,11,10,7,11,9,13,8,3,5,3,5,4,4,0,light,schwa,light,light,light,light,schwa,o,c,c,c,o,o,c,L,CKC,KC,CK,CL,CL,CKC,,C,,C,C,C,C,,C,C,,,,C,L,K,K,K,L,L,K,1,3,2,2,2,3,3,0,1,1,1,0,0,1,0,1,0,1,1,1,1,2,1,1,1,2,2,1,VV,CVC,VC,CVC,CVV,CVV,CVC,0,2,1,2,0,0,2,V,PV,F,2,ueberorganisieren,prima
se,ø,e,se,ise,eise,weise,K,CK,DCK,CDCK,CCDCK,2,ø,u,ue,ueb,uebe,ueber,L,LC,LCK,LCKC,LCKCC,8,11,10,10,11,11,7,8,3,5,3,3,5,3,-1,light,schwa,light,schwa,light,light,schwa,o,c,c,c,c,o,o,L,CKC,CK,CKC,CKC,CD,CK,,C,C,C,C,C,C,,C,,C,C,,,L,K,K,K,K,D,K,1,3,2,5,3,3,2,0,1,1,1,1,0,0,0,1,1,1,1,1,1,2,1,1,1,1,2,1,VV,CVC,CVC,CVC,CVC,CVV,CV,0,2,2,2,2,0,1,ADV,ø,F,2,ueberraschenderweise,paenultima
keit,keit,t,it,eit,keit,gkeit,C,DC,CDC,CCDC,KCCDC,8,ø,U,Ue,Ueb,Uebe,Ueber,L,LC,LCK,LCKC,LCKCC,8,11,11,7,13,10,12,8,3,3,3,3,3,4,0,light,schwa,light,schwa,light,light,light,o,c,c,o,c,c,c,L,CKC,CKC,CK,CCKC,CKC,CDC,,C,C,C,CC,C,C,,C,C,,C,C,C,L,K,K,K,K,K,D,1,3,6,2,6,3,4,0,1,1,0,1,1,1,0,1,1,1,2,1,1,2,1,1,1,1,1,2,VV,CVC,CVC,CV,CCVC,CVC,CVVC,0,2,2,1,3,2,1,N,PN,T,2,Ueberschallgeschwindigkeit,prima
der,ø,r,er,der,nder,ender,C,KC,CKC,CCKC,KCCKC,Ul,ø,U,Ul,Ult,Ultr,Ultra,K,KC,KCC,KCCC,KCCCL,12,15,14,7,13,10,11,6,5,3,3,4,3,3,-1,light,light,heavy,light,schwa,light,schwa,c,o,c,c,c,c,c,KC,CCL,CKCA,CK,CKC,CKC,CKC,,CC,C,C,C,C,C,C,,CA,,C,C,C,K,L,K,K,K,K,K,2,3,4,3,3,3,3,1,0,2,1,1,1,1,0,2,1,1,1,1,1,1,2,1,1,1,1,1,VC,CCVV,CVCC,CVC,CVC,CVC,CVC,1,1,3,2,2,2,2,N,NV,T,2,Ultrakurzwellensender,undef
keit,keit,t,it,eit,keit,gkeit,C,DC,CDC,CCDC,KCCDC,Um,ø,U,Um,Umd,Umdr,Umdre,K,KC,KCC,KCCC,KCCCL,11,11,12,7,13,10,12,5,3,4,3,3,3,4,0,light,light,heavy,schwa,light,light,light,c,o,c,o,c,c,c,KC,CCL,KCC,CK,CCKC,CKC,CDC,,CC,,C,CC,C,C,C,,CC,,C,C,C,K,L,K,K,K,K,D,2,3,5,2,6,3,4,1,0,2,0,1,1,1,0,2,0,1,2,1,1,1,2,1,1,1,1,2,VC,CCVV,VCC,CV,CCVC,CVC,CVVC,1,1,2,1,3,2,1,N,NN,T,2,Umdrehungsgeschwindigkeit,sekunda
on,ø,n,on,ion,tion,ation,C,LC,LLC,ALLC,KALLC,Um,ø,U,Um,Umo,Umor,Umorg,K,KC,KCK,KCKC,KCKCC,11,10,7,11,7,9,9,5,5,3,5,3,4,4,-1,light,light,light,light,light,light,light,c,c,c,o,c,o,c,KC,KC,CK,CL,CK,AL,LC,,,C,C,C,A,,C,C,,,,,C,K,K,K,L,K,L,L,2,2,2,2,2,2,2,1,1,1,0,1,0,1,0,0,1,1,1,1,0,1,1,1,2,1,2,2,VC,VC,CVC,CVV,CVC,CVV,VVC,1,1,2,0,2,0,0,N,PN,T,2,Umorganisation,prima
se,ø,e,se,ise,eise,weise,K,CK,DCK,CDCK,CCDCK,un,ø,u,un,unb,unbe,unbed,K,KC,KCC,KCCK,KCCKC,11,7,9,11,13,11,7,5,3,2,5,4,5,3,0,light,schwa,heavy,light,schwa,light,schwa,c,o,c,o,c,o,o,KC,CK,CKCC,CL,CKC,CD,CK,,C,C,C,C,C,C,C,,CC,,C,,,K,K,K,L,K,D,K,2,2,5,2,3,3,2,1,0,2,0,1,0,0,0,1,1,1,1,1,1,1,1,1,2,1,2,1,VC,CV,CVCC,CVV,CVC,CVV,CV,1,1,3,0,2,0,1,ADV,ø,F,2,unbedachtsamerweise,multa
se,ø,e,se,ise,eise,weise,K,CK,DCK,CDCK,CCDCK,un,ø,u,un,unb,unbe,unber,K,KC,KCC,KCCK,KCCKC,11,7,11,10,11,11,7,5,3,3,3,3,5,3,-1,light,schwa,light,light,schwa,light,schwa,c,o,c,c,c,o,o,KC,CK,CKC,CKC,CKC,CD,CK,,C,C,C,C,C,C,C,,C,C,C,,,K,K,K,K,K,D,K,2,2,4,3,3,3,2,1,0,1,1,1,0,0,0,1,1,1,1,1,1,1,1,1,1,1,2,1,VC,CV,CVC,CVC,CVC,CVV,CV,1,1,2,2,2,0,1,ADV,ø,F,2,unberechtigterweise,multa
ne,ø,e,ne,ine,hine,chine,K,CK,LCK,CLCK,KCLCK,U,ø,U,Un,Uni,Unip,Unipo,K,KC,KCL,KCLC,KCLCL,8,11,7,18,9,9,9,8,5,3,6,4,4,4,0,light,light,light,light,light,light,schwa,c,o,o,c,c,o,o,K,CL,CL,CLC,CK,CL,CK,,C,C,C,C,C,C,,,,C,,,,K,L,L,L,K,L,K,1,2,2,3,2,4,2,1,0,0,1,1,0,0,0,1,1,1,1,1,1,1,2,2,2,1,2,1,VC,CVV,CVV,CVVC,CVC,CVV,CV,1,0,0,1,2,0,1,N,AN,T,2,Unipolarmaschine,undef
te,ø,e,te,hte,chte,ichte,K,CK,CCK,KCCK,CKCCK,U,ø,U,Un,Uni,Univ,Unive,K,KC,KCL,KCLC,KCLCK,8,11,11,15,7,10,7,8,5,3,5,3,3,3,-1,light,light,light,light,schwa,light,schwa,c,o,c,c,o,c,o,K,CL,CKC,CLC,CK,CKC,CK,,C,C,C,C,C,C,,,C,C,,C,,K,L,K,L,K,K,K,1,2,3,3,2,6,2,1,0,1,1,0,1,0,0,1,1,1,1,1,1,1,2,1,2,1,1,1,VC,CVV,CVC,CVVC,CV,CVC,CV,1,0,2,1,1,2,1,N,AN,T,2,Universalgeschichte,undef
nik,ø,k,ik,nik,inik,linik,C,KC,CKC,LCKC,CLCKC,U,ø,U,Un,Uni,Univ,Unive,K,KC,KCL,KCLC,KCLCK,8,11,11,9,8,13,12,8,5,3,4,2,4,4,0,light,light,light,light,light,light,light,c,o,c,o,c,o,c,K,CL,CKC,CL,CLA,CCL,CKC,,C,C,C,C,CC,C,,,C,,A,,C,K,L,K,L,L,L,K,1,2,3,2,4,3,3,1,0,1,0,1,0,1,0,1,1,1,1,2,1,1,2,1,2,2,2,1,VC,CVV,CVC,CVV,CVVC,CCVV,CVC,1,0,2,0,1,1,2,N,NN,T,2,Universitaetsklinik,antepaenultima
bahn,ø,n,hn,ahn,bahn,fbahn,C,LC,CLC,CCLC,DCCLC,U,ø,U,Un,Uni,Univ,Unive,K,KC,KCL,KCLC,KCLCK,8,11,11,9,8,15,14,8,5,3,4,2,5,4,0,light,light,light,light,light,light,light,c,o,c,o,c,c,c,K,CL,CKC,CL,CLA,CDC,CLC,,C,C,C,C,C,C,,,C,,A,C,C,K,L,K,L,L,D,L,1,2,3,2,4,4,4,1,0,1,0,1,1,1,0,1,1,1,1,1,1,1,2,1,2,2,2,2,VC,CVV,CVC,CVV,CVVC,CVVC,CVVC,1,0,2,0,1,1,1,N,NN,T,2,Universitaetslaufbahn,antepaenultima
ge,ø,e,ge,age,lage,ilage,K,CK,LCK,CLCK,DCLCK,Un,ø,U,Un,Unt,Unte,Unter,K,KC,KCC,KCCK,KCCKC,11,11,11,13,11,14,7,5,3,3,3,5,7,3,-1,light,schwa,light,heavy,light,light,schwa,c,c,c,c,o,o,o,KC,CKC,CKC,CKCC,CD,CL,CK,,C,C,C,C,C,C,C,C,C,CC,,,,K,K,K,K,D,L,K,2,3,3,5,3,2,2,1,1,1,2,0,0,0,0,1,1,1,1,1,1,1,1,1,1,2,2,1,VC,CVC,CVC,CVCC,CVV,CVV,CV,1,2,2,3,0,0,1,N,NN,T,2,Unterhaltungsbeilage,undef
se,ø,e,se,sse,esse,messe,K,CK,KCK,CKCK,CCKCK,Un,ø,U,Un,Unt,Unte,Unter,K,KC,KCC,KCCK,KCCKC,11,11,6,9,14,9,7,5,3,6,4,3,4,3,-1,light,schwa,light,light,heavy,light,schwa,c,c,c,o,c,c,o,KC,CKC,K,CL,ALCC,CK,CK,,C,,C,A,C,C,C,C,,,CC,,,K,K,K,L,L,K,K,2,3,2,2,5,3,2,1,1,1,0,2,1,0,0,1,0,1,1,1,1,1,1,1,2,2,1,1,VC,CVC,VC,CVV,CVVCC,CVC,CV,1,2,1,0,1,2,1,N,NN,T,2,Unteroffiziersmesse,prima
le,ø,e,le,ule,hule,chule,K,CK,LCK,CLCK,CCLCK,Un,ø,U,Un,Unt,Unte,Unter,K,KC,KCC,KCCK,KCCKC,11,11,6,9,14,9,10,5,3,6,4,3,4,5,0,light,schwa,light,light,heavy,light,schwa,c,c,c,o,c,o,o,KC,CKC,K,CL,ALCC,CL,CK,,C,,C,A,C,C,C,C,,,CC,,,K,K,K,L,L,L,K,2,3,2,2,5,4,2,1,1,1,0,2,0,0,0,1,0,1,1,1,1,1,1,1,2,2,2,1,VC,CVC,VC,CVV,CVVCC,CVV,CV,1,2,1,0,1,0,1,N,NN,T,2,Unteroffiziersschule,prima
gen,ø,n,en,gen,egen,oegen,C,KC,CKC,LCKC,CLCKC,Un,ø,U,Un,Unt,Unte,Unter,K,KC,KCC,KCCK,KCCKC,11,11,11,13,11,9,10,5,3,5,3,3,4,3,-1,light,schwa,light,heavy,light,light,schwa,c,c,o,c,c,o,c,KC,CKC,CD,CKCC,CKC,CL,CKC,,C,C,C,C,C,C,C,C,,CC,C,,C,K,K,D,K,K,L,K,2,3,5,5,3,2,3,1,1,0,2,1,0,1,0,1,1,1,1,1,1,1,1,2,1,1,2,1,VC,CVC,CVV,CVCC,CVC,CVV,CVC,1,2,0,3,2,0,2,N,NN,T,2,Unterscheidungsvermoegen,undef
tig,ø,g,ig,tig,ftig,rftig,C,KC,CKC,CCKC,CCCKC,un,ø,u,un,unt,unte,unter,K,KC,KCC,KCCK,KCCKC,11,11,10,13,7,14,10,5,3,3,3,3,3,3,0,light,schwa,light,heavy,schwa,heavy,light,c,c,c,c,o,c,c,KC,CKC,CCK,AKCC,CK,CKCC,CKC,,C,CC,A,C,C,C,C,C,,CC,,CC,C,K,K,K,K,K,K,K,2,3,4,5,2,4,3,1,1,1,2,0,2,1,0,1,2,1,1,1,1,1,1,1,1,1,1,1,VC,CVC,CCVC,CVCC,CV,CVCC,CVC,1,2,3,3,1,3,2,A,NA,F,2,unterstuetzungsbeduerftig,undef
ger,ø,r,er,ger,nger,enger,C,KC,CKC,KCKC,AKCKC,Un,ø,U,Un,Unt,Unte,Unter,K,KC,KCC,KCCK,KCCKC,11,11,10,13,9,7,13,5,3,3,3,4,3,4,-1,light,schwa,light,heavy,light,light,schwa,c,c,c,c,c,c,c,KC,CKC,CCK,AKCC,KC,AK,CKC,,C,CC,A,,A,C,C,C,,CC,C,,C,K,K,K,K,K,K,K,2,3,4,5,3,3,3,1,1,1,2,1,1,1,0,1,2,1,0,1,1,1,1,1,1,1,1,1,VC,CVC,CCVC,CVCC,VC,CVC,CVC,1,2,3,3,1,2,2,N,NN,T,2,Unterstuetzungsempfaenger,undef
nis,nis,s,is,nis,gnis,ngnis,C,KC,CKC,CCKC,KCCKC,Un,ø,U,Un,Unt,Unte,Unter,K,KC,KCC,KCCK,KCCKC,11,11,9,13,7,10,12,5,3,4,3,3,3,4,-1,light,schwa,light,heavy,schwa,light,light,c,c,o,c,o,c,c,KC,CKC,CL,CKCC,CK,CKC,CKC,,C,C,C,C,C,C,C,C,,CC,,C,C,K,K,L,K,K,K,K,2,3,2,6,2,4,3,1,1,0,2,0,1,1,0,1,1,1,1,1,1,1,1,2,1,1,1,1,VC,CVC,CVV,CVCC,CV,CVC,CVC,1,2,0,3,1,2,2,N,NN,T,2,Untersuchungsgefaengnis,undef
ren,ø,n,en,ren,hren,ahren,C,KC,CKC,LCKC,CLCKC,Un,ø,U,Un,Unt,Unte,Unter,K,KC,KCC,KCCK,KCCKC,11,11,9,13,11,11,13,5,3,4,3,3,5,4,0,light,schwa,light,heavy,light,light,schwa,c,c,o,c,c,o,c,KC,CKC,CL,CKCC,CKC,CL,CKC,,C,C,C,C,C,C,C,C,,CC,C,,C,K,K,L,K,K,L,K,2,3,2,6,3,3,3,1,1,0,2,1,0,1,0,1,1,1,1,1,1,1,1,2,1,1,2,1,VC,CVC,CVV,CVCC,CVC,CVV,CVC,1,2,0,3,2,0,2,N,NN,T,2,Untersuchungsverfahren,undef
ter,ø,r,er,ter,iter,eiter,C,KC,CKC,DCKC,CDCKC,Un,ø,U,Un,Unt,Unte,Unter,K,KC,KCC,KCCK,KCCKC,11,11,11,7,10,11,11,5,3,5,3,5,5,3,-1,light,schwa,light,schwa,light,light,schwa,c,c,o,o,c,o,c,KC,CKC,CL,CK,KC,CD,CKC,,C,C,C,,C,C,C,C,,,C,,C,K,K,L,K,K,D,K,2,3,2,2,2,3,3,1,1,0,0,1,0,1,0,1,1,1,0,1,1,1,1,2,1,1,2,1,VC,CVC,CVV,CV,VC,CVV,CVC,1,2,0,1,1,0,2,N,ø,T,2,Untertagearbeiter,undef
lung,ø,g,ng,ung,lung,dlung,C,KC,CKC,CCKC,CCCKC,Un,ø,U,Un,Unt,Unte,Unter,K,KC,KCC,KCCK,KCCKC,11,11,7,11,7,10,16,5,3,3,3,3,3,4,0,light,schwa,light,schwa,schwa,light,light,c,c,c,c,o,c,c,KC,CKC,CK,CKC,CK,CKC,CCKC,,C,C,C,C,C,CC,C,C,,C,,C,C,K,K,K,K,K,K,K,2,3,3,3,2,4,4,1,1,1,1,0,1,1,0,1,1,1,1,1,2,1,1,1,1,1,1,1,VC,CVC,CVC,CVC,CV,CVC,CCVC,1,2,2,2,1,2,3,N,NN,T,2,Unterwasserbehandlung,undef
ra,ø,a,ra,era,mera,amera,L,CL,KCL,CKCL,KCKCL,Un,ø,U,Un,Unt,Unte,Unter,K,KC,KCC,KCCK,KCCKC,11,11,7,11,7,9,14,5,3,3,3,3,4,7,0,light,schwa,light,schwa,light,schwa,light,c,c,c,c,c,o,o,KC,CKC,CK,CKC,CK,CK,CL,,C,C,C,C,C,C,C,C,,C,,,,K,K,K,K,K,K,L,2,3,3,3,2,2,2,1,1,1,1,1,0,0,0,1,1,1,1,1,1,1,1,1,1,1,1,2,VC,CVC,CVC,CVC,CVC,CV,CVV,1,2,2,2,2,1,0,N,NN,T,2,Unterwasserkamera,undef
ge,ø,e,ge,age,sage,ssage,K,CK,LCK,CLCK,KCLCK,Un,ø,U,Un,Unt,Unte,Unter,K,KC,KCC,KCCK,KCCKC,11,11,7,11,9,11,7,5,3,3,3,4,5,3,-1,light,schwa,light,schwa,light,light,schwa,c,c,c,c,c,o,o,KC,CKC,CK,CKC,CK,CL,CK,,C,C,C,C,C,C,C,C,,C,,,,K,K,K,K,K,L,K,2,3,3,3,3,2,2,1,1,1,1,1,0,0,0,1,1,1,1,1,1,1,1,1,1,1,2,1,VC,CVC,CVC,CVC,CVC,CVV,CV,1,2,2,2,2,0,1,N,NN,T,2,Unterwassermassage,undef
ge,ø,e,ge,nge,inge,dinge,K,CK,KCK,CKCK,CCKCK,un,ø,u,un,unv,unve,unver,K,KC,KCC,KCCK,KCCKC,11,11,13,7,11,9,9,5,3,4,3,3,4,4,-1,light,light,light,schwa,schwa,light,schwa,c,c,c,o,c,c,o,KC,CKC,CKC,CK,CKC,CK,CK,,C,C,C,C,C,C,C,C,C,,C,,,K,K,K,K,K,K,K,2,3,4,2,3,3,2,1,1,1,0,1,1,0,0,1,1,1,1,1,1,1,1,1,1,1,1,1,VC,CVC,CVC,CV,CVC,CVC,CV,1,2,2,1,2,2,1,ADV,AN,F,2,unverrichteterdinge,multa
stem,ø,m,em,tem,stem,ystem,C,LC,CLC,CCLC,KCCLC,U,ø,U,Ur,Uro,Urog,Uroge,L,LC,LCL,LCLC,LCLCL,8,10,7,11,15,10,10,8,5,3,5,5,3,3,0,light,light,light,light,light,light,light,o,o,o,o,c,c,c,L,CL,CL,CL,CLC,CKC,CLC,,C,C,C,C,C,C,,,,,C,C,C,L,L,L,L,L,K,L,1,2,2,2,3,2,4,0,0,0,0,1,1,1,0,1,1,1,1,1,1,2,2,2,2,2,1,2,VV,CVV,CVV,CVV,CVVC,CVC,CVVC,0,0,0,0,1,2,1,N,AN,T,2,Urogenitalsystem,antepaenultima
rung,ø,g,ng,ung,rung,erung,C,KC,CKC,KCKC,CKCKC,Va,ø,V,Va,Val,Valo,Valor,C,CK,CKC,CKCL,CKCLC,7,10,13,11,9,7,15,3,5,4,3,4,3,5,0,light,light,schwa,light,light,schwa,light,c,o,c,c,c,o,c,CK,CL,CKC,CKC,CK,CK,CKC,C,C,C,C,C,C,C,,,C,C,,,C,K,L,K,K,K,K,K,2,2,3,3,2,3,4,1,0,1,1,1,0,1,1,1,1,1,1,1,1,1,2,1,1,1,1,1,CVC,CVV,CVC,CVC,CVC,CV,CVC,2,0,2,2,2,1,2,N,NV,T,2,Valorenversicherung,sekunda
te,ø,e,te,ite,eite,reite,K,CK,DCK,CDCK,CCDCK,Va,ø,V,Va,Var,Vari,Varia,C,CK,CKC,CKCL,CKCLK,7,12,6,9,10,15,7,3,6,6,4,3,5,3,0,light,light,light,light,heavy,light,schwa,c,o,c,o,c,o,o,CK,CL,K,AL,LCC,CCD,CK,C,C,,A,,CC,C,,,,,CC,,,K,L,K,L,L,D,K,2,2,1,2,3,4,2,1,0,1,0,2,0,0,1,1,0,1,0,2,1,1,2,1,2,2,2,1,CVC,CVV,VC,CVV,VVCC,CCVV,CV,2,0,1,0,1,1,1,N,NN,T,2,Variationsbreite,antepaenultima
hig,ø,g,ig,hig,ehig,aehig,C,KC,LKC,CLKC,CCLKC,va,ø,v,va,var,vari,varia,C,CK,CKC,CKCL,CKCLK,7,12,6,9,10,7,9,3,6,6,4,3,3,4,0,light,light,light,light,heavy,light,light,c,o,c,o,c,o,c,CK,CL,K,AL,LCC,CL,KC,C,C,,A,,C,,,,,,CC,,C,K,L,K,L,L,L,K,2,2,1,2,3,2,3,1,0,1,0,2,0,1,1,1,0,1,0,1,0,1,2,1,2,2,2,1,CVC,CVV,VC,CVV,VVCC,CVV,VC,2,0,1,0,1,0,1,A,NA,F,2,variationsfaehig,antepaenultima
ger,ø,r,er,ger,iger,diger,C,KC,CKC,KCKC,CKCKC,Va,ø,V,Va,Vat,Vate,Vater,C,CL,CLC,CLCK,CLCKC,11,11,14,11,11,9,11,5,3,3,3,5,4,3,-1,light,schwa,heavy,light,light,light,schwa,o,c,c,c,o,c,c,CL,CKC,CKCA,CKC,CD,CK,CKC,C,C,C,C,C,C,C,,C,CA,C,,,C,L,K,K,K,D,K,K,2,3,5,3,3,2,3,0,1,2,1,0,1,1,1,1,1,1,1,1,1,2,1,1,1,2,1,1,CVV,CVC,CVCC,CVC,CVV,CVC,CVC,0,2,3,2,0,2,2,N,NV,T,2,Vaterlandsverteidiger,prima
sein,ø,n,in,ein,sein,tsein,C,DC,CDC,CCDC,CCCDC,Ver,ø,V,Ve,Ver,Vera,Veran,C,CK,CKC,CKCK,CKCKC,11,10,11,13,7,11,14,3,3,3,3,3,2,4,0,light,heavy,light,heavy,schwa,heavy,light,c,c,c,c,o,c,c,CKC,KCC,CKC,CKCC,CK,CKCC,CDC,C,,C,C,C,C,C,C,CC,C,CC,,CC,C,K,K,K,K,K,K,D,3,3,3,5,2,4,4,1,2,1,2,0,2,1,1,0,1,1,1,1,1,1,1,1,1,1,1,2,CVC,VCC,CVC,CVCC,CV,CVCC,CVVC,2,2,2,3,1,3,1,N,NN,T,2,Verantwortungsbewusstsein,sekunda
schaft,schaft,t,ft,aft,haft,chaft,C,CC,KCC,CKCC,CCKCC,Ver,ø,V,Ve,Ver,Verb,Verbr,C,CK,CKC,CKCC,CKCCC,11,15,11,7,9,10,9,3,5,3,3,4,3,2,-1,light,light,schwa,schwa,light,schwa,heavy,c,o,c,o,c,c,c,CKC,CCD,CKC,CK,CK,CKC,CKCC,C,CC,C,C,C,C,C,C,,C,,,C,CC,K,D,K,K,K,K,K,3,4,4,2,3,3,6,1,0,1,0,1,1,2,1,2,1,1,1,1,1,1,2,1,1,1,1,1,CVC,CCVV,CVC,CV,CVC,CVC,CVCC,2,1,2,1,2,2,3,N,NN,T,2,Verbrauchergenossenschaft,sekunda
schaft,schaft,t,ft,aft,haft,chaft,C,CC,KCC,CKCC,CCKCC,Ver,ø,V,Ve,Ver,Vers,Versi,C,CK,CKC,CKCC,CKCCK,11,9,7,16,7,11,9,3,4,3,4,3,3,2,-1,light,light,schwa,heavy,schwa,light,heavy,c,c,o,c,o,c,c,CKC,CK,CK,CKCC,CK,CKC,CKCC,C,C,C,C,C,C,C,C,,,CC,,C,CC,K,K,K,K,K,K,K,3,2,3,5,2,4,6,1,1,0,2,0,1,2,1,1,1,1,1,1,1,1,1,1,1,1,1,1,CVC,CVC,CV,CVCC,CV,CVC,CVCC,2,2,1,3,1,2,3,N,NN,T,2,Versicherungsgesellschaft,sekunda
ce,ø,e,ce,ice,lice,olice,K,CK,LCK,CLCK,LCLCK,Ver,ø,V,Ve,Ver,Vers,Versi,C,CK,CKC,CKCC,CKCCK,11,9,7,16,7,12,7,3,4,3,4,3,6,3,-1,light,light,schwa,heavy,light,light,schwa,c,c,o,c,o,o,o,CKC,CK,CK,CKCC,CL,CL,CK,C,C,C,C,C,C,C,C,,,CC,,,,K,K,K,K,L,L,K,3,2,3,5,2,2,2,1,1,0,2,0,0,0,1,1,1,1,1,1,1,1,1,1,1,2,2,1,CVC,CVC,CV,CVCC,CVV,CVV,CV,2,2,1,3,0,0,1,N,NN,T,2,Versicherungspolice,sekunda
e,ø,e,ie,mie,emie,aemie,K,LK,CLK,LCLK,CLCLK,Ver,ø,V,Ve,Ver,Vers,Versi,C,CK,CKC,CKCC,CKCCK,11,9,7,16,11,11,6,3,4,3,4,3,5,6,-1,light,light,schwa,heavy,light,light,schwa,c,c,o,c,o,o,o,CKC,CK,CK,CKCC,CCL,CL,K,C,C,C,C,CC,C,,C,,,CC,,,,K,K,K,K,L,L,K,3,2,3,5,3,2,1,1,1,0,2,0,0,0,1,1,1,1,2,1,0,1,1,1,1,2,2,1,CVC,CVC,CV,CVCC,CCVV,CVV,V,2,2,1,3,1,0,0,N,NN,T,2,Versicherungspraemie,sekunda
schaft,schaft,t,ft,aft,haft,chaft,C,CC,KCC,CKCC,CCKCC,Ver,ø,V,Ve,Ver,Vers,Verst,C,CK,CKC,CKCC,CKCCC,11,11,9,13,7,15,9,3,2,4,3,3,5,2,0,light,light,light,heavy,schwa,light,heavy,c,c,c,c,o,c,c,CKC,CCKC,CK,CKCC,CK,CDC,CKCC,C,CC,C,C,C,C,C,C,C,,CC,,C,CC,K,K,K,K,K,D,K,3,4,2,5,2,4,6,1,1,1,2,0,1,2,1,2,1,1,1,1,1,1,1,1,1,1,2,1,CVC,CCVC,CVC,CVCC,CV,CVVC,CVCC,2,3,2,3,1,1,3,N,NN,T,2,Verstaendigungsbereitschaft,sekunda
ster,ø,r,er,ter,ster,ister,C,KC,CKC,CCKC,KCCKC,Ver,ø,V,Ve,Ver,Vert,Verte,C,CK,CKC,CKCC,CKCCD,11,11,9,13,11,12,11,3,5,4,3,5,4,3,0,light,light,light,heavy,light,light,schwa,c,o,c,c,o,c,c,CKC,CD,CK,CKCC,CL,CKC,CKC,C,C,C,C,C,C,C,C,,,CC,,C,C,K,D,K,K,L,K,K,3,3,2,5,2,2,4,1,0,1,2,0,1,1,1,1,1,1,1,1,1,1,2,1,1,2,1,1,CVC,CVV,CVC,CVCC,CVV,CVC,CVC,2,0,2,3,0,2,2,N,NN,T,2,Verteidigungsminister,sekunda
zin,ø,n,in,zin,izin,dizin,C,LC,ALC,LALC,CLALC,Ve,ø,V,Ve,Vet,Vete,Veter,C,CL,CLC,CLCL,CLCLC,7,7,12,13,9,9,12,3,3,6,4,4,4,4,0,light,light,light,light,light,light,light,o,o,o,c,o,o,c,CL,CL,CL,CLC,CL,CL,ALC,C,C,C,C,C,C,A,,,,C,,,C,L,L,L,L,L,L,L,2,2,2,3,2,2,3,0,0,0,1,0,0,1,1,1,1,1,1,1,1,2,2,2,2,2,2,2,CVV,CVV,CVV,CVVC,CVV,CVV,CVVC,0,0,0,1,0,0,1,N,AN,T,2,Veterinaermedizin,undef
ge,ø,e,ge,age,sage,ssage,K,CK,LCK,CLCK,KCLCK,Vi,ø,V,Vi,Vib,Vibr,Vibra,C,CL,CLC,CLCC,CLCCK,9,11,9,10,9,11,7,4,3,4,3,4,5,3,-1,light,light,light,heavy,light,light,schwa,o,c,o,c,c,o,o,CL,CCK,AL,LCC,CK,CL,CK,C,CC,A,,C,C,C,,,,CC,,,,L,K,L,L,K,L,K,2,3,2,3,3,2,2,0,1,0,2,1,0,0,1,2,1,0,1,1,1,2,1,2,2,1,2,1,CVV,CCVC,CVV,VVCC,CVC,CVV,CV,0,3,0,1,2,0,1,N,NN,T,2,Vibrationsmassage,undef
rung,ø,g,ng,ung,rung,erung,C,KC,CKC,LCKC,CLCKC,Voll,ø,V,Vo,Vol,Voll,Vollj,C,CK,CKC,CKCC,CKCCL,11,12,13,12,10,11,15,3,6,4,4,5,3,5,0,light,light,light,light,light,light,light,c,o,c,c,c,o,c,CKC,CL,CKC,CDA,KC,CCL,CKC,C,C,C,C,,CC,C,C,,C,A,C,,C,K,L,K,D,K,L,K,4,3,3,5,2,3,4,1,0,1,1,1,0,1,1,1,1,1,0,2,1,1,2,1,2,1,2,1,CVC,CVV,CVC,CVVC,VC,CCVV,CVC,2,0,2,1,1,1,2,N,NV,T,2,Volljaehrigkeitserklaerung,prima
n1r,ø,r,er,aer,naer,onaer,C,LC,CLC,LCLC,LLCLC,vor,vor,v,vo,vor,vorr,vorre,C,CL,CLC,CLCC,CLCCL,11,10,7,12,9,6,13,3,5,3,6,4,6,4,0,light,light,light,light,light,light,light,c,o,o,o,o,o,c,CLC,CL,CL,CL,AL,L,CLC,C,C,C,C,A,,C,C,,,,,,C,L,L,L,L,L,L,L,3,2,2,2,2,1,3,1,0,0,0,0,0,1,1,1,1,1,1,0,1,2,2,2,2,2,2,2,CVVC,CVV,CVV,CVV,CVV,VV,CVVC,1,0,0,0,0,0,1,A,ø,F,2,vorrevolutionaer,prima
nett,ø,t,tt,ett,nett,inett,C,KC,CKC,LCKC,CLCKC,Wachs,ø,W,Wa,Wac,Wach,Wachs,C,CK,CKC,CKCC,CKCCC,9,9,9,13,7,9,10,2,4,4,4,3,4,3,0,heavy,light,light,schwa,light,light,light,c,o,o,c,c,o,c,CKCC,CL,CL,CKC,CK,CL,CKC,C,C,C,C,C,C,C,CC,,,C,,,C,K,L,L,K,K,L,K,5,2,2,3,2,2,4,2,0,0,1,1,0,1,1,1,1,1,1,1,1,1,2,2,1,1,2,1,CVCC,CVV,CVV,CVC,CVC,CVV,CVC,3,0,0,2,2,0,2,N,NN,T,2,Wachsfigurenkabinett,prima
on,ø,n,on,ion,tion,ation,C,LC,LLC,ALLC,KALLC,Wan,ø,W,Wa,Wan,Wand,Wande,C,CK,CKC,CKCC,CKCCK,10,11,6,13,7,9,9,3,3,6,4,3,4,4,-1,light,schwa,light,light,light,light,light,c,c,o,o,c,o,c,CKC,CKC,L,CCL,CK,AL,LC,C,C,,CC,C,A,,C,C,,,,,C,K,K,L,L,K,L,L,3,3,1,3,2,2,2,1,1,0,0,1,0,1,1,1,0,2,1,1,0,1,1,2,2,1,2,2,CVC,CVC,VV,CCVV,CVC,CVV,VVC,2,2,0,1,2,0,0,N,VN,T,2,Wandelobligation,prima
xyd,ø,d,yd,xyd,oxyd,roxyd,C,LC,CLC,CCLC,KCCLC,Was,ø,W,Wa,Was,Wass,Wasse,C,CK,CKC,CKCK,CKCKC,7,11,9,9,11,7,10,3,3,2,4,3,3,3,0,light,schwa,light,light,light,light,light,c,c,c,o,c,c,c,CK,CKC,CCKC,CL,CKC,KC,CLC,C,C,CC,C,C,,C,,C,C,,C,C,C,K,K,K,L,K,K,L,3,3,5,2,3,1,3,1,1,1,0,1,1,1,1,1,2,1,1,0,1,1,1,1,2,1,1,2,CVC,CVC,CCVC,CVV,CVC,VC,CVVC,2,2,3,0,2,1,1,N,NN,T,2,Wasserstoffsuperoxyd,prima
such,ø,h,ch,uch,such,rsuch,C,LC,CLC,CCLC,KCCLC,Wie,ø,W,Wi,Wie,Wied,Wiede,C,CL,CLC,CLCK,CLCKC,9,11,7,10,13,11,10,4,3,3,5,3,3,3,0,light,schwa,schwa,light,heavy,light,light,o,c,o,o,c,c,c,CL,CKC,CK,CL,CKCC,CKC,CLC,C,C,C,C,C,C,C,,C,,,CC,C,C,L,K,K,L,K,K,L,3,3,2,2,5,3,4,0,1,0,0,2,1,1,1,1,1,1,1,1,1,2,1,1,2,1,1,2,CVV,CVC,CV,CVV,CVCC,CVC,CVVC,0,2,1,0,3,2,1,N,NN,T,2,Wiederbelebungsversuch,prima
me,ø,e,me,hme,ahme,nahme,K,CK,LCK,CLCK,ACLCK,Wie,ø,W,Wi,Wie,Wied,Wiede,C,CL,CLC,CLCK,CLCKC,9,11,11,7,10,13,9,4,3,5,3,3,6,4,0,light,schwa,light,schwa,light,light,schwa,o,c,c,o,c,o,o,CL,CKC,KC,CK,CKA,CL,CK,C,C,,C,C,C,C,,C,C,,A,,,L,K,K,K,K,L,K,3,3,2,2,4,3,2,0,1,1,0,1,0,0,1,1,0,1,1,1,1,2,1,1,1,1,2,1,CVV,CVC,VC,CV,CVC,CVV,CV,0,2,1,1,2,0,1,N,ø,T,2,Wiederinbesitznahme,antepaenultima
schaft,schaft,t,ft,aft,haft,chaft,C,CC,KCC,CKCC,CCKCC,Woh,ø,W,Wo,Woh,Wohn,Wohnu,C,CL,CLC,CLCK,CLCKC,7,15,11,7,9,10,9,3,3,5,3,4,3,2,-1,light,heavy,light,schwa,light,schwa,heavy,o,c,o,o,c,c,c,CL,CKCC,CD,CK,CK,CKC,CKCC,C,C,C,C,C,C,C,,CC,,,,C,CC,L,K,D,K,K,K,K,3,5,3,2,3,3,6,0,2,0,0,1,1,2,1,1,1,1,1,1,1,2,1,2,1,1,1,1,CVV,CVCC,CVV,CV,CVC,CVC,CVCC,0,3,0,1,2,2,3,N,NN,T,2,Wohnungsbaugenossenschaft,prima
den,ø,n,en,den,rden,orden,C,KC,CKC,CCKC,KCCKC,Zi,ø,Z,Zi,Zis,Zist,Ziste,A,AK,AKC,AKCC,AKCCK,10,11,9,9,11,10,10,3,3,4,4,3,5,3,0,light,light,light,light,schwa,light,schwa,c,c,o,c,c,c,c,AKC,CKC,AL,KC,CKC,KC,CKC,A,C,A,,C,,C,C,C,,C,C,C,C,K,K,L,K,K,K,K,2,4,2,2,3,2,3,1,1,0,1,1,1,1,1,1,1,0,1,0,1,1,1,2,1,1,1,1,CVC,CVC,CVV,VC,CVC,VC,CVC,2,2,0,1,2,1,2,N,NN,T,2,Zisterzienserorden,undef
de,ø,e,de,ade,nade,onade,K,CK,LCK,CLCK,LCLCK,Zi,ø,Z,Zi,Zit,Zitr,Zitro,A,AL,ALC,ALCC,ALCCL,10,10,12,12,9,13,7,3,5,4,6,4,6,3,-1,light,light,schwa,light,light,light,schwa,c,o,c,o,o,o,o,ALC,CL,CKC,CL,CL,CL,CK,A,C,C,C,C,C,C,C,,C,,,,,L,L,K,L,L,L,K,2,3,3,2,2,2,2,1,0,1,0,0,0,0,1,1,1,1,1,1,1,2,2,1,2,2,2,1,CVVC,CVV,CVC,CVV,CVV,CVV,CV,1,0,2,0,0,0,1,N,NN,T,2,Zitronenlimonade,sekunda
f2hl,ø,l,hl,ehl,uehl,fuehl,C,LC,CLC,KCLC,CKCLC,Zu,ø,Z,Zu,Zug,Zuge,Zugeh,A,AL,ALC,ALCK,ALCKC,9,7,7,13,12,7,13,4,3,3,4,4,3,4,0,light,schwa,light,light,light,schwa,light,o,o,o,c,c,o,c,AL,CK,CL,CKC,CDA,CK,CLC,A,C,C,C,C,C,C,,,,C,A,,C,L,K,L,K,D,K,L,2,2,2,3,5,2,4,0,0,0,1,1,0,1,1,1,1,1,1,1,1,2,1,2,1,2,1,2,CVV,CV,CVV,CVC,CVVC,CV,CVVC,0,1,0,2,1,1,1,N,NN,T,2,Zugehoerigkeitsgefuehl,prima
on,ø,n,on,ion,tion,ktion,C,LC,LLC,ALLC,CALLC,Zy,ø,Z,Zy,Zyl,Zyli,Zylin,A,AL,ALC,ALCK,ALCKC,9,15,11,11,13,9,9,4,5,3,3,4,4,4,-1,light,light,schwa,light,light,light,light,o,c,c,o,c,o,c,AL,CKC,CKC,CCL,CKC,AL,LC,A,C,C,CC,C,A,,,C,C,,C,,C,L,K,K,L,K,L,L,2,3,3,3,3,2,2,0,1,1,0,1,0,1,1,1,1,2,1,1,0,2,1,1,2,1,2,2,CVV,CVC,CVC,CCVV,CVC,CVV,VVC,0,2,2,1,2,0,0,N,NN,T,2,Zylinderprojektion,sekunda
