syl_suffix,signi_suffix,suffix1,suffix2,suffix3,suffix4,suffix5,suffix_phoncat1,suffix_phoncat2,suffix_phoncat3,suffix_phoncat4,suffix_phoncat5,suff_class,syl_praefix,signi_praefix,praefix1,praefix2,praefix3,praefix4,praefix5,praefix_phoncat1,praefix_phoncat2,praefix_phoncat3,praefix_phoncat4,praefix_phoncat5,prae_class,sonority0,sonority1,sonority2,sonority3,sonority4,sonority5,sonority6,sonority_ratio0,sonority_ratio1,sonority_ratio2,sonority_ratio3,sonority_ratio4,sonority_ratio5,sonority_ratio6,sonority_dir,syl_weight0,syl_weight1,syl_weight2,syl_weight3,syl_weight4,syl_weight5,syl_weight6,syl_open0,syl_open1,syl_open2,syl_open3,syl_open4,syl_open5,syl_open6,syl_phoncat0,syl_phoncat1,syl_phoncat2,syl_phoncat3,syl_phoncat4,syl_phoncat5,syl_phoncat6,onset_phoncat0,onset_phoncat1,onset_phoncat2,onset_phoncat3,onset_phoncat4,onset_phoncat5,onset_phoncat6,koda_phoncat0,koda_phoncat1,koda_phoncat2,koda_phoncat3,koda_phoncat4,koda_phoncat5,koda_phoncat6,nucleus_phoncat0,nucleus_phoncat1,nucleus_phoncat2,nucleus_phoncat3,nucleus_phoncat4,nucleus_phoncat5,nucleus_phoncat6,syl_len0,syl_len1,syl_len2,syl_len3,syl_len4,syl_len5,syl_len6,koda_len0,koda_len1,koda_len2,koda_len3,koda_len4,koda_len5,koda_len6,onset_len0,onset_len1,onset_len2,onset_len3,onset_len4,onset_len5,onset_len6,nucleus_len0,nucleus_len1,nucleus_len2,nucleus_len3,nucleus_len4,nucleus_len5,nucleus_len6,syl_cv0,syl_cv1,syl_cv2,syl_cv3,syl_cv4,syl_cv5,syl_cv6,cv_ratio0,cv_ratio1,cv_ratio2,cv_ratio3,cv_ratio4,cv_ratio5,cv_ratio6,pos,comp_struct,nomen,comp_len,Word,stress_class
ren,ø,n,en,ren,eren,ieren,C,KC,CKC,LCKC,CLCKC,ø,ent,ent,e,en,ent,entb,entbu,K,KC,KCC,KCCC,KCCCL,noacc,10,9,10,11,9,9,13,3,4,5,3,4,4,4,0,heavy,light,light,light,light,light,schwa,c,o,o,c,o,o,c,KCC,CL,CL,CCK,CL,CL,CKC,?,C,C,CC,C,C,C,CC,?,?,?,?,?,C,K,L,L,K,L,L,K,3,2,2,3,2,3,3,2,0,0,1,0,0,1,0,1,1,2,1,1,1,1,2,2,1,2,2,1,VCC,CVV,CVV,CCVC,CVV,CVV,CVC,2,0,0,3,0,0,2,V,V,F,1,entbuerokratisieren,paenultima
tut,ø,t,ut,tut,itut,titut,C,LC,CLC,LCLC,CLCLC,ø,Be,ø,B,Be,Bee,Beer,Beerd,C,CK,CKL,CKLC,CKLCC,noacc,7,10,9,13,11,10,10,3,5,4,3,5,3,3,0,schwa,light,light,heavy,light,light,light,o,c,c,c,c,o,c,CK,LC,CK,CKCC,KC,CCL,CLC,C,?,C,C,?,CC,C,?,C,?,CC,C,?,C,K,L,K,K,K,L,L,2,2,2,5,2,3,3,0,1,1,2,1,0,1,1,0,1,1,0,2,1,1,2,1,1,1,2,2,CV,VVC,CVC,CVCC,VC,CCVV,CVVC,1,0,2,3,1,1,1,N,NN,T,2,Beerdigungsinstitut,sekunda
on,ø,n,on,ion,tion,ation,C,LC,LLC,ALLC,KALLC,ø,In,ø,I,In,Ind,Indi,Indiv,K,KC,KCC,KCCL,KCCLC,ø,11,9,9,9,6,9,9,5,4,4,4,6,4,4,-1,light,light,light,light,light,light,light,c,o,o,o,c,o,c,KC,CL,CL,CL,K,AL,LC,?,C,C,C,?,A,?,C,?,?,?,?,?,C,K,L,L,L,K,L,L,2,2,2,2,1,2,2,1,0,0,0,1,0,1,0,1,1,1,0,1,0,1,2,2,2,1,2,2,VC,CVV,CVV,CVV,VC,CVV,VVC,1,0,0,0,1,0,0,N,R,T,1,Individuation,ultima
on,ø,n,on,ion,tion,ution,C,LC,LLC,ALLC,LALLC,ø,Kon,ø,K,Ko,Kon,Kont,Konte,C,CK,CKC,CKCC,CKCCK,ø,10,11,10,7,12,9,9,3,3,5,3,6,4,4,-1,light,schwa,light,light,light,light,light,c,c,o,o,o,o,c,CKC,CKC,CL,CL,CL,AL,LC,C,C,C,C,C,A,?,C,C,?,?,?,?,C,K,K,L,L,L,L,L,3,3,2,2,2,2,2,1,1,0,0,0,0,1,1,1,1,1,1,1,0,1,1,2,2,2,2,2,CVC,CVC,CVV,CVV,CVV,CVV,VVC,2,2,0,0,0,0,0,N,N,T,1,Konterrevolution,prima
stisch,ø,h,ch,sch,isch,tisch,C,KC,CKC,CCKC,KCCKC,ø,tra,ø,t,tr,tra,trad,tradi,C,CC,CCK,CCKC,CCKCL,ø,11,9,9,6,9,13,10,3,4,4,6,4,4,3,0,light,light,light,light,light,light,light,c,o,o,o,c,c,c,CCK,CL,AL,L,CK,CKC,CKC,CC,C,A,?,C,C,C,?,?,?,?,?,C,C,K,L,L,L,K,K,K,3,2,2,1,2,2,6,1,0,0,0,1,1,1,2,1,1,0,1,1,1,1,2,2,2,1,1,1,CCVC,CVV,CVV,VV,CVC,CVC,CVC,3,0,0,0,2,2,2,A,N,F,1,traditionalistisch,paenultima
le,ø,e,le,lle,elle,uelle,K,CK,KCK,CKCK,CCKCK,ø,In,ø,I,In,Inf,Info,Infor,K,KC,KCC,KCCK,KCCKC,ø,11,11,9,9,10,8,10,5,3,4,4,3,2,5,-1,light,light,light,light,heavy,light,schwa,c,c,c,o,c,c,o,KC,CKC,CK,AL,LCC,CCK,CK,?,C,C,A,?,CC,C,C,C,?,?,CC,?,?,K,K,K,L,L,K,K,2,3,2,2,3,4,2,1,1,1,0,2,1,0,0,1,1,1,0,2,1,1,1,1,2,2,1,1,VC,CVC,CVC,CVV,VVCC,CCVC,CV,1,2,2,0,1,3,1,N,NN,T,2,Informationsquelle,antepaenultima
ner,ø,r,er,ner,aner,kaner,C,KC,CKC,LCKC,CLCKC,ø,An,ø,A,An,Ang,Angl,Anglo,K,KC,KCC,KCCC,KCCCL,ø,9,11,6,9,12,11,13,4,3,6,4,6,5,4,0,light,light,light,light,light,light,schwa,c,o,c,o,o,o,c,KC,CCL,K,CL,CL,CL,CKC,?,CC,?,C,C,C,C,C,?,?,?,?,?,C,K,L,K,L,L,L,K,2,3,1,2,2,2,3,1,0,1,0,0,0,1,0,2,0,1,1,1,1,1,2,1,2,2,2,1,VC,CCVV,VC,CVV,CVV,CVV,CVC,1,1,1,0,0,0,2,N,ø,T,0,Angloamerikaner,paenultima
rung,ø,g,ng,ung,rung,erung,C,KC,CKC,LCKC,CLCKC,ø,A,ø,A,Am,Ame,Amer,Ameri,K,KC,KCL,KCLC,KCLCL,ø,6,9,12,7,11,9,15,6,4,6,3,5,4,5,0,light,light,light,light,light,light,light,c,o,o,c,o,o,c,K,CL,CL,CK,CL,CL,CKC,?,C,C,C,C,C,C,?,?,?,?,?,?,C,K,L,L,K,L,L,K,1,2,2,2,2,3,4,1,0,0,1,0,0,1,0,1,1,1,1,1,1,1,2,2,1,2,2,1,VC,CVV,CVV,CVC,CVV,CVV,CVC,1,0,0,2,0,0,2,N,V,T,1,Amerikanisierung,paenultima
ren,ø,n,en,ren,eren,ieren,C,KC,CKC,LCKC,CLCKC,ø,her,ø,h,he,her,hera,herau,C,CK,CKC,CKCD,CKCDC,ø,7,15,14,7,12,9,13,3,5,3,3,6,4,4,0,light,light,light,light,light,light,schwa,c,c,c,c,o,o,c,CK,CDC,CCKC,CK,CL,CL,CKC,C,C,CC,C,C,C,C,?,C,C,?,?,?,C,K,D,K,K,L,L,K,3,3,3,4,2,3,3,1,1,1,1,0,0,1,1,1,2,1,1,1,1,1,2,1,1,2,2,1,CVC,CVVC,CCVC,CVC,CVV,CVV,CVC,2,1,3,2,0,0,2,V,BV,F,2,herauskristallisieren,sekunda
nis,nis,s,is,nis,tnis,ltnis,C,KC,CKC,CCKC,CCCKC,noacc,Ab,ø,A,Ab,Abh,Abha,Abhae,K,KC,KCC,KCCK,KCCKC,acc,7,7,12,12,11,12,12,3,3,4,4,3,3,4,0,light,light,light,light,light,heavy,light,c,c,c,c,c,c,c,KC,CK,CKC,CDA,CKC,CKCC,CKC,?,C,C,C,C,C,C,C,?,C,A,C,CC,C,K,K,K,D,K,K,K,2,3,3,5,3,4,3,1,1,1,1,1,2,1,0,1,1,1,1,1,1,1,1,1,2,1,1,1,VC,CVC,CVC,CVVC,CVC,CVCC,CVC,1,2,2,1,2,3,2,N,NN,T,2,Abhaengigkeitsverhaeltnis,prima
keit,keit,t,it,eit,keit,gkeit,C,DC,CDC,CCDC,KCCDC,ø,Um,ø,U,Um,Umd,Umdr,Umdre,K,KC,KCC,KCCC,KCCCL,acc,11,11,12,7,13,10,12,5,3,4,3,3,3,4,0,light,light,heavy,schwa,light,light,light,c,o,c,o,c,c,c,KC,CCL,KCC,CK,CCKC,CKC,CDC,?,CC,?,C,CC,C,C,C,?,CC,?,C,C,C,K,L,K,K,K,K,D,2,3,5,2,6,3,4,1,0,2,0,1,1,1,0,2,0,1,2,1,1,1,2,1,1,1,1,2,VC,CCVV,VCC,CV,CCVC,CVC,CVVC,1,1,2,1,3,2,1,N,NN,T,2,Umdrehungsgeschwindigkeit,sekunda
on,ø,n,on,ion,tion,ation,C,LC,LLC,ALLC,KALLC,ø,Ge,ø,G,Ge,Gen,Gene,Gener,C,CL,CLC,CLCK,CLCKC,ø,7,9,10,12,7,9,9,3,4,5,6,3,4,4,0,light,schwa,light,light,light,light,light,o,o,c,o,c,o,c,CL,CK,CK,CL,CK,AL,LC,C,C,C,C,C,A,?,?,?,?,?,?,?,C,L,K,K,L,K,L,L,2,2,2,2,2,2,2,0,0,1,0,1,0,1,1,1,1,1,1,1,0,2,1,1,2,1,2,2,CVV,CV,CVC,CVV,CVC,CVV,VVC,0,1,2,0,2,0,0,N,R,T,1,Generalisation,ultima
f2hl,ø,l,hl,ehl,uehl,fuehl,C,LC,CLC,KCLC,CKCLC,ø,Zu,ø,Z,Zu,Zug,Zuge,Zugeh,A,AL,ALC,ALCK,ALCKC,acc,9,7,7,13,12,7,13,4,3,3,4,4,3,4,0,light,schwa,light,light,light,schwa,light,o,o,o,c,c,o,c,AL,CK,CL,CKC,CDA,CK,CLC,A,C,C,C,C,C,C,?,?,?,C,A,?,C,L,K,L,K,D,K,L,2,2,2,3,5,2,4,0,0,0,1,1,0,1,1,1,1,1,1,1,1,2,1,2,1,2,1,2,CVV,CV,CVV,CVC,CVVC,CV,CVVC,0,1,0,2,1,1,1,N,NN,T,2,Zugehoerigkeitsgefuehl,prima
chung,ø,g,ng,ung,hung,chung,C,KC,CKC,KCKC,CKCKC,ø,Schwan,ø,S,Sc,Sch,Schw,Schwa,C,CC,CCK,CCKC,CCKCK,ø,8,13,9,11,11,11,12,2,4,2,5,3,3,4,0,light,schwa,heavy,light,schwa,light,light,c,c,c,c,c,c,c,CCK,CKC,CKCA,KC,CKC,CCK,CKC,CC,C,C,?,C,CC,C,?,C,CA,C,C,?,C,K,K,K,K,K,K,K,6,3,7,2,3,3,5,1,1,2,1,1,1,1,2,1,1,0,1,2,1,1,1,1,1,1,1,1,CCVC,CVC,CVCC,VC,CVC,CCVC,CVC,3,2,3,1,2,3,2,N,NV,T,2,Schwangerschaftsunterbrechung,prima
rung,ø,g,ng,ung,rung,erung,C,KC,CKC,LCKC,CLCKC,ø,Voll,ø,V,Vo,Vol,Voll,Vollj,C,CK,CKC,CKCC,CKCCL,ø,11,12,13,12,10,11,15,3,6,4,4,5,3,5,0,light,light,light,light,light,light,light,c,o,c,c,c,o,c,CKC,CL,CKC,CDA,KC,CCL,CKC,C,C,C,C,?,CC,C,C,?,C,A,C,?,C,K,L,K,D,K,L,K,4,3,3,5,2,3,4,1,0,1,1,1,0,1,1,1,1,1,0,2,1,1,2,1,2,1,2,1,CVC,CVV,CVC,CVVC,VC,CCVV,CVC,2,0,2,1,1,1,2,N,NV,T,2,Volljaehrigkeitserklaerung,prima
recht,ø,t,ht,cht,echt,recht,C,CC,KCC,CKCC,KCKCC,ø,si,ø,s,si,sit,situ,situa,C,CL,CLC,CLCL,CLCLK,ø,9,9,6,9,10,7,12,4,4,6,4,3,3,3,0,light,light,light,light,heavy,schwa,heavy,o,o,c,o,c,o,c,CL,CL,K,AL,LCC,CK,CKCC,C,C,?,A,?,C,C,?,?,?,?,CC,?,CC,L,L,K,L,L,K,K,2,2,1,2,3,2,5,0,0,1,0,2,0,2,1,1,0,1,0,1,1,2,2,1,2,2,1,1,CVV,CVV,VC,CVV,VVCC,CV,CVCC,0,0,1,0,1,1,3,A,NA,F,2,situationsgerecht,antepaenultima
de,ø,e,de,ode,iode,riode,K,CK,LCK,LLCK,CLLCK,ø,Schlecht,ø,S,Sc,Sch,Schl,Schle,C,CC,CCK,CCKC,CCKCC,ø,13,7,11,7,12,6,7,2,3,3,3,6,6,3,-1,heavy,light,schwa,light,light,light,schwa,c,c,c,o,o,o,o,CCKCC,CK,CKC,CL,CL,L,CK,CC,C,C,C,C,?,C,CC,?,C,?,?,?,?,K,K,K,L,L,L,K,8,3,3,2,2,1,2,2,1,1,0,0,0,0,2,1,1,1,1,0,1,1,1,1,2,2,2,1,CCVCC,CVC,CVC,CVV,CVV,VV,CV,4,2,2,0,0,0,1,N,NN,T,2,Schlechtwetterperiode,sekunda
rung,ø,g,ng,ung,rung,erung,C,KC,CKC,LCKC,CLCKC,ø,In,ø,I,In,Ind,Indu,Indus,K,KC,KCC,KCCK,KCCKC,ø,11,10,13,6,12,9,15,5,3,4,6,6,4,5,0,light,light,light,light,light,light,light,c,c,o,c,o,o,c,KC,CKC,CCL,K,CL,CL,CKC,?,C,CC,?,C,C,C,C,C,?,?,?,?,C,K,K,L,K,L,L,K,2,2,4,1,2,3,4,1,1,0,1,0,0,1,0,1,2,0,1,1,1,1,1,2,1,2,2,1,VC,CVC,CCVV,VC,CVV,CVV,CVC,1,2,1,1,0,0,2,N,V,T,1,Industrialisierung,paenultima
ren,ø,n,en,ren,eren,ieren,C,KC,CKC,LCKC,CLCKC,ø,pro,ø,p,pr,pro,prov,provi,C,CC,CCL,CCLC,CCLCK,ø,11,12,9,6,12,9,13,3,4,4,6,6,4,4,0,light,light,light,light,light,light,schwa,o,c,o,c,o,o,c,CCL,CKC,AL,K,CL,CL,CKC,CC,C,A,?,C,C,C,?,C,?,?,?,?,C,L,K,L,K,L,L,K,3,3,2,1,2,3,3,0,1,0,1,0,0,1,2,1,1,0,1,1,1,2,1,2,1,2,2,1,CCVV,CVC,CVV,VC,CVV,CVV,CVC,1,2,0,1,0,0,2,V,N,F,1,provinzialisieren,paenultima
heit,heit,t,it,eit,heit,iheit,C,DC,CDC,DCDC,CDCDC,ø,Ko,ø,K,Ko,Koa,Koal,Koali,C,CL,CLK,CLKC,CLKCL,ø,7,6,12,9,10,15,12,3,6,6,4,3,5,4,1,light,light,light,light,heavy,light,light,o,c,o,o,c,o,c,CL,K,CL,AL,LCC,CCD,CDC,C,?,C,A,?,CC,C,?,?,?,?,CC,?,C,L,K,L,L,L,D,D,2,1,2,2,3,4,4,0,1,0,0,2,0,1,1,0,1,1,0,2,1,2,1,2,2,2,2,2,CVV,VC,CVV,CVV,VVCC,CCVV,CVVC,0,1,0,0,1,1,1,N,NN,T,2,Koalitionsfreiheit,antepaenultima
such,ø,h,ch,uch,such,rsuch,C,LC,CLC,CCLC,KCCLC,ø,Wie,ø,W,Wi,Wie,Wied,Wiede,C,CL,CLC,CLCK,CLCKC,ø,9,11,7,10,13,11,10,4,3,3,5,3,3,3,0,light,schwa,schwa,light,heavy,light,light,o,c,o,o,c,c,c,CL,CKC,CK,CL,CKCC,CKC,CLC,C,C,C,C,C,C,C,?,C,?,?,CC,C,C,L,K,K,L,K,K,L,3,3,2,2,5,3,4,0,1,0,0,2,1,1,1,1,1,1,1,1,1,2,1,1,2,1,1,2,CVV,CVC,CV,CVV,CVCC,CVC,CVVC,0,2,1,0,3,2,1,N,NN,T,2,Wiederbelebungsversuch,prima
on,ø,n,on,ion,tion,ation,C,LC,LLC,ALLC,KALLC,ø,Des,ø,D,De,Des,Deso,Desor,C,CK,CKC,CKCK,CKCKC,ø,8,10,7,11,7,9,9,2,5,3,5,3,4,4,0,light,light,light,light,light,light,light,c,c,c,o,c,o,c,CKC,KC,CK,CL,CK,AL,LC,C,?,C,C,C,A,?,C,C,?,?,?,?,C,K,K,K,L,K,L,L,3,2,2,2,2,2,2,1,1,1,0,1,0,1,1,0,1,1,1,1,0,1,1,1,2,1,2,2,CVC,VC,CVC,CVV,CVC,CVV,VVC,2,1,2,0,2,0,0,N,R,T,1,Desorganisation,ultima
ren,ø,n,en,ren,eren,ieren,C,KC,CKC,LCKC,CLCKC,ø,in,ø,i,in,ind,indu,indus,K,KC,KCC,KCCK,KCCKC,ø,11,10,13,6,12,9,13,5,3,4,6,6,4,4,0,light,light,light,light,light,light,schwa,c,c,o,c,o,o,c,KC,CKC,CCL,K,CL,CL,CKC,?,C,CC,?,C,C,C,C,C,?,?,?,?,C,K,K,L,K,L,L,K,2,2,4,1,2,3,3,1,1,0,1,0,0,1,0,1,2,0,1,1,1,1,1,2,1,2,2,1,VC,CVC,CCVV,VC,CVV,CVV,CVC,1,2,1,1,0,0,2,V,N,F,1,industrialisieren,paenultima
stisch,ø,h,ch,sch,isch,tisch,C,KC,CKC,CCKC,KCCKC,ø,so,ø,s,so,soz,sozi,sozio,C,CL,CLA,CLAL,CLALL,ø,7,9,6,15,9,9,10,3,4,6,5,4,4,3,0,light,light,light,light,light,light,light,o,o,o,c,o,c,c,CL,AL,L,CKC,CL,KC,CKC,C,A,?,C,C,?,C,?,?,?,C,?,C,C,L,L,L,K,L,K,K,2,2,1,3,2,1,6,0,0,0,1,0,1,1,1,1,0,1,1,0,1,2,2,2,1,2,1,1,CVV,CVV,VV,CVC,CVV,VC,CVC,0,0,0,2,0,1,2,A,ø,F,2,soziolinguistisch,paenultima
on,ø,n,on,ion,dion,adion,C,KC,LKC,CLKC,KCLKC,ø,O,ø,O,Ol,Oly,Olym,Olymp,L,LC,LCK,LCKC,LCKCC,ø,6,15,9,6,8,9,9,6,5,4,6,2,4,4,-1,light,light,light,light,light,light,light,o,c,o,c,c,o,c,L,CKC,CL,K,CCK,CL,KC,?,C,C,?,CC,C,?,?,C,?,?,?,?,C,L,K,L,K,K,L,K,1,3,2,1,3,2,2,0,1,0,1,1,0,1,0,1,1,0,2,1,0,2,1,2,1,1,2,1,VV,CVC,CVV,VC,CCVC,CVV,VC,0,2,0,1,3,0,1,N,ø,T,0,Olympiastadion,sekunda
mus,ø,s,us,mus,smus,ismus,C,KC,CKC,CCKC,KCCKC,noacc,I,ø,I,Is,Iso,Isol,Isola,L,LC,LCL,LCLC,LCLCK,ø,8,7,10,9,6,12,12,8,3,5,4,6,4,4,0,light,light,light,light,light,light,light,o,o,c,o,o,c,c,L,CL,CK,AL,L,CKC,CKC,?,C,C,A,?,C,C,?,?,?,?,?,C,C,L,L,K,L,L,K,K,1,2,2,2,1,3,3,0,0,1,0,0,1,1,0,1,1,1,0,1,1,2,2,1,2,2,1,1,VV,CVV,CVC,CVV,VV,CVC,CVC,0,0,2,0,0,2,2,N,N,T,1,Isolationismus,paenultima
on,ø,n,on,ion,tion,ation,C,LC,LLC,ALLC,KALLC,ø,Lei,ø,L,Le,Lei,Leib,Leibe,C,CD,CDC,CDCK,CDCKC,ø,14,8,9,9,7,9,9,7,2,4,4,3,4,4,-1,light,schwa,light,light,light,light,light,o,c,o,o,c,o,c,CD,CKC,CL,CL,CK,AL,LC,C,C,C,C,C,A,?,?,C,?,?,?,?,C,D,K,L,L,K,L,L,3,3,2,2,2,2,2,0,1,0,0,1,0,1,1,1,1,1,1,1,0,2,1,2,2,1,2,2,CVV,CVC,CVV,CVV,CVC,CVV,VVC,0,2,0,0,2,0,0,N,NN,T,2,Leibesvisitation,prima
on,ø,n,on,ion,tion,ation,C,LC,LLC,ALLC,KALLC,ø,Ge,ø,G,Ge,Geg,Gege,Gegen,C,CL,CLC,CLCK,CLCKC,acc,7,10,10,11,9,9,9,3,3,5,3,4,4,4,0,light,schwa,light,light,light,light,light,o,c,o,c,c,o,c,CL,CKC,CL,CKC,CK,AL,LC,C,C,C,C,C,A,?,?,C,?,C,?,?,C,L,K,L,K,K,L,L,2,3,2,3,2,2,2,0,1,0,1,1,0,1,1,1,1,1,1,1,0,2,1,2,1,1,2,2,CVV,CVC,CVV,CVC,CVC,CVV,VVC,0,2,0,2,2,0,0,N,PN,T,2,Gegenreformation,prima
on,ø,n,on,ion,tion,ation,C,LC,LLC,ALLC,KALLC,ø,Dis,ø,D,Di,Dis,Disq,Disqu,C,CK,CKC,CKCC,CKCCC,ø,10,8,12,9,7,9,9,3,2,6,4,3,4,4,-1,light,light,light,light,light,light,light,c,c,o,o,c,o,c,CKC,CCK,CL,CL,CK,AL,LC,C,CC,C,C,C,A,?,C,?,?,?,?,?,C,K,K,L,L,K,L,L,3,3,2,2,2,2,2,1,1,0,0,1,0,1,1,2,1,1,1,1,0,1,1,2,2,1,2,2,CVC,CCVC,CVV,CVV,CVC,CVV,VVC,2,3,0,0,2,0,0,N,N,T,1,Disqualifikation,ultima
rung,ø,g,ng,ung,rung,erung,C,KC,CKC,LCKC,CLCKC,ø,Ra,ø,R,Ra,Rat,Rati,Ratio,C,CK,CKA,CKAL,CKALL,ø,10,9,6,13,12,9,15,5,4,6,6,6,4,5,0,light,light,light,light,light,light,light,c,o,o,o,o,o,c,CK,AL,L,CL,CL,CL,CKC,C,A,?,C,C,C,C,?,?,?,?,?,?,C,K,L,L,L,L,L,K,2,2,1,2,2,3,4,1,0,0,0,0,0,1,1,1,0,1,1,1,1,1,2,2,2,2,2,1,CVC,CVV,VV,CVV,CVV,CVV,CVC,2,0,0,0,0,0,2,N,V,T,1,Rationalisierung,paenultima
ne,ø,e,ne,nne,onne,tonne,K,CK,KCK,CKCK,CCKCK,ø,Net,ø,N,Ne,Net,Nett,Netto,C,CK,CKC,CKCL,CKCLC,ø,9,7,10,10,11,7,9,4,3,5,3,3,3,4,0,light,light,light,light,schwa,light,schwa,c,o,o,c,c,c,o,CK,CL,CL,CKC,CKC,CK,CK,C,C,C,C,C,C,C,?,?,?,C,C,?,?,K,L,L,K,K,K,K,3,2,2,2,4,3,2,1,0,0,1,1,1,0,1,1,1,1,1,1,1,1,2,2,1,1,1,1,CVC,CVV,CVV,CVC,CVC,CVC,CV,2,0,0,2,2,2,1,N,ø,T,2,Nettoregistertonne,prima
ren,ø,n,en,ren,eren,ieren,C,KC,CKC,LCKC,CLCKC,ø,ent,ent,e,en,ent,entm,entmi,K,KC,KCC,KCCC,KCCCL,noacc,10,11,12,11,12,9,13,3,5,6,5,6,4,4,0,heavy,light,light,light,light,light,schwa,c,o,o,o,o,o,c,KCC,CL,CL,CL,CL,CL,CKC,?,C,C,C,C,C,C,CC,?,?,?,?,?,C,K,L,L,L,L,L,K,3,2,2,2,2,3,3,2,0,0,0,0,0,1,0,1,1,1,1,1,1,1,2,2,2,2,2,1,VCC,CVV,CVV,CVV,CVV,CVV,CVC,2,0,0,0,0,0,2,V,V,F,1,entmilitarisieren,paenultima
on,ø,n,on,ion,tion,ation,C,LC,LLC,ALLC,KALLC,ø,Im,ø,I,Im,Imm,Imma,Immat,K,KC,KCK,KCKC,KCKCC,ø,8,10,12,9,10,9,9,8,3,6,4,5,4,4,-1,light,light,light,light,light,light,light,c,c,o,o,c,o,c,K,CKC,CL,CL,CK,AL,LC,?,C,C,C,C,A,?,?,C,?,?,?,?,C,K,K,L,L,K,L,L,2,2,3,2,2,2,2,1,1,0,0,1,0,1,0,1,1,1,1,1,0,1,1,2,2,1,2,2,VC,CVC,CVV,CVV,CVC,CVV,VVC,1,2,0,0,2,0,0,N,R,T,1,Immatrikulation,ultima
on,ø,n,on,ion,tion,ation,C,LC,LLC,ALLC,KALLC,ø,Ex,ø,E,Ex,Exk,Exko,Exkom,K,KC,KCC,KCCC,KCCCK,ø,8,7,11,11,7,9,9,2,3,5,5,3,4,4,0,heavy,light,light,light,light,light,light,c,c,o,o,c,o,c,KCC,CK,CL,CL,CK,AL,LC,?,C,C,C,C,A,?,CC,?,?,?,?,?,C,K,K,L,L,K,L,L,2,3,2,2,2,2,2,2,1,0,0,1,0,1,0,1,1,1,1,1,0,1,1,2,2,1,2,2,VCC,CVC,CVV,CVV,CVC,CVV,VVC,2,2,0,0,2,0,0,N,N,T,1,Exkommunikation,ultima
schaft,schaft,t,ft,aft,haft,chaft,C,CC,KCC,CKCC,CCKCC,ø,Woh,ø,W,Wo,Woh,Wohn,Wohnu,C,CL,CLC,CLCK,CLCKC,ø,7,15,11,7,9,10,9,3,3,5,3,4,3,2,-1,light,heavy,light,schwa,light,schwa,heavy,o,c,o,o,c,c,c,CL,CKCC,CD,CK,CK,CKC,CKCC,C,C,C,C,C,C,C,?,CC,?,?,?,C,CC,L,K,D,K,K,K,K,3,5,3,2,3,3,6,0,2,0,0,1,1,2,1,1,1,1,1,1,1,2,1,2,1,1,1,1,CVV,CVCC,CVV,CV,CVC,CVC,CVCC,0,3,0,1,2,2,3,N,NN,T,2,Wohnungsbaugenossenschaft,prima
on,ø,n,on,ion,tion,ation,C,LC,LLC,ALLC,KALLC,ø,Be,ø,B,Be,Bea,Beat,Beati,C,CL,CLK,CLKC,CLKCL,ø,7,6,9,9,7,9,9,3,6,4,4,3,4,4,0,light,light,light,light,light,light,light,o,c,o,o,c,o,c,CL,K,CL,CL,CK,AL,LC,C,?,C,C,C,A,?,?,?,?,?,?,?,C,L,K,L,L,K,L,L,2,1,2,2,2,2,2,0,1,0,0,1,0,1,1,0,1,1,1,1,0,2,1,2,2,1,2,2,CVV,VC,CVV,CVV,CVC,CVV,VVC,0,1,0,0,2,0,0,N,ø,T,0,Beatifikation,ultima
se,ø,e,se,sse,esse,messe,K,CK,KCK,CKCK,CCKCK,ø,Un,ø,U,Un,Unt,Unte,Unter,K,KC,KCC,KCCK,KCCKC,acc,11,11,6,9,14,9,7,5,3,6,4,3,4,3,-1,light,schwa,light,light,heavy,light,schwa,c,c,c,o,c,c,o,KC,CKC,K,CL,ALCC,CK,CK,?,C,?,C,A,C,C,C,C,?,?,CC,?,?,K,K,K,L,L,K,K,2,3,2,2,5,3,2,1,1,1,0,2,1,0,0,1,0,1,1,1,1,1,1,1,2,2,1,1,VC,CVC,VC,CVV,CVVCC,CVC,CV,1,2,1,0,1,2,1,N,NN,T,2,Unteroffiziersmesse,prima
ster,ø,r,er,ter,ster,ister,C,KC,CKC,CCKC,KCCKC,ø,Ver,ø,V,Ve,Ver,Vert,Verte,C,CK,CKC,CKCC,CKCCD,ø,11,11,9,13,11,12,11,3,5,4,3,5,4,3,0,light,light,light,heavy,light,light,schwa,c,o,c,c,o,c,c,CKC,CD,CK,CKCC,CL,CKC,CKC,C,C,C,C,C,C,C,C,?,?,CC,?,C,C,K,D,K,K,L,K,K,3,3,2,5,2,2,4,1,0,1,2,0,1,1,1,1,1,1,1,1,1,1,2,1,1,2,1,1,CVC,CVV,CVC,CVCC,CVV,CVC,CVC,2,0,2,3,0,2,2,N,NN,T,2,Verteidigungsminister,sekunda
nik,ø,k,ik,nik,inik,linik,C,KC,CKC,LCKC,CLCKC,ø,U,ø,U,Un,Uni,Univ,Unive,K,KC,KCL,KCLC,KCLCK,ø,8,11,11,9,8,13,12,8,5,3,4,2,4,4,0,light,light,light,light,light,light,light,c,o,c,o,c,o,c,K,CL,CKC,CL,CLA,CCL,CKC,?,C,C,C,C,CC,C,?,?,C,?,A,?,C,K,L,K,L,L,L,K,1,2,3,2,4,3,3,1,0,1,0,1,0,1,0,1,1,1,1,2,1,1,2,1,2,2,2,1,VC,CVV,CVC,CVV,CVVC,CCVV,CVC,1,0,2,0,1,1,2,N,NN,T,2,Universitaetsklinik,antepaenultima
on,ø,n,on,ion,tion,ation,C,LC,LLC,ALLC,KALLC,ø,B3r,ø,B,Bo,Boe,Boer,Boers,C,CK,CKC,CKCC,CKCCK,ø,11,10,8,9,10,9,9,3,3,2,4,5,4,4,-1,light,schwa,light,light,light,light,light,c,c,o,o,c,o,c,CKC,CKC,CCL,CL,CK,AL,LC,C,C,CC,C,C,A,?,C,C,?,?,?,?,C,K,K,L,L,K,L,L,3,3,3,2,2,2,2,1,1,0,0,1,0,1,1,1,2,1,1,1,0,1,1,2,2,1,2,2,CVC,CVC,CCVV,CVV,CVC,CVV,VVC,2,2,1,0,2,0,0,N,NN,T,2,Boersenspekulation,prima
on,ø,n,on,ion,tion,ation,C,LC,LLC,ALLC,KALLC,ø,8,ø,U,Ue,Ueb,Uebe,Ueber,L,LC,LCK,LCKC,LCKCC,ø,8,11,10,10,7,9,9,8,3,3,3,3,4,4,-1,light,schwa,light,light,light,light,light,o,c,c,c,c,o,c,L,CKC,CKC,CKC,CK,AL,LC,?,C,C,C,C,A,?,?,C,C,C,?,?,C,L,K,K,K,K,L,L,1,3,3,3,2,2,2,0,1,1,1,1,0,1,0,1,1,1,1,1,0,2,1,1,1,1,2,2,VV,CVC,CVC,CVC,CVC,CVV,VVC,0,2,2,2,2,0,0,N,PN,T,2,Ueberkompensation,prima
se,ø,e,se,ose,lose,ulose,K,CK,LCK,CLCK,LCLCK,ø,Lun,ø,L,Lu,Lun,Lung,Lunge,C,CK,CKC,CKCK,CKCKC,ø,12,12,9,11,9,10,7,6,4,4,3,4,5,3,-1,light,schwa,light,light,light,light,schwa,c,c,o,c,o,o,o,CK,CKC,CL,CKC,CL,CL,CK,C,C,C,C,C,C,C,?,C,?,C,?,?,?,K,K,L,K,L,L,K,3,3,2,3,2,2,2,1,1,0,1,0,0,0,1,1,1,1,1,1,1,1,1,2,1,2,2,1,CVC,CVC,CVV,CVC,CVV,CVV,CV,2,2,0,2,0,0,1,N,NN,T,2,Lungentuberkulose,prima
dig,ø,g,ig,dig,ndig,endig,C,KC,CKC,CCKC,KCCKC,noacc,bak,ø,b,ba,bak,bakt,bakte,C,CK,CKC,CKCC,CKCCL,ø,8,7,12,9,7,11,10,2,3,6,4,3,2,3,0,light,light,light,schwa,schwa,light,light,c,o,o,c,o,c,c,CKC,CL,CL,KC,CK,CCKC,CKC,C,C,C,?,C,CC,C,C,?,?,C,?,C,C,K,L,L,K,K,K,K,3,2,2,2,2,4,3,1,0,0,1,0,1,1,1,1,1,0,1,2,1,1,2,2,1,1,1,1,CVC,CVV,CVV,VC,CV,CCVC,CVC,2,0,0,1,1,3,2,A,NA,F,2,bakterienbestaendig,sekunda
ra,ø,a,ra,era,mera,amera,L,CL,KCL,CKCL,KCKCL,ø,Spie,ø,S,Sp,Spi,Spie,Spieg,C,CC,CCL,CCLC,CCLCK,ø,10,11,10,13,7,9,14,3,3,5,2,3,4,7,0,light,schwa,light,heavy,light,schwa,light,o,c,o,c,c,o,o,CCL,CKC,CL,CCKCC,CK,CK,CL,CC,C,C,CC,C,C,C,?,C,?,CC,?,?,?,L,K,L,K,K,K,L,4,3,2,4,2,2,2,0,1,0,2,1,0,0,2,1,1,2,1,1,1,2,1,2,1,1,1,2,CCVV,CVC,CVV,CCVCC,CVC,CV,CVV,1,2,0,4,2,1,0,N,NN,T,2,Spiegelreflexkamera,prima
on,ø,n,on,ion,tion,ation,C,LC,LLC,ALLC,KALLC,ø,Ex,ø,E,Ex,Exe,Exem,Exemp,K,KC,KCC,KCCK,KCCKC,ø,6,11,13,9,7,9,9,6,2,4,4,3,4,4,-1,light,light,light,light,light,light,light,c,c,o,o,c,o,c,K,CCKC,CCL,CL,CK,AL,LC,?,CC,CC,C,C,A,?,?,C,?,?,?,?,C,K,K,L,L,K,L,L,2,2,3,2,2,2,2,1,1,0,0,1,0,1,0,2,2,1,1,1,0,1,1,2,2,1,2,2,VC,CCVC,CCVV,CVV,CVC,CVV,VVC,1,3,1,0,2,0,0,N,R,T,1,Exemplifikation,ultima
gung,ø,g,ng,ung,gung,igung,C,KC,CKC,KCKC,CKCKC,ø,Be,ø,B,Be,Bea,Beam,Beamt,C,CK,CKK,CKKC,CKKCC,ø,7,9,10,7,14,9,12,3,4,3,3,7,4,4,0,schwa,light,schwa,schwa,light,light,light,o,c,c,o,o,c,c,CK,KC,CKC,CK,CD,CK,CKC,C,?,C,C,C,C,C,?,C,C,?,?,?,C,K,K,K,K,D,K,K,2,2,3,2,3,2,4,0,1,1,0,0,1,1,1,0,1,1,1,1,1,1,1,1,1,2,1,1,CV,VC,CVC,CV,CVV,CVC,CVC,1,1,2,1,0,2,2,N,NV,T,2,Beamtenbeleidigung,sekunda
ve,ø,e,ve,ive,tive,otive,K,CK,LCK,CLCK,LCLCK,ø,Die,ø,D,Di,Die,Dies,Diese,C,CL,CLC,CLCK,CLCKC,ø,9,11,10,7,9,9,7,4,3,5,3,4,4,3,-1,light,schwa,light,light,light,light,schwa,o,c,o,o,o,o,o,CL,CKC,CL,CL,CL,CL,CK,C,C,C,C,C,C,C,?,C,?,?,?,?,?,L,K,L,L,L,L,K,3,3,2,2,2,2,2,0,1,0,0,0,0,0,1,1,1,1,1,1,1,2,1,2,2,2,2,1,CVV,CVC,CVV,CVV,CVV,CVV,CV,0,2,0,0,0,0,1,N,NN,T,2,Diesellokomotive,prima
mus,ø,s,us,mus,smus,ismus,C,KC,CKC,CCKC,KCCKC,noacc,In,ø,I,In,Int,Inte,Intel,K,KC,KCC,KCCK,KCCKC,ø,11,7,11,9,6,13,12,5,3,3,4,6,4,4,0,light,light,light,light,light,light,light,c,c,c,o,c,c,c,KC,CK,CKC,CL,K,CKC,CKC,?,C,C,C,?,C,C,C,?,C,?,?,C,C,K,K,K,L,K,K,K,2,3,3,2,1,3,3,1,1,1,0,1,1,1,0,1,1,1,0,1,1,1,1,1,2,1,1,1,VC,CVC,CVC,CVV,VC,CVC,CVC,1,2,2,0,1,2,2,N,N,T,1,Intellektualismus,paenultima
er,er,r,er,uer,euer,teuer,C,KC,DKC,CDKC,CCDKC,ø,Spe,ø,S,Sp,Spe,Spek,Speku,C,CC,CCL,CCLC,CCLCL,ø,8,9,10,9,10,12,10,2,4,5,4,3,4,5,0,light,light,light,light,heavy,light,schwa,o,o,c,o,c,o,c,CCL,CL,CK,AL,LCC,CCD,KC,CC,C,C,A,?,CC,?,?,?,?,?,CC,?,C,L,L,K,L,L,D,K,3,2,2,2,3,4,2,0,0,1,0,2,0,1,2,1,1,1,0,2,0,2,2,1,2,2,2,1,CCVV,CVV,CVC,CVV,VVCC,CCVV,VC,1,0,2,0,1,1,1,N,NN,T,2,Spekulationssteuer,antepaenultima
le,ø,e,le,lle,elle,telle,K,CK,KCK,CKCK,CCKCK,ø,Stra,ø,S,St,Str,Stra,Stras,C,CC,CCC,CCCL,CCCLC,ø,16,10,14,11,7,8,10,4,3,4,3,3,2,5,-2,light,schwa,light,light,schwa,light,schwa,o,c,c,c,o,c,o,CCCL,CKC,CLC,CKC,CK,CCK,CK,CCC,C,C,C,C,CC,C,?,C,C,C,?,?,?,L,K,L,K,K,K,K,4,3,4,3,2,4,2,0,1,1,1,0,1,0,3,1,1,1,1,2,1,2,1,2,1,1,1,1,CCCVV,CVC,CVVC,CVC,CV,CCVC,CV,1,2,1,2,1,3,1,N,NN,T,2,Strassenbahnhaltestelle,prima
keit,keit,t,it,eit,keit,gkeit,C,DC,CDC,CCDC,KCCDC,ø,8,ø,U,Ue,Ueb,Uebe,Ueber,L,LC,LCK,LCKC,LCKCC,ø,8,11,11,7,13,10,12,8,3,3,3,3,3,4,0,light,schwa,light,schwa,light,light,light,o,c,c,o,c,c,c,L,CKC,CKC,CK,CCKC,CKC,CDC,?,C,C,C,CC,C,C,?,C,C,?,C,C,C,L,K,K,K,K,K,D,1,3,6,2,6,3,4,0,1,1,0,1,1,1,0,1,1,1,2,1,1,2,1,1,1,1,1,2,VV,CVC,CVC,CV,CCVC,CVC,CVVC,0,2,2,1,3,2,1,N,PN,T,2,Ueberschallgeschwindigkeit,prima
t1t,ø,t,et,aet,taet,itaet,C,LC,CLC,LCLC,CLCLC,ø,Ju,ø,J,Ju,Jug,Juge,Jugen,C,CL,CLC,CLCK,CLCKC,ø,14,11,13,11,13,12,8,7,2,4,5,6,6,2,-1,light,schwa,light,light,light,light,light,o,c,o,o,o,o,c,CL,CKCC,CCL,CL,CL,CL,CLC,C,C,CC,C,C,C,C,?,CC,?,?,?,?,C,L,K,L,L,L,L,L,2,4,3,2,2,2,3,0,2,0,0,0,0,1,1,1,2,1,1,1,1,2,1,2,2,2,2,2,CVV,CVCC,CCVV,CVV,CVV,CVV,CVVC,0,3,1,0,0,0,1,N,NN,T,2,Jugendkriminalitaet,prima
nal,ø,l,al,nal,onal,ional,C,LC,CLC,LCLC,LLCLC,ø,mul,ø,m,mu,mul,mult,multi,C,CK,CKC,CKCC,CKCCL,ø,15,9,9,12,9,6,17,5,4,4,4,4,6,5,0,light,light,light,light,light,light,light,c,o,o,c,o,o,c,CKC,CL,CL,CKC,CL,L,CLC,C,C,C,C,C,?,C,C,?,?,C,?,?,C,K,L,L,K,L,L,L,3,2,2,3,2,1,3,1,0,0,1,0,0,1,1,1,1,1,1,0,1,1,2,2,1,2,2,2,CVC,CVV,CVV,CVC,CVV,VV,CVVC,2,0,0,2,0,0,1,A,A,F,1,multidimensional,ultima
tei,ø,i,ei,tei,rtei,artei,D,CD,CCD,KCCD,CKCCD,ø,Op,ø,O,Op,Opp,Oppo,Oppos,K,KC,KCL,KCLC,KCLCL,ø,6,7,9,9,10,11,11,6,3,4,4,3,3,5,0,light,light,light,light,heavy,light,light,c,o,o,o,c,c,o,K,CL,CL,AL,LCC,CKC,CD,?,C,C,A,?,C,C,?,?,?,?,CC,C,?,K,L,L,L,L,K,D,2,2,2,2,3,3,3,1,0,0,0,2,1,0,0,1,1,1,0,1,1,1,2,2,2,2,1,2,VC,CVV,CVV,CVV,VVCC,CVC,CVV,1,0,0,0,1,2,0,N,NN,T,2,Oppositionspartei,antepaenultima
ter,ø,r,er,ter,lter,elter,C,KC,CKC,CCKC,KCCKC,ø,Re,ø,R,Re,Rel,Reli,Reliq,C,CL,CLC,CLCL,CLCLC,ø,10,13,9,9,7,11,11,5,4,4,4,3,3,3,-1,light,light,light,schwa,schwa,light,schwa,o,c,o,c,o,c,c,CL,CLC,CL,KC,CK,CKC,CKC,C,C,C,?,C,C,C,?,C,?,C,?,C,C,L,L,L,K,K,K,K,2,2,3,2,2,3,3,0,1,0,1,0,1,1,1,1,1,0,1,1,1,2,2,2,1,1,1,1,CVV,CVVC,CVV,VC,CV,CVC,CVC,0,1,0,1,1,2,2,N,NN,T,2,Reliquienbehaelter,sekunda
stem,ø,m,em,tem,stem,ystem,C,LC,CLC,CCLC,KCCLC,ø,In,ø,I,In,Inf,Info,Infor,K,KC,KCC,KCCK,KCCKC,ø,11,11,9,9,10,10,10,5,3,4,4,3,3,3,-1,light,light,light,light,heavy,light,light,c,c,c,o,c,c,c,KC,CKC,CK,AL,LCC,CKC,CLC,?,C,C,A,?,C,C,C,C,?,?,CC,C,C,K,K,K,L,L,K,L,2,3,2,2,3,2,4,1,1,1,0,2,1,1,0,1,1,1,0,1,1,1,1,1,2,2,1,2,VC,CVC,CVC,CVV,VVCC,CVC,CVVC,1,2,2,0,1,2,1,N,NN,T,2,Informationssystem,antepaenultima
on,ø,n,on,ion,tion,ation,C,LC,LLC,ALLC,KALLC,ø,Re,ø,R,Re,Rek,Reka,Rekap,C,CL,CLC,CLCK,CLCKC,ø,10,7,9,9,10,9,9,5,3,4,4,5,4,4,0,light,light,light,light,light,light,light,o,c,o,o,c,o,c,CL,CK,CL,CL,CK,AL,LC,C,C,C,C,C,A,?,?,?,?,?,?,?,C,L,K,L,L,K,L,L,2,2,2,2,2,2,2,0,1,0,0,1,0,1,1,1,1,1,1,1,0,2,1,2,2,1,2,2,CVV,CVC,CVV,CVV,CVC,CVV,VVC,0,2,0,0,2,0,0,N,R,T,1,Rekapitulation,ultima
ren,ø,n,en,ren,eren,ieren,C,KC,CKC,LCKC,CLCKC,ø,ent,ent,e,en,ent,entm,entmy,K,KC,KCC,KCCC,KCCCL,noacc,10,11,7,10,9,9,13,3,5,3,5,4,4,4,0,heavy,light,light,light,light,light,schwa,c,o,o,o,o,o,c,KCC,CL,CL,CL,CL,CL,CKC,?,C,C,C,C,C,C,CC,?,?,?,?,?,C,K,L,L,L,L,L,K,3,2,3,2,2,3,3,2,0,0,0,0,0,1,0,1,1,1,1,1,1,1,2,2,2,2,2,1,VCC,CVV,CVV,CVV,CVV,CVV,CVC,2,0,0,0,0,0,2,V,V,F,1,entmythologisieren,paenultima
e,ø,e,ie,mie,emie,aemie,K,LK,CLK,LCLK,CLCLK,ø,Ver,ø,V,Ve,Ver,Vers,Versi,C,CK,CKC,CKCC,CKCCK,noacc,11,9,7,16,11,11,6,3,4,3,4,3,5,6,-1,light,light,schwa,heavy,light,light,schwa,c,c,o,c,o,o,o,CKC,CK,CK,CKCC,CCL,CL,K,C,C,C,C,CC,C,?,C,?,?,CC,?,?,?,K,K,K,K,L,L,K,3,2,3,5,3,2,1,1,1,0,2,0,0,0,1,1,1,1,2,1,0,1,1,1,1,2,2,1,CVC,CVC,CV,CVCC,CCVV,CVV,V,2,2,1,3,1,0,0,N,NN,T,2,Versicherungspraemie,sekunda
on,ø,n,on,ion,tion,ation,C,LC,LLC,ALLC,KALLC,ø,Di,ø,D,Di,Div,Dive,Diver,C,CL,CLC,CLCK,CLCKC,ø,9,11,9,9,7,9,9,4,3,4,4,3,4,4,-1,light,light,light,light,light,light,light,o,c,o,o,c,o,c,CL,CKC,CL,CL,CK,AL,LC,C,C,C,C,C,A,?,?,C,?,?,?,?,C,L,K,L,L,K,L,L,2,3,2,2,2,2,2,0,1,0,0,1,0,1,1,1,1,1,1,1,0,2,1,2,2,1,2,2,CVV,CVC,CVV,CVV,CVC,CVV,VVC,0,2,0,0,2,0,0,N,R,T,1,Diversifikation,ultima
1at,ø,t,et,aet,taet,itaet,C,LC,CLC,LCLC,ALCLC,ø,Pho,ø,P,Ph,Pho,Phot,Photo,C,CL,CLC,CLCL,CLCLL,ø,7,7,6,11,13,9,8,3,3,6,3,4,4,2,0,light,light,light,light,light,light,light,o,o,o,c,o,o,c,CL,CL,L,CKC,CCL,AL,CLC,C,C,?,C,CC,A,C,?,?,?,C,?,?,C,L,L,L,K,L,L,L,3,2,1,3,3,2,3,0,0,0,1,0,0,1,1,1,0,1,2,1,1,2,2,2,1,2,2,2,CVV,CVV,VV,CVC,CCVV,CVV,CVVC,0,0,0,2,1,0,1,N,NN,T,2,Photoelektrizitaet,prima
ren,ø,n,en,ren,eren,ieren,C,KC,CKC,LCKC,CLCKC,ø,de,ø,d,de,des,dese,desen,C,CL,CLC,CLCK,CLCKC,ø,7,10,9,9,12,9,13,3,3,4,4,6,4,4,0,light,light,light,light,light,light,schwa,o,c,o,o,o,o,c,CL,CKC,CL,CL,CL,CL,CKC,C,C,C,C,C,C,C,?,C,?,?,?,?,C,L,K,L,L,L,L,K,2,3,2,2,2,3,3,0,1,0,0,0,0,1,1,1,1,1,1,1,1,2,1,2,2,2,2,1,CVV,CVC,CVV,CVV,CVV,CVV,CVC,0,2,0,0,0,0,2,V,V,F,1,desensibilisieren,paenultima
tausch,ø,h,ch,sch,usch,ausch,C,DC,CDC,CCDC,DCCDC,ø,In,ø,I,In,Inf,Info,Infor,K,KC,KCC,KCCK,KCCKC,ø,11,11,9,9,10,11,12,5,3,4,4,3,5,4,0,light,light,light,light,heavy,light,light,c,c,c,o,c,c,c,KC,CKC,CK,AL,LCC,DC,CDC,?,C,C,A,?,?,C,C,C,?,?,CC,C,C,K,K,K,L,L,D,D,2,3,2,2,3,3,6,1,1,1,0,2,1,1,0,1,1,1,0,0,1,1,1,1,2,2,2,2,VC,CVC,CVC,CVV,VVCC,VVC,CVVC,1,2,2,0,1,0,1,N,NN,T,2,Informationsaustausch,antepaenultima
rung,ø,g,ng,ung,rung,erung,C,KC,CKC,KCKC,CKCKC,ø,An,ø,A,An,Ann,Anna,Annah,K,KC,KCC,KCCL,KCCLC,acc,9,13,9,11,11,7,15,4,6,4,3,5,3,5,0,light,light,schwa,light,light,schwa,light,c,o,o,c,o,o,c,KC,CL,CK,CKC,CD,CK,CKC,?,C,C,C,C,C,C,C,?,?,C,?,?,C,K,L,K,K,D,K,K,2,3,2,3,3,2,4,1,0,0,1,0,0,1,0,1,1,1,1,1,1,1,2,1,1,2,1,1,VC,CVV,CV,CVC,CVV,CV,CVC,1,0,1,2,0,1,2,N,NV,T,2,Annahmeverweigerung,prima
se,ø,e,se,ose,rose,erose,K,CK,LCK,CLCK,LCLCK,ø,Ar,ø,A,Ar,Art,Arte,Arter,K,KC,KCC,KCCL,KCCLC,ø,10,7,12,6,12,10,7,5,3,6,6,3,5,3,-1,light,light,light,light,light,light,schwa,c,o,o,o,o,o,o,KC,CL,CL,L,CCCL,CL,CK,?,C,C,?,CCC,C,C,C,?,?,?,?,?,?,K,L,L,L,L,L,K,2,2,2,2,3,2,2,1,0,0,0,0,0,0,0,1,1,0,3,1,1,1,2,2,2,2,2,1,VC,CVV,CVV,VV,CCCVV,CVV,CV,1,0,0,0,1,0,1,N,NN,T,2,Arteriosklerose,paenultima
hig,ø,g,ig,hig,ehig,aehig,C,KC,LKC,CLKC,CCLKC,ø,dis,ø,d,di,dis,disp,dispo,C,CK,CKC,CKCC,CKCCL,ø,10,7,9,9,10,7,9,3,3,4,4,3,3,4,-1,light,light,light,light,heavy,light,light,c,o,o,o,c,o,c,CKC,CL,CL,AL,LCC,CL,KC,C,C,C,A,?,C,?,C,?,?,?,CC,?,C,K,L,L,L,L,L,K,3,2,2,2,3,2,3,1,0,0,0,2,0,1,1,1,1,1,0,1,0,1,2,2,2,2,2,1,CVC,CVV,CVV,CVV,VVCC,CVV,VC,2,0,0,0,1,0,1,A,NA,F,2,dispositionsfaehig,antepaenultima
f2hl,ø,l,hl,ehl,uehl,fuehl,C,LC,CLC,KCLC,CKCLC,ø,So,ø,S,So,Sol,Soli,Solid,C,CL,CLC,CLCL,CLCLC,ø,7,12,7,12,8,7,13,3,6,3,6,2,3,4,0,light,light,light,light,light,schwa,light,o,o,c,o,c,o,c,CL,CL,CK,CL,CLA,CK,CLC,C,C,C,C,C,C,C,?,?,?,?,A,?,C,L,L,K,L,L,K,L,2,2,2,2,4,2,4,0,0,1,0,1,0,1,1,1,1,1,1,1,1,2,2,1,2,2,1,2,CVV,CVV,CVC,CVV,CVVC,CV,CVVC,0,0,2,0,1,1,1,N,NN,T,2,Solidaritaetsgefuehl,antepaenultima
keit,keit,t,it,eit,keit,gkeit,C,DC,CDC,CCDC,KCCDC,ø,Se,ø,S,Se,Sek,Seku,Sekun,C,CL,CLC,CLCK,CLCKC,ø,7,12,10,7,13,10,12,3,4,3,3,3,3,4,0,light,light,schwa,schwa,light,light,light,o,c,c,o,c,c,c,CL,CKC,CKC,CK,CCKC,CKC,CDC,C,C,C,C,CC,C,C,?,C,C,?,C,C,C,L,K,K,K,K,K,D,2,3,3,2,6,3,4,0,1,1,0,1,1,1,1,1,1,1,2,1,1,2,1,1,1,1,1,2,CVV,CVC,CVC,CV,CCVC,CVC,CVVC,0,2,2,1,3,2,1,N,NN,T,2,Sekundengeschwindigkeit,sekunda
nisch,ø,h,ch,sch,isch,nisch,C,KC,CKC,LCKC,CLCKC,ø,a,ø,a,af,afr,afro,afroa,L,LC,LCC,LCCL,LCCLK,ø,10,11,6,9,12,11,12,10,3,6,4,6,5,4,0,light,light,light,light,light,light,light,o,o,c,o,o,o,c,L,CCL,K,CL,CL,CL,CKC,?,CC,?,C,C,C,C,?,?,?,?,?,?,C,L,L,K,L,L,L,K,1,3,1,2,2,2,5,0,0,1,0,0,0,1,0,2,0,1,1,1,1,2,2,1,2,2,2,1,VV,CCVV,VC,CVV,CVV,CVV,CVC,0,1,1,0,0,0,2,A,A,F,1,afroamerikanisch,prima
tisch,ø,h,ch,sch,isch,tisch,C,KC,CKC,LCKC,CLCKC,ø,ar,ø,a,ar,art,arte,arter,K,KC,KCC,KCCL,KCCLC,ø,10,7,12,6,12,10,10,5,3,6,6,3,5,3,0,light,light,light,light,light,light,light,c,o,o,o,o,o,c,KC,CL,CL,L,CCCL,CL,CKC,?,C,C,?,CCC,C,C,C,?,?,?,?,?,C,K,L,L,L,L,L,K,2,2,2,2,3,2,5,1,0,0,0,0,0,1,0,1,1,0,3,1,1,1,2,2,2,2,2,1,VC,CVV,CVV,VV,CCCVV,CVV,CVC,1,0,0,0,1,0,2,A,R,F,1,arteriosklerotisch,paenultima
on,ø,n,on,ion,tion,ation,C,LC,LLC,ALLC,KALLC,ø,I,ø,I,Id,Ide,Iden,Ident,L,LC,LCK,LCKC,LCKCC,ø,8,10,9,9,7,9,9,8,3,4,4,3,4,4,-1,light,light,light,light,light,light,light,o,c,o,o,c,o,c,L,CKC,CL,CL,CK,AL,LC,?,C,C,C,C,A,?,?,C,?,?,?,?,C,L,K,L,L,K,L,L,1,3,2,2,2,2,2,0,1,0,0,1,0,1,0,1,1,1,1,1,0,2,1,2,2,1,2,2,VV,CVC,CVV,CVV,CVC,CVV,VVC,0,2,0,0,2,0,0,N,R,T,1,Identifikation,ultima
re,ø,e,re,ure,eure,aeure,K,CK,DCK,CDCK,CCDCK,ø,Ri,ø,R,Ri,Rib,Ribo,Ribon,C,CL,CLC,CLCL,CLCLC,ø,12,7,11,11,11,11,10,6,3,5,3,5,5,5,0,light,light,light,light,light,light,schwa,o,o,o,o,c,o,o,CL,CL,CL,CCL,LC,CD,CK,C,C,C,CC,?,C,C,?,?,?,?,C,?,?,L,L,L,L,L,D,K,2,2,2,3,2,3,2,0,0,0,0,1,0,0,1,1,1,2,0,1,1,2,2,2,2,2,2,1,CVV,CVV,CVV,CCVV,VVC,CVV,CV,0,0,0,1,0,0,1,N,ø,T,2,Ribonukleinsaeure,antepaenultima
gung,ø,g,ng,ung,gung,igung,C,KC,CKC,KCKC,CKCKC,ø,Se,ø,S,Se,Ser,Seri,Serie,C,CL,CLC,CLCL,CLCLK,ø,7,12,9,9,11,9,12,3,6,4,4,3,4,4,0,light,light,schwa,light,light,light,light,o,o,c,c,c,c,c,CL,CL,KC,KC,CKC,CK,CKC,C,C,?,?,C,C,C,?,?,C,C,C,?,C,L,L,K,K,K,K,K,2,2,2,2,3,2,4,0,0,1,1,1,1,1,1,1,0,0,1,1,1,2,2,1,1,1,1,1,CVV,CVV,VC,VC,CVC,CVC,CVC,0,0,1,1,2,2,2,N,NV,T,2,Serienanfertigung,prima
tik,ø,k,ik,tik,itik,litik,C,LC,CLC,LCLC,CLCLC,noacc,Au,ø,A,Au,Aus,Auss,Ausse,D,DC,DCK,DCKC,DCKCC,acc,10,10,10,12,7,12,10,10,3,3,3,3,6,3,0,light,schwa,light,schwa,light,light,light,o,c,c,c,o,o,c,D,CKC,CKC,CKCC,CL,CL,CLC,?,C,C,C,C,C,C,?,C,C,CC,?,?,C,D,K,K,K,L,L,L,2,3,3,4,2,2,3,0,1,1,2,0,0,1,0,1,1,1,1,1,1,2,1,1,1,2,2,2,VV,CVC,CVC,CVCC,CVV,CVV,CVVC,0,2,2,3,0,0,1,N,NN,T,2,Aussenhandelspolitik,prima
t1t,ø,t,et,aet,taet,itaet,C,LC,CLC,LCLC,CLCLC,ø,Ho,ø,H,Ho,Hom,Homo,Homos,C,CL,CLC,CLCL,CLCLC,ø,7,9,7,10,6,12,8,3,4,3,3,6,6,2,0,light,light,light,light,light,light,light,o,o,c,o,c,o,c,CL,CL,CK,CCL,K,CL,CLC,C,C,C,CC,?,C,C,?,?,?,?,?,?,C,L,L,K,L,K,L,L,2,2,2,2,1,2,3,0,0,1,0,1,0,1,1,1,1,2,0,1,1,2,2,1,2,1,2,2,CVV,CVV,CVC,CCVV,VC,CVV,CVVC,0,0,2,1,1,0,1,N,N,T,1,Homosexualitaet,ultima
rung,ø,g,ng,ung,rung,erung,C,KC,CKC,KCKC,CKCKC,ø,Va,ø,V,Va,Val,Valo,Valor,C,CK,CKC,CKCL,CKCLC,ø,7,10,13,11,9,7,15,3,5,4,3,4,3,5,0,light,light,schwa,light,light,schwa,light,c,o,c,c,c,o,c,CK,CL,CKC,CKC,CK,CK,CKC,C,C,C,C,C,C,C,?,?,C,C,?,?,C,K,L,K,K,K,K,K,2,2,3,3,2,3,4,1,0,1,1,1,0,1,1,1,1,1,1,1,1,1,2,1,1,1,1,1,CVC,CVV,CVC,CVC,CVC,CV,CVC,2,0,2,2,2,1,2,N,NV,T,2,Valorenversicherung,sekunda
ren,ø,n,en,ren,eren,ieren,C,KC,CKC,LCKC,CLCKC,ø,na,ø,n,na,nat,nati,natio,C,CK,CKA,CKAL,CKALL,ø,9,9,6,13,12,9,13,4,4,6,6,6,4,4,0,light,light,light,light,light,light,schwa,c,o,o,o,o,o,c,CK,AL,L,CL,CL,CL,CKC,C,A,?,C,C,C,C,?,?,?,?,?,?,C,K,L,L,L,L,L,K,2,2,1,2,2,3,3,1,0,0,0,0,0,1,1,1,0,1,1,1,1,1,2,2,2,2,2,1,CVC,CVV,VV,CVV,CVV,CVV,CVC,2,0,0,0,0,0,2,V,A,F,1,nationalisieren,paenultima
re,ø,e,re,ere,aere,haere,K,CK,LCK,CLCK,CCLCK,ø,8,ø,U,Ue,Ueb,Uebe,Ueber,L,LC,LCK,LCKC,LCKCC,ø,8,11,14,7,9,8,10,8,3,3,3,4,2,5,-1,light,schwa,light,light,light,light,schwa,o,c,c,c,o,o,o,L,CKC,CCKC,KC,CL,CCL,CK,?,C,CC,?,C,CC,C,?,C,C,C,?,?,?,L,K,K,K,L,L,K,1,3,5,2,2,4,2,0,1,1,1,0,0,0,0,1,2,0,1,2,1,2,1,1,1,2,2,1,VV,CVC,CCVC,VC,CVV,CCVV,CV,0,2,3,1,0,1,1,N,NN,T,2,Ueberdruckatmosphaere,prima
ren,ø,n,en,ren,eren,ieren,C,KC,CKC,LCKC,CLCKC,ø,de,ø,d,de,den,dena,denat,C,CL,CLC,CLCK,CLCKC,ø,7,9,9,10,12,9,13,3,4,4,5,6,4,4,0,light,light,light,light,light,light,schwa,o,c,o,c,o,o,c,CL,CK,CL,CK,CL,CL,CKC,C,C,C,C,C,C,C,?,?,?,?,?,?,C,L,K,L,K,L,L,K,2,2,2,2,2,3,3,0,1,0,1,0,0,1,1,1,1,1,1,1,1,2,1,2,1,2,2,1,CVV,CVC,CVV,CVC,CVV,CVV,CVC,0,2,0,2,0,0,2,V,V,F,1,denaturalisieren,paenultima
rung,ø,g,ng,ung,rung,erung,C,KC,CKC,LCKC,CLCKC,ø,Ras,ø,R,Ra,Ras,Rass,Rasse,C,CK,CKC,CKCK,CKCKC,ø,10,10,10,13,11,11,15,5,3,3,4,5,5,5,0,light,schwa,light,light,light,light,light,c,c,c,o,o,o,c,CK,CKC,CKC,CCL,CL,CL,CKC,C,C,C,CC,C,C,C,?,C,C,?,?,?,C,K,K,K,L,L,L,K,3,3,3,3,2,3,4,1,1,1,0,0,0,1,1,1,1,2,1,1,1,1,1,1,2,2,2,1,CVC,CVC,CVC,CCVV,CVV,CVV,CVC,2,2,2,1,0,0,2,N,NN,T,2,Rassendiskriminierung,prima
on,ø,n,on,ion,tion,ation,C,LC,LLC,ALLC,KALLC,ø,Stein,ø,S,St,Ste,Stei,Stein,C,CC,CCD,CCDC,CCDCC,ø,15,7,13,11,9,9,9,3,3,4,3,4,4,4,-1,light,light,schwa,light,light,light,light,c,o,c,c,c,o,c,CCDC,CL,CKC,CKC,CK,AL,LC,CC,C,C,C,C,A,?,C,?,C,C,?,?,C,D,L,K,K,K,L,L,5,3,3,3,2,2,2,1,0,1,1,1,0,1,2,1,1,1,1,1,0,2,2,1,1,1,2,2,CCVVC,CVV,CVC,CVC,CVC,CVV,VVC,1,0,2,2,2,0,0,N,NN,T,2,Steinkohlenformation,prima
rung,ø,g,ng,ung,rung,erung,C,KC,CKC,LCKC,CLCKC,ø,De,ø,D,De,Dem,Demi,Demil,C,CL,CLC,CLCL,CLCLC,ø,7,11,12,11,12,9,15,3,5,6,5,6,4,5,0,light,light,light,light,light,light,light,o,o,o,o,o,o,c,CL,CL,CL,CL,CL,CL,CKC,C,C,C,C,C,C,C,?,?,?,?,?,?,C,L,L,L,L,L,L,K,2,2,2,2,2,3,4,0,0,0,0,0,0,1,1,1,1,1,1,1,1,2,2,2,2,2,2,1,CVV,CVV,CVV,CVV,CVV,CVV,CVC,0,0,0,0,0,0,2,N,V,T,1,Demilitarisierung,paenultima
le,ø,e,le,ale,nale,onale,K,CK,LCK,CLCK,LCLCK,ø,In,ø,I,In,Int,Inte,Inter,K,KC,KCC,KCCK,KCCKC,ø,11,11,9,9,6,13,10,5,3,4,4,6,6,5,-1,light,schwa,light,light,light,light,schwa,c,c,c,o,o,o,o,KC,CKC,CK,AL,L,CL,CK,?,C,C,A,?,C,C,C,C,?,?,?,?,?,K,K,K,L,L,L,K,2,3,2,2,1,2,2,1,1,1,0,0,0,0,0,1,1,1,0,1,1,1,1,1,2,2,2,1,VC,CVC,CVC,CVV,VV,CVV,CV,1,2,2,0,0,0,1,N,F,T,1,Internationale,paenultima
on,ø,n,on,ion,tion,ation,C,LC,LLC,ALLC,KALLC,ø,S1,ø,S,Sa,Sae,Saek,Saeku,C,CK,CKC,CKCL,CKCLC,ø,7,9,10,12,7,9,9,3,4,5,6,3,4,4,0,light,light,light,light,light,light,light,c,o,c,o,c,o,c,CK,CL,CK,CL,CK,AL,LC,C,C,C,C,C,A,?,?,?,?,?,?,?,C,K,L,K,L,K,L,L,2,2,2,2,2,2,2,1,0,1,0,1,0,1,1,1,1,1,1,1,0,1,2,1,2,1,2,2,CVC,CVV,CVC,CVV,CVC,CVV,VVC,2,0,2,0,2,0,0,N,A,T,1,Saekularisation,ultima
on,ø,n,on,ion,tion,ation,C,LC,LLC,ALLC,KALLC,ø,Bo,ø,B,Bo,Bod,Bode,Boden,C,CL,CLC,CLCK,CLCKC,ø,7,10,8,9,10,9,9,3,3,2,4,5,4,4,0,light,schwa,light,light,light,light,light,o,c,o,o,c,o,c,CL,CKC,CCL,CL,CK,AL,LC,C,C,CC,C,C,A,?,?,C,?,?,?,?,C,L,K,L,L,K,L,L,2,3,3,2,2,2,2,0,1,0,0,1,0,1,1,1,2,1,1,1,0,2,1,2,2,1,2,2,CVV,CVC,CCVV,CVV,CVC,CVV,VVC,0,2,1,0,2,0,0,N,NN,T,2,Bodenspekulation,prima
tor,ø,r,or,tor,ktor,aktor,C,KC,CKC,CCKC,KCCKC,ø,Re,ø,R,Re,Rep,Repr,Repro,C,CL,CLC,CLCC,CLCCL,ø,10,11,10,9,10,8,11,5,3,3,4,3,2,3,-1,light,light,light,light,heavy,light,light,o,o,c,o,c,c,c,CL,CCL,CKC,AL,LCC,CKC,CKC,C,CC,C,A,?,C,C,?,?,C,?,CC,C,C,L,L,K,L,L,K,K,2,3,3,2,3,3,3,0,0,1,0,2,1,1,1,2,1,1,0,1,1,2,2,1,2,2,1,1,CVV,CCVV,CVC,CVV,VVCC,CVC,CVC,0,1,2,0,1,2,2,N,NN,T,2,Reproduktionsfaktor,antepaenultima
al,al,l,al,ial,rial,orial,C,LC,LLC,CLLC,LCLLC,ø,in,ø,i,in,int,inte,inter,K,KC,KCC,KCCK,KCCKC,ø,11,11,7,12,7,12,14,5,3,3,6,3,6,7,0,light,schwa,light,light,light,light,light,c,c,c,o,o,o,c,KC,CKC,CK,CL,CL,CL,LC,?,C,C,C,C,C,?,C,C,?,?,?,?,C,K,K,K,L,L,L,L,2,3,3,2,2,2,2,1,1,1,0,0,0,1,0,1,1,1,1,1,0,1,1,1,2,2,2,2,VC,CVC,CVC,CVV,CVV,CVV,VVC,1,2,2,0,0,0,0,A,A,F,1,interterritorial,ultima
niert,ø,t,rt,ert,iert,niert,C,CC,LCC,CLCC,LCLCC,ø,2,ø,u,ue,ueb,uebe,ueber,L,LC,LCK,LCKC,LCKCC,ø,8,11,9,12,9,6,16,8,3,4,4,4,6,4,0,light,schwa,light,light,light,light,heavy,o,c,o,c,o,o,c,L,CKC,CL,CKC,CL,L,CLCC,?,C,C,C,C,?,C,?,C,?,C,?,?,CC,L,K,L,K,L,L,L,1,3,2,3,2,1,5,0,1,0,1,0,0,2,0,1,1,1,1,0,1,2,1,2,1,2,2,2,VV,CVC,CVV,CVC,CVV,VV,CVVCC,0,2,0,2,0,0,1,A,ø,F,2,ueberdimensioniert,prima
al,al,l,al,ial,rial,erial,C,LC,LLC,CLLC,LCLLC,ø,Tat,ø,T,Ta,Tat,Tats,Tatsa,C,CL,CLC,CLCC,CLCCK,ø,12,7,10,9,7,12,14,4,3,3,4,3,6,7,0,light,light,schwa,light,light,light,light,c,c,c,c,o,o,c,CLC,CK,CKC,CK,CL,CL,LC,C,C,C,C,C,C,?,C,?,C,?,?,?,C,L,K,K,K,L,L,L,3,2,4,2,2,2,2,1,1,1,1,0,0,1,1,1,1,1,1,1,0,2,1,1,1,2,2,2,CVVC,CVC,CVC,CVC,CVV,CVV,VVC,1,2,2,2,0,0,0,N,NN,T,2,Tatsachenmaterial,prima
on,ø,n,on,ion,tion,ation,C,LC,LLC,ALLC,KALLC,ø,In,ø,I,In,Ind,Inde,Indet,K,KC,KCC,KCCL,KCCLC,ø,11,7,11,11,9,9,9,5,3,3,5,4,4,4,-1,light,light,light,light,light,light,light,c,o,c,o,c,o,c,KC,CL,CKC,CL,CK,AL,LC,?,C,C,C,C,A,?,C,?,C,?,?,?,C,K,L,K,L,K,L,L,2,2,3,2,2,2,2,1,0,1,0,1,0,1,0,1,1,1,1,1,0,1,2,1,2,1,2,2,VC,CVV,CVC,CVV,CVC,CVV,VVC,1,0,2,0,2,0,0,N,N,T,1,Indetermination,ultima
tung,ø,g,ng,ung,tung,ftung,C,KC,CKC,CCKC,KCCKC,ø,Nah,ø,N,Na,Nah,Nahr,Nahru,C,CL,CLC,CLCK,CLCKC,ø,13,16,11,11,11,10,12,6,4,5,3,3,3,4,-1,light,heavy,light,schwa,light,light,light,o,c,c,c,c,c,c,CL,CKCC,CK,CKC,CKC,CKC,CKC,C,C,C,C,C,C,C,?,CC,?,C,C,C,C,L,K,K,K,K,K,K,3,5,3,3,3,3,4,0,2,1,1,1,1,1,1,1,1,1,1,1,1,2,1,1,1,1,1,1,CVV,CVCC,CVC,CVC,CVC,CVC,CVC,0,3,2,2,2,2,2,N,NN,T,2,Nahrungsmittelvergiftung,prima
rung,ø,g,ng,ung,rung,erung,C,KC,CKC,KCKC,CKCKC,ø,Per,ø,P,Pe,Per,Pers,Perso,C,CK,CKC,CKCC,CKCCL,ø,11,7,12,7,11,7,15,3,3,4,3,3,3,5,0,light,light,schwa,schwa,light,schwa,light,c,o,c,o,c,o,c,CKC,CL,CKC,CK,CKC,CK,CKC,C,C,C,C,C,C,C,C,?,C,?,C,?,C,K,L,K,K,K,K,K,3,2,3,2,3,2,4,1,0,1,0,1,0,1,1,1,1,1,1,1,1,1,2,1,1,1,1,1,CVC,CVV,CVC,CV,CVC,CV,CVC,2,0,2,1,2,1,2,N,NV,T,2,Personenbefoerderung,sekunda
gung,ø,g,ng,ung,gung,igung,C,KC,CKC,KCKC,CKCKC,ø,Aus,ø,A,Au,Aus,Ausr,Ausre,D,DC,DCC,DCCD,DCCDC,acc,11,14,7,7,9,11,12,5,7,3,3,4,5,4,-1,light,light,schwa,schwa,light,light,light,c,o,o,o,o,c,c,DC,CD,CK,CK,CL,CK,CKC,?,C,C,C,C,C,C,C,?,?,?,?,?,C,D,D,K,K,L,K,K,3,3,2,2,3,2,4,1,0,0,0,0,1,1,0,1,1,1,1,1,1,2,2,1,1,2,1,1,VVC,CVV,CV,CV,CVV,CVC,CVC,0,0,1,1,0,2,2,N,NV,T,2,Ausreisegenehmigung,prima
hig,ø,g,ig,hig,ehig,aehig,C,KC,LKC,CLKC,CCLKC,ø,va,ø,v,va,var,vari,varia,C,CK,CKC,CKCL,CKCLK,ø,7,12,6,9,10,7,9,3,6,6,4,3,3,4,0,light,light,light,light,heavy,light,light,c,o,c,o,c,o,c,CK,CL,K,AL,LCC,CL,KC,C,C,?,A,?,C,?,?,?,?,?,CC,?,C,K,L,K,L,L,L,K,2,2,1,2,3,2,3,1,0,1,0,2,0,1,1,1,0,1,0,1,0,1,2,1,2,2,2,1,CVC,CVV,VC,CVV,VVCC,CVV,VC,2,0,1,0,1,0,1,A,NA,F,2,variationsfaehig,antepaenultima
men,ø,n,en,men,hmen,ehmen,C,KC,CKC,LCKC,CLCKC,ø,Dienst,ø,D,Di,Die,Dien,Diens,C,CL,CLC,CLCC,CLCCC,ø,14,15,13,11,11,9,12,2,5,3,5,3,4,4,-1,heavy,light,heavy,light,schwa,light,schwa,c,c,c,c,c,o,c,CLCCC,CDC,CKCC,KC,CKC,CL,CKC,C,C,C,?,C,C,C,CCC,C,CC,C,C,?,C,L,D,K,K,K,L,K,6,3,6,2,3,3,3,3,1,2,1,1,0,1,1,1,1,0,1,1,1,2,2,1,1,1,2,1,CVVCCC,CVVC,CVCC,VC,CVC,CVV,CVC,2,1,3,1,2,0,2,N,NN,T,2,Dienstleistungsunternehmen,prima
se,ø,e,se,ise,eise,weise,K,CK,DCK,CDCK,CCDCK,ø,2,ø,u,ue,ueb,uebe,ueber,L,LC,LCK,LCKC,LCKCC,ø,8,11,13,9,11,11,7,8,3,4,4,3,5,3,-1,light,schwa,light,light,schwa,light,schwa,o,c,c,o,c,o,o,L,CKC,CCK,CL,CKC,CD,CK,?,C,CC,C,C,C,C,?,C,?,?,C,?,?,L,K,K,L,K,D,K,1,3,4,2,3,3,2,0,1,1,0,1,0,0,0,1,2,1,1,1,1,2,1,1,2,1,2,1,VV,CVC,CCVC,CVV,CVC,CVV,CV,0,2,3,0,2,0,1,ADV,AA,F,2,ueberfluessigerweise,paenultima
keit,keit,t,it,eit,keit,gkeit,C,DC,CDC,CCDC,KCCDC,ø,Un,ø,U,Un,Unz,Unzu,Unzur,K,KC,KCA,KCAL,KCALC,ø,11,9,11,15,7,9,12,5,4,3,3,3,4,4,-1,light,light,light,heavy,light,light,light,c,o,c,c,o,c,c,KC,AL,CKC,CKCC,CL,KC,CDC,?,A,C,C,C,?,C,C,?,C,CC,?,C,C,K,L,K,K,L,K,D,2,2,4,5,2,3,4,1,0,1,2,0,1,1,0,1,1,1,1,0,1,1,2,1,1,2,1,2,VC,CVV,CVC,CVCC,CVV,VC,CVVC,1,0,2,3,0,1,1,N,A,T,1,Unzurechnungsfaehigkeit,prima
gel,ø,l,el,gel,ngel,angel,C,KC,CKC,KCKC,CKCKC,ø,Kon,ø,K,Ko,Kon,Konz,Konze,C,CK,CKC,CKCA,CKCAK,ø,10,10,11,9,10,9,13,3,3,3,4,3,4,4,0,light,light,light,light,heavy,light,schwa,c,c,c,o,c,c,c,CKC,AKC,CCK,AL,LCC,CK,CKC,C,A,CC,A,?,C,C,C,C,?,?,CC,?,C,K,K,K,L,L,K,K,3,3,3,2,3,3,3,1,1,1,0,2,1,1,1,1,2,1,0,1,1,1,1,1,2,2,1,1,CVC,CVC,CCVC,CVV,VVCC,CVC,CVC,2,2,3,0,1,2,2,N,NN,T,2,Konzentrationsmangel,antepaenultima
ren,ø,n,en,ren,eren,ieren,C,KC,CKC,LCKC,CLCKC,ø,a,ø,a,am,ame,amer,ameri,K,KC,KCL,KCLC,KCLCL,ø,6,9,12,7,11,9,13,6,4,6,3,5,4,4,0,light,light,light,light,light,light,schwa,c,o,o,c,o,o,c,K,CL,CL,CK,CL,CL,CKC,?,C,C,C,C,C,C,?,?,?,?,?,?,C,K,L,L,K,L,L,K,1,2,2,2,2,3,3,1,0,0,1,0,0,1,0,1,1,1,1,1,1,1,2,2,1,2,2,1,VC,CVV,CVV,CVC,CVV,CVV,CVC,1,0,0,2,0,0,2,V,R,F,1,amerikanisieren,paenultima
um,um,m,um,ium,rium,erium,C,KC,LKC,CLKC,LCLKC,ø,Ju,ø,J,Ju,Jus,Just,Justi,C,CK,CKC,CKCC,CKCCL,ø,15,10,11,12,7,12,11,5,3,5,4,3,6,5,-1,light,light,light,light,light,light,light,c,c,o,c,o,o,c,CKC,CLA,CL,CKC,CL,CL,KC,C,C,C,C,C,C,?,C,A,?,C,?,?,C,K,L,L,K,L,L,K,2,4,2,2,3,2,2,1,1,0,1,0,0,1,1,1,1,1,1,1,0,1,2,2,1,2,2,1,CVC,CVVC,CVV,CVC,CVV,CVV,VC,2,1,0,2,0,0,1,N,NN,T,2,Justizministerium,sekunda
keit,keit,t,it,eit,keit,gkeit,C,DC,CDC,CCDC,KCCDC,ø,Ver,ø,V,Ve,Ver,Vera,Veran,C,CK,CKC,CKCK,CKCKC,noacc,11,10,11,13,10,10,12,3,3,3,3,5,3,4,0,light,heavy,light,heavy,light,light,light,c,c,c,c,o,c,c,CKC,KCC,CKC,CKCC,CL,CKC,CDC,C,?,C,C,C,C,C,C,CC,C,CC,?,C,C,K,K,K,K,L,K,D,3,3,3,5,2,3,4,1,2,1,2,0,1,1,1,0,1,1,1,1,1,1,1,1,1,2,1,2,CVC,VCC,CVC,CVCC,CVV,CVC,CVVC,2,2,2,3,0,2,1,N,A,T,1,Verantwortungslosigkeit,sekunda
nik,ø,k,ik,nik,hnik,chnik,C,KC,CKC,CCKC,KCCKC,noacc,Re,ø,R,Re,Rep,Repr,Repro,C,CL,CLC,CLCC,CLCCL,ø,10,11,10,9,10,8,12,5,3,3,4,3,2,4,0,light,light,light,light,heavy,light,light,o,o,c,o,c,c,c,CL,CCL,CKC,AL,LCC,CKC,CKC,C,CC,C,A,?,C,C,?,?,C,?,CC,C,C,L,L,K,L,L,K,K,2,3,3,2,3,4,3,0,0,1,0,2,1,1,1,2,1,1,0,1,1,2,2,1,2,2,1,1,CVV,CCVV,CVC,CVV,VVCC,CVC,CVC,0,1,2,0,1,2,2,N,NN,T,2,Reproduktionstechnik,antepaenultima
t1t,ø,t,et,aet,taet,itaet,C,LC,CLC,LCLC,CLCLC,ø,Im,ø,I,Im,Imp,Impe,Imper,K,KC,KCC,KCCK,KCCKC,ø,11,11,9,6,9,12,8,5,3,4,6,4,6,2,-1,light,light,light,light,light,light,light,c,c,o,c,o,o,c,KC,CKC,CL,K,CL,CL,CLC,?,C,C,?,C,C,C,C,C,?,?,?,?,C,K,K,L,K,L,L,L,2,3,2,1,2,2,3,1,1,0,1,0,0,1,0,1,1,0,1,1,1,1,1,2,1,2,2,2,VC,CVC,CVV,VC,CVV,CVV,CVVC,1,2,0,1,0,0,1,N,A,T,1,Impermeabilitaet,ultima
nell,ø,l,ll,ell,nell,onell,C,KC,CKC,LCKC,LLCKC,ø,an,an,a,an,ant,anti,antik,K,KC,KCC,KCCL,KCCLC,ø,9,9,10,8,9,6,13,4,4,3,2,4,6,4,0,light,light,light,light,light,light,light,c,o,c,c,o,o,c,KC,CL,CKC,AKC,AL,L,CKC,?,C,C,A,A,?,C,C,?,C,C,?,?,C,K,L,K,K,L,L,K,2,2,3,3,2,1,4,1,0,1,1,0,0,1,0,1,1,1,1,0,1,1,2,1,1,2,2,1,VC,CVV,CVC,CVC,CVV,VV,CVC,1,0,2,2,0,0,2,A,A,F,1,antikonzeptionell,ultima
$en,ø,n,en,sen,ssen,assen,C,KC,CKC,LCKC,CLCKC,ø,ein,ein,e,ei,ein,eing,einge,D,DC,DCC,DCCK,DCCKC,ø,13,7,11,7,13,13,10,6,3,2,3,4,6,3,0,light,schwa,light,schwa,schwa,light,schwa,c,o,c,o,c,o,c,DC,CK,CCKC,CK,CKC,CL,CKC,?,C,CC,C,C,C,C,C,?,C,?,C,?,C,D,K,K,K,K,L,K,3,2,4,2,3,2,3,1,0,1,0,1,0,1,0,1,2,1,1,1,1,2,1,1,1,1,2,1,VVC,CV,CCVC,CV,CVC,CVV,CVC,0,1,3,1,2,0,2,ADV,F,F,1,eingestandenermassen,paenultima
tel,ø,l,el,tel,ttel,ittel,C,KC,CKC,KCKC,CKCKC,ø,Des,ø,D,De,Des,Desi,Desin,C,CK,CKC,CKCK,CKCKC,ø,8,11,8,9,10,11,11,2,5,2,4,3,5,3,0,light,light,light,light,heavy,light,schwa,c,c,c,o,c,c,c,CKC,KC,CKC,AL,LCC,CK,CKC,C,?,C,A,?,C,C,C,C,C,?,CC,?,C,K,K,K,L,L,K,K,3,2,3,2,3,3,3,1,1,1,0,2,1,1,1,0,1,1,0,1,1,1,1,1,2,2,1,1,CVC,VC,CVC,CVV,VVCC,CVC,CVC,2,1,2,0,1,2,2,N,NN,T,2,Desinfektionsmittel,antepaenultima
ne,ø,e,ne,one,none,anone,K,CK,LCK,CLCK,KCLCK,ø,Pan,ø,P,Pa,Pan,Panz,Panze,C,CK,CKC,CKCA,CKCAK,ø,10,11,7,11,7,9,9,3,3,3,3,3,4,4,-1,light,schwa,light,light,light,light,schwa,c,c,c,c,c,o,o,CKC,AKC,KC,CLC,CK,CL,CK,C,A,?,C,C,C,C,C,C,C,C,?,?,?,K,K,K,L,K,L,K,3,3,2,4,2,2,2,1,1,1,1,1,0,0,1,1,0,1,1,1,1,1,1,1,2,1,2,1,CVC,CVC,VC,CVVC,CVC,CVV,CV,2,2,1,1,2,0,1,N,NN,T,2,Panzerabwehrkanone,prima
tel,ø,l,el,tel,ttel,ittel,C,KC,CKC,KCKC,CKCKC,ø,Sch1d,ø,S,Sc,Sch,Scha,Schae,C,CL,CLC,CLCC,CLCCK,ø,8,16,7,10,13,11,11,2,4,3,3,3,5,3,0,light,heavy,schwa,light,heavy,light,schwa,c,c,o,c,c,c,c,CLC,CKCC,CK,CKC,AKCC,CK,CKC,C,C,C,C,A,C,C,C,CC,?,C,CC,?,C,L,K,K,K,K,K,K,5,5,2,4,5,3,3,1,2,0,1,2,1,1,1,1,1,1,1,1,1,2,1,1,1,1,1,1,CVVC,CVCC,CV,CVC,CVCC,CVC,CVC,1,3,1,2,3,2,2,N,NN,T,2,Schaedlingsbekaempfungsmittel,prima
stung,ø,g,ng,ung,tung,stung,C,KC,CKC,CCKC,DCCKC,ø,Re,ø,R,Re,Rep,Repa,Repar,C,CL,CLC,CLCK,CLCKC,ø,10,7,10,9,10,15,12,5,3,5,4,3,5,4,0,light,light,light,light,heavy,light,light,o,c,c,o,c,c,c,CL,CK,CK,AL,LCC,CDC,CKC,C,C,C,A,?,C,C,?,?,?,?,CC,C,C,L,K,K,L,L,D,K,2,2,2,2,3,3,5,0,1,1,0,2,1,1,1,1,1,1,0,1,1,2,1,1,2,2,2,1,CVV,CVC,CVC,CVV,VVCC,CVVC,CVC,0,2,2,0,1,1,2,N,NN,T,2,Reparationsleistung,antepaenultima
on,ø,n,on,ion,tion,ation,C,LC,LLC,ALLC,KALLC,ø,Spe,ø,S,Sp,Spe,Spez,Spezi,C,CC,CCL,CCLA,CCLAL,ø,8,9,6,12,7,9,9,2,4,6,6,3,4,4,0,light,light,light,light,light,light,light,o,o,c,o,c,o,c,CCL,AL,K,CL,CK,AL,LC,CC,A,?,C,C,A,?,?,?,?,?,?,?,C,L,L,K,L,K,L,L,3,2,1,2,2,2,2,0,0,1,0,1,0,1,2,1,0,1,1,1,0,2,2,1,2,1,2,2,CCVV,CVV,VC,CVV,CVC,CVV,VVC,1,0,1,0,2,0,0,N,R,T,1,Spezialisation,ultima
tung,ø,g,ng,ung,tung,ltung,C,KC,CKC,CCKC,KCCKC,ø,Per,ø,P,Pe,Per,Pers,Perso,C,CK,CKC,CKCC,CKCCL,ø,11,10,13,12,10,11,12,3,3,4,4,3,3,4,0,light,light,light,light,heavy,light,light,c,c,c,c,c,c,c,CKC,CLC,CKC,CDA,KCC,CKC,CKC,C,C,C,C,?,C,C,C,C,C,A,CC,C,C,K,L,K,D,K,K,K,3,3,4,5,3,3,4,1,1,1,1,2,1,1,1,1,1,1,0,1,1,1,2,1,2,1,1,1,CVC,CVVC,CVC,CVVC,VCC,CVC,CVC,2,1,2,1,2,2,2,N,NV,T,2,Persoenlichkeitsentfaltung,sekunda
de,ø,e,de,ode,iode,riode,K,CK,LCK,LLCK,CLLCK,ø,8,ø,U,Ue,Ueb,Uebe,Ueber,L,LC,LCK,LCKC,LCKCC,ø,8,11,11,7,12,6,7,8,3,2,3,6,6,3,-1,light,schwa,heavy,light,light,light,schwa,o,c,c,o,o,o,o,L,CKC,CKCC,CL,CL,L,CK,?,C,C,C,C,?,C,?,C,CC,?,?,?,?,L,K,K,L,L,L,K,1,3,5,2,2,1,2,0,1,2,0,0,0,0,0,1,1,1,1,0,1,2,1,1,2,2,2,1,VV,CVC,CVCC,CVV,CVV,VV,CV,0,2,3,0,0,0,1,N,NN,T,2,Uebergangsperiode,prima
on,ø,n,on,ion,tion,ation,C,LC,LLC,ALLC,KALLC,ø,Ak,ø,A,Ak,Akk,Akkl,Akkli,K,KC,KCC,KCCL,KCCLC,ø,6,13,9,9,7,9,9,6,4,4,4,3,4,4,-1,light,light,light,light,light,light,light,c,o,c,o,c,o,c,K,CCL,CK,CL,CK,AL,LC,?,CC,C,C,C,A,?,?,?,?,?,?,?,C,K,L,K,L,K,L,L,2,3,2,2,2,2,2,1,0,1,0,1,0,1,0,2,1,1,1,1,0,1,2,1,2,1,2,2,VC,CCVV,CVC,CVV,CVC,CVV,VVC,1,1,2,0,2,0,0,N,R,T,1,Akklimatisation,ultima
rei,ø,i,ei,rei,erei,lerei,D,CD,KCD,CKCD,LCKCD,ø,Hi,ø,H,Hi,His,Hist,Histo,C,CK,CKC,CKCC,CKCCL,ø,10,7,12,9,13,10,14,3,3,6,4,6,5,7,0,light,light,light,schwa,light,schwa,light,c,o,o,c,o,o,o,CKC,CL,CL,KC,CL,CK,CD,C,C,C,?,C,C,C,C,?,?,C,?,?,?,K,L,L,K,L,K,D,2,3,2,2,2,2,3,1,0,0,1,0,0,0,1,1,1,0,1,1,1,1,2,2,1,2,1,2,CVC,CVV,CVV,VC,CVV,CV,CVV,2,0,0,1,0,1,0,N,NN,T,2,Historienmalerei,ultima
on,ø,n,on,ion,tion,ation,C,LC,LLC,ALLC,KALLC,ø,So,ø,S,So,Soz,Sozi,Sozia,C,CL,CLA,CLAL,CLALK,ø,7,9,6,12,7,9,9,3,4,6,6,3,4,4,0,light,light,light,light,light,light,light,o,o,c,o,c,o,c,CL,AL,K,CL,CK,AL,LC,C,A,?,C,C,A,?,?,?,?,?,?,?,C,L,L,K,L,K,L,L,2,2,1,2,2,2,2,0,0,1,0,1,0,1,1,1,0,1,1,1,0,2,2,1,2,1,2,2,CVV,CVV,VC,CVV,CVC,CVV,VVC,0,0,1,0,2,0,0,N,R,T,1,Sozialisation,ultima
ter,ø,r,er,ter,iter,eiter,C,KC,CKC,DCKC,CDCKC,ø,Ex,ø,E,Ex,Exp,Expe,Exped,K,KC,KCC,KCCC,KCCCL,ø,8,7,9,9,10,14,11,2,3,4,4,3,7,3,0,heavy,light,light,light,heavy,light,schwa,c,o,o,o,c,o,c,KCC,CL,CL,AL,LCC,CD,CKC,?,C,C,A,?,C,C,CC,?,?,?,CC,?,C,K,L,L,L,L,D,K,2,2,2,2,3,3,3,2,0,0,0,2,0,1,0,1,1,1,0,1,1,1,2,2,2,2,2,1,VCC,CVV,CVV,CVV,VVCC,CVV,CVC,2,0,0,0,1,0,2,N,NV,T,2,Expeditionsleiter,antepaenultima
risch,ø,h,ch,sch,isch,risch,C,KC,CKC,LCKC,CLCKC,ø,au,ø,a,au,aus,auss,ausse,D,DC,DCK,DCKC,DCKCC,ø,10,11,11,10,12,11,13,10,3,3,5,4,5,4,0,light,schwa,light,light,light,light,light,o,c,c,c,c,o,c,D,CKC,CKC,CK,CKC,CL,CKC,?,C,C,C,C,C,C,?,C,C,?,C,?,C,D,K,K,K,K,L,K,2,3,3,2,3,2,5,0,1,1,1,1,0,1,0,1,1,1,1,1,1,2,1,1,1,1,2,1,VV,CVC,CVC,CVC,CVC,CVV,CVC,0,2,2,2,2,0,2,A,ø,F,2,ausserparlamentarisch,prima
um,um,m,um,ium,rium,erium,C,KC,LKC,CLKC,LCLKC,ø,In,ø,I,In,Inn,Inne,Innen,K,KC,KCK,KCKC,KCKCC,ø,8,12,11,12,7,12,11,8,4,5,4,3,6,5,0,light,schwa,light,light,light,light,light,c,c,o,c,o,o,c,K,CKC,CL,CKC,CL,CL,KC,?,C,C,C,C,C,?,?,C,?,C,?,?,C,K,K,L,K,L,L,K,2,3,2,2,3,2,2,1,1,0,1,0,0,1,0,1,1,1,1,1,0,1,1,2,1,2,2,1,VC,CVC,CVV,CVC,CVV,CVV,VC,1,2,0,2,0,0,1,N,ø,T,2,Innenministerium,prima
keit,keit,t,it,eit,keit,gkeit,C,DC,CDC,CCDC,KCCDC,ø,Zu,ø,Z,Zu,Zus,Zusa,Zusam,A,AL,ALC,ALCK,ALCKC,ø,9,7,12,10,10,10,12,4,3,4,3,5,3,4,0,light,light,schwa,light,light,light,light,o,c,c,c,o,c,c,AL,CK,CKC,CKC,CL,CKC,CDC,A,C,C,C,C,C,C,?,?,C,C,?,C,C,L,K,K,K,L,K,D,2,3,3,4,2,3,4,0,1,1,1,0,1,1,1,1,1,1,1,1,1,2,1,1,1,2,1,2,CVV,CVC,CVC,CVC,CVV,CVC,CVVC,0,2,2,2,0,2,1,N,A,T,1,Zusammenhanglosigkeit,sekunda
rer,ø,r,er,rer,erer,oerer,C,KC,CKC,LCKC,CLCKC,ø,Tor,ø,T,To,Tor,Torp,Torpe,C,CK,CKC,CKCC,CKCCL,ø,11,7,7,8,11,8,14,3,3,3,2,3,2,4,0,light,light,light,light,light,light,schwa,c,o,o,c,c,o,c,CKC,CL,CL,CLC,AKC,CCL,CKC,C,C,C,C,A,CC,C,C,?,?,C,C,?,C,K,L,L,L,K,L,K,3,2,2,4,3,3,3,1,0,0,1,1,0,1,1,1,1,1,1,2,1,1,2,2,2,1,2,1,CVC,CVV,CVV,CVVC,CVC,CCVV,CVC,2,0,0,1,2,1,2,N,NV,T,2,Torpedobootzerstoerer,sekunda
sch1ft,ø,t,ft,eft,aeft,haeft,C,CC,KCC,CKCC,KCKCC,ø,Spe,ø,S,Sp,Spe,Spek,Speku,C,CC,CCL,CCLC,CCLCL,ø,8,9,10,9,10,7,9,2,4,5,4,3,3,2,-1,light,light,light,light,heavy,schwa,heavy,o,o,c,o,c,o,c,CCL,CL,CK,AL,LCC,CK,CKCC,CC,C,C,A,?,C,C,?,?,?,?,CC,?,CC,L,L,K,L,L,K,K,3,2,2,2,3,2,6,0,0,1,0,2,0,2,2,1,1,1,0,1,1,2,2,1,2,2,1,1,CCVV,CVV,CVC,CVV,VVCC,CV,CVCC,1,0,2,0,1,1,3,N,NN,T,2,Spekulationsgeschaeft,antepaenultima
misch,ø,h,ch,sch,isch,misch,C,KC,CKC,LCKC,CLCKC,ø,so,ø,s,so,soz,sozi,sozio,C,CL,CLA,CLAL,CLALL,ø,7,9,6,6,7,9,12,3,4,6,6,3,4,4,0,light,light,light,light,light,light,light,o,o,o,o,o,o,c,CL,AL,L,L,CL,CL,CKC,C,A,?,?,C,C,C,?,?,?,?,?,?,C,L,L,L,L,L,L,K,2,2,1,1,2,2,5,0,0,0,0,0,0,1,1,1,0,0,1,1,1,2,2,2,2,2,2,1,CVV,CVV,VV,VV,CVV,CVV,CVC,0,0,0,0,0,0,2,A,ø,F,2,soziooekonomisch,paenultima
ent,ent,t,nt,ent,ient,zient,C,CC,KCC,LKCC,ALKCC,ø,Span,ø,S,Sp,Spa,Span,Spann,C,CC,CCK,CCKC,CCKCK,ø,8,15,7,6,9,9,10,2,3,3,6,4,4,3,-1,light,heavy,light,light,light,light,heavy,c,c,o,c,o,o,c,CCK,CKCC,CL,K,CL,AL,KCC,CC,C,C,?,C,A,?,?,CC,?,?,?,?,CC,K,K,L,K,L,L,K,4,5,2,2,2,2,3,1,2,0,1,0,0,2,2,1,1,0,1,1,0,1,1,2,1,2,2,1,CCVC,CVCC,CVV,VC,CVV,CVV,VCC,3,3,0,1,0,0,2,N,NN,T,2,Spannungskoeffizient,prima
beit,ø,t,it,eit,beit,rbeit,C,DC,CDC,CCDC,KCCDC,ø,Re,ø,R,Re,Res,Rest,Resta,C,CL,CLC,CLCC,CLCCD,ø,11,11,10,9,10,10,12,3,5,5,4,3,5,4,0,light,light,light,light,heavy,light,light,c,o,c,o,c,c,c,CLC,CD,CK,AL,LCC,KC,CDC,C,C,C,A,?,?,C,C,?,?,?,CC,C,C,L,D,K,L,L,K,D,2,4,2,2,3,2,4,1,0,1,0,2,1,1,1,1,1,1,0,0,1,2,2,1,2,2,1,2,CVVC,CVV,CVC,CVV,VVCC,VC,CVVC,1,0,2,0,1,1,1,N,NN,T,2,Restaurationsarbeit,antepaenultima
keit,keit,t,it,eit,keit,gkeit,C,DC,CDC,CCDC,KCCDC,ø,Zu,ø,Z,Zu,Zus,Zusa,Zusam,A,AL,ALC,ALCK,ALCKC,ø,9,7,12,7,7,13,12,4,3,4,3,3,4,4,0,light,light,schwa,schwa,light,light,light,o,c,c,o,o,c,c,AL,CK,CKC,CK,CL,CKC,CDC,A,C,C,C,C,C,C,?,?,C,?,?,C,C,L,K,K,K,L,K,D,2,3,3,2,2,3,4,0,1,1,0,0,1,1,1,1,1,1,1,1,1,2,1,1,1,2,1,2,CVV,CVC,CVC,CV,CVV,CVC,CVVC,0,2,2,1,0,2,1,N,A,T,1,Zusammengehoerigkeit,sekunda
ren,ø,n,en,ren,eren,ieren,C,KC,CKC,LCKC,CLCKC,ø,kom,ø,k,ko,kom,komm,komme,C,CK,CKC,CKCK,CKCKC,ø,7,13,9,6,12,9,13,3,4,4,6,6,4,4,0,light,light,light,light,light,light,schwa,c,c,o,c,o,o,c,CK,CKC,AL,K,CL,CL,CKC,C,C,A,?,C,C,C,?,C,?,?,?,?,C,K,K,L,K,L,L,K,3,3,2,1,2,3,3,1,1,0,1,0,0,1,1,1,1,0,1,1,1,1,1,2,1,2,2,1,CVC,CVC,CVV,VC,CVV,CVV,CVC,2,2,0,1,0,0,2,V,N,F,1,kommerzialisieren,paenultima
de,ø,e,de,nde,ende,rende,K,CK,CCK,KCCK,CKCCK,ø,O,ø,O,Ob,Obe,Ober,Oberk,L,LC,LCK,LCKC,LCKCC,ø,6,11,7,12,9,13,7,6,3,3,4,4,4,3,0,light,schwa,light,light,light,schwa,schwa,o,c,c,c,o,c,o,L,CKC,CK,CKC,CL,CKC,CK,?,C,C,C,C,C,C,?,C,?,C,?,C,?,L,K,K,K,L,K,K,1,3,3,3,3,3,2,0,1,1,1,0,1,0,0,1,1,1,1,1,1,2,1,1,1,2,1,1,VV,CVC,CVC,CVC,CVV,CVC,CV,0,2,2,2,0,2,1,N,ø,T,2,Oberkommandierende,prima
kung,ø,g,ng,ung,kung,lkung,C,KC,CKC,CCKC,KCCKC,ø,Ar,ø,A,Ar,Art,Arte,Arter,K,KC,KCC,KCCL,KCCLC,ø,10,7,12,9,11,11,12,5,3,6,4,3,3,4,0,light,light,light,schwa,light,light,light,c,o,o,c,c,c,c,KC,CL,CL,KC,CKC,CKC,CKC,?,C,C,?,C,C,C,C,?,?,C,C,C,C,K,L,L,K,K,K,K,2,2,2,2,3,3,4,1,0,0,1,1,1,1,0,1,1,0,1,1,1,1,2,2,1,1,1,1,VC,CVV,CVV,VC,CVC,CVC,CVC,1,0,0,1,2,2,2,N,NV,T,2,Arterienverkalkung,sekunda
ger,ø,r,er,ger,iger,diger,C,KC,CKC,KCKC,CKCKC,ø,Va,ø,V,Va,Vat,Vate,Vater,C,CL,CLC,CLCK,CLCKC,ø,11,11,14,11,11,9,11,5,3,3,3,5,4,3,-1,light,schwa,heavy,light,light,light,schwa,o,c,c,c,o,c,c,CL,CKC,CKCA,CKC,CD,CK,CKC,C,C,C,C,C,C,C,?,C,CA,C,?,?,C,L,K,K,K,D,K,K,2,3,5,3,3,2,3,0,1,2,1,0,1,1,1,1,1,1,1,1,1,2,1,1,1,2,1,1,CVV,CVC,CVCC,CVC,CVV,CVC,CVC,0,2,3,2,0,2,2,N,NV,T,2,Vaterlandsverteidiger,prima
1at,ø,t,et,aet,taet,itaet,C,LC,CLC,LCLC,ALCLC,ø,Ther,ø,T,Th,The,Ther,Therm,C,CK,CKC,CKCC,CKCCL,ø,11,9,6,11,13,9,8,3,4,6,3,4,4,2,-1,light,light,light,light,light,light,light,c,o,o,c,o,o,c,CKC,CL,L,CKC,CCL,AL,CLC,C,C,?,C,CC,A,C,C,?,?,C,?,?,C,K,L,L,K,L,L,L,4,2,1,3,3,2,3,1,0,0,1,0,0,1,1,1,0,1,2,1,1,1,2,2,1,2,2,2,CVC,CVV,VV,CVC,CCVV,CVV,CVVC,2,0,0,2,1,0,1,N,N,T,1,Thermoelektrizitaet,ultima
mer,ø,r,er,mer,hmer,ehmer,C,KC,CKC,LCKC,CLCKC,ø,O,ø,O,Ol,Oly,Olym,Olymp,L,LC,LCL,LCLC,LCLCC,ø,6,15,9,6,15,9,13,6,5,4,6,5,4,4,0,light,light,light,light,light,light,schwa,o,c,o,c,c,o,c,L,CLC,CL,K,CDC,CL,CKC,?,C,C,?,C,C,C,?,C,?,?,C,?,C,L,L,L,K,D,L,K,1,3,2,1,4,3,3,0,1,0,1,1,0,1,0,1,1,0,1,1,1,2,2,2,1,2,2,1,VV,CVVC,CVV,VC,CVVC,CVV,CVC,0,1,0,1,1,0,2,N,ø,T,0,Olympiateilnehmer,sekunda
on,ø,n,on,ion,tion,ation,C,LC,LLC,ALLC,KALLC,ø,Re,ø,R,Re,Reh,Reha,Rehab,C,CL,CLC,CLCK,CLCKC,ø,10,7,9,12,7,9,9,5,3,4,6,3,4,4,-1,light,light,light,light,light,light,light,o,c,o,o,c,o,c,CL,CK,CL,CL,CK,AL,LC,C,C,C,C,C,A,?,?,?,?,?,?,?,C,L,K,L,L,K,L,L,2,2,2,2,2,2,2,0,1,0,0,1,0,1,1,1,1,1,1,1,0,2,1,2,2,1,2,2,CVV,CVC,CVV,CVV,CVC,CVV,VVC,0,2,0,0,2,0,0,N,R,T,1,Rehabilitation,ultima
t1t,ø,t,et,aet,taet,itaet,C,LC,CLC,LCLC,CLCLC,ø,In,ø,I,In,Ind,Indi,Indiv,K,KC,KCC,KCCL,KCCLC,ø,11,9,9,9,6,12,8,5,4,4,4,6,6,2,-1,light,light,light,light,light,light,light,c,o,o,o,c,o,c,KC,CL,CL,CL,K,CL,CLC,?,C,C,C,?,C,C,C,?,?,?,?,?,C,K,L,L,L,K,L,L,2,2,2,2,1,2,3,1,0,0,0,1,0,1,0,1,1,1,0,1,1,1,2,2,2,1,2,2,VC,CVV,CVV,CVV,VC,CVV,CVVC,1,0,0,0,1,0,1,N,R,T,1,Individualitaet,ultima
dung,ø,g,ng,ung,dung,ndung,C,KC,CKC,CCKC,KCCKC,ø,Seh,ø,S,Se,Seh,Sehn,Sehne,C,CL,CLC,CLCK,CLCKC,ø,7,12,11,10,10,12,12,3,4,5,3,3,4,4,0,light,schwa,light,schwa,heavy,light,light,o,c,o,c,c,c,c,CL,CKC,CD,CKC,KCC,AKC,CKC,C,C,C,C,?,A,C,?,C,?,C,CC,C,C,L,K,D,K,K,K,K,3,3,5,3,3,3,4,0,1,0,1,2,1,1,1,1,1,1,0,1,1,2,1,2,1,1,1,1,CVV,CVC,CVV,CVC,VCC,CVC,CVC,0,2,0,2,2,2,2,N,NV,T,2,Sehnenscheidenentzuendung,prima
ren,ø,n,en,ren,eren,ieren,C,KC,CKC,LCKC,CLCKC,ø,ver,ver,v,ve,ver,verp,verpr,C,CK,CKC,CKCC,CKCCC,noacc,11,11,10,7,12,9,13,3,3,5,3,6,4,4,0,light,light,light,light,light,light,schwa,c,o,o,c,o,o,c,CKC,CCL,CL,CK,CL,CL,CKC,C,CC,C,C,C,C,C,C,?,?,?,?,?,C,K,L,L,K,L,L,K,3,3,2,2,2,3,3,1,0,0,1,0,0,1,1,2,1,1,1,1,1,1,2,2,1,2,2,1,CVC,CCVV,CVV,CVC,CVV,CVV,CVC,2,1,0,2,0,0,2,V,V,F,1,verproletarisieren,paenultima
ren,ø,n,en,ren,eren,ieren,C,KC,CKC,LCKC,CLCKC,ø,re,ø,r,re,res,reso,resoz,C,CL,CLC,CLCL,CLCLA,ø,10,7,9,10,12,9,13,5,3,4,10,6,4,4,0,light,light,light,light,light,light,schwa,o,o,o,o,o,o,c,CL,CL,AL,L,CL,CL,CKC,C,C,A,?,C,C,C,?,?,?,?,?,?,C,L,L,L,L,L,L,K,2,2,2,1,2,3,3,0,0,0,0,0,0,1,1,1,1,0,1,1,1,2,2,2,2,2,2,1,CVV,CVV,CVV,VV,CVV,CVV,CVC,0,0,0,0,0,0,2,V,V,F,1,resozialisieren,paenultima
ge,ø,e,ge,age,lage,nlage,K,CK,LCK,CLCK,CCLCK,ø,Be,ø,B,Be,Ber,Beri,Berie,C,CK,CKC,CKCL,CKCLC,noacc,7,12,7,16,9,14,7,3,6,3,4,4,7,3,0,schwa,light,schwa,heavy,light,light,schwa,o,o,o,c,c,o,o,CK,CL,CK,CKCC,KC,CL,CK,C,C,C,C,?,C,C,?,?,?,CC,C,?,?,K,L,K,K,K,L,K,2,3,2,5,2,2,2,0,0,0,2,1,0,0,1,1,1,1,0,1,1,1,2,1,1,1,2,1,CV,CVV,CV,CVCC,VC,CVV,CV,1,0,1,3,1,0,1,N,NN,T,2,Berieselungsanlage,sekunda
on,ø,n,on,ion,tion,ation,C,LC,LLC,ALLC,KALLC,ø,Sch3n,ø,S,Sc,Sch,Scho,Schoe,C,CL,CLC,CLCC,CLCCD,ø,10,12,6,7,10,9,9,3,4,6,3,5,4,4,-1,light,light,light,schwa,light,light,light,c,c,o,o,c,o,c,CLC,CDA,L,CK,CK,AL,LC,C,C,?,C,C,A,?,C,A,?,?,?,?,C,L,D,L,K,K,L,L,5,5,1,2,2,2,2,1,1,0,0,1,0,1,1,1,0,1,1,1,0,2,2,2,1,1,2,2,CVVC,CVVC,VV,CV,CVC,CVV,VVC,1,1,0,1,2,0,0,N,NN,T,2,Schoenheitsoperation,prima
mus,ø,s,us,mus,smus,ismus,C,KC,CKC,CCKC,KCCKC,ø,Tra,ø,T,Tr,Tra,Trad,Tradi,C,CC,CCK,CCKC,CCKCL,ø,11,9,9,6,9,13,12,3,4,4,6,4,4,4,0,light,light,light,light,light,light,light,c,o,o,o,c,c,c,CCK,CL,AL,L,CK,CKC,CKC,CC,C,A,?,C,C,C,?,?,?,?,?,C,C,K,L,L,L,K,K,K,3,2,2,1,2,3,3,1,0,0,0,1,1,1,2,1,1,0,1,1,1,1,2,2,2,1,1,1,CCVC,CVV,CVV,VV,CVC,CVC,CVC,3,0,0,0,2,2,2,N,N,T,1,Traditionalismus,paenultima
risch,ø,h,ch,sch,isch,risch,C,KC,CKC,LCKC,CLCKC,ø,in,ø,i,in,int,inte,inter,K,KC,KCC,KCCK,KCCKC,ø,11,11,11,10,12,11,13,5,3,3,5,4,5,4,0,light,schwa,light,light,light,light,light,c,c,c,c,c,o,c,KC,CKC,CKC,CK,CKC,CL,CKC,?,C,C,C,C,C,C,C,C,C,?,C,?,C,K,K,K,K,K,L,K,2,3,3,2,3,2,5,1,1,1,1,1,0,1,0,1,1,1,1,1,1,1,1,1,1,1,2,1,VC,CVC,CVC,CVC,CVC,CVV,CVC,1,2,2,2,2,0,2,A,A,F,1,interparlamentarisch,prima
on,ø,n,on,ion,sion,ssion,C,LC,LLC,CLLC,KCLLC,ø,Fron,ø,F,Fr,Fro,Fron,Fronl,C,CC,CCL,CCLC,CCLCC,ø,14,15,17,11,7,9,9,3,5,4,3,3,4,4,-2,light,light,heavy,light,light,light,light,c,c,c,o,c,o,c,CCLC,CDC,CLCC,CCL,AK,CL,LC,CC,C,C,CC,A,C,?,C,C,CC,?,?,?,C,L,D,L,L,K,L,L,4,5,4,3,3,2,2,1,1,2,0,1,0,1,2,1,1,2,1,1,0,2,2,2,2,1,2,2,CCVVC,CVVC,CVVCC,CCVV,CVC,CVV,VVC,1,1,1,1,2,0,0,N,NN,T,2,Fronleichnamsprozession,sekunda
on,ø,n,on,ion,tion,ution,C,LC,LLC,ALLC,LALLC,ø,Pa,ø,P,Pa,Pal,Pala,Palas,C,CK,CKC,CKCK,CKCKC,ø,7,12,10,7,12,9,9,3,3,5,3,6,4,4,0,light,heavy,light,light,light,light,light,c,c,o,o,o,o,c,CK,CKCC,CL,CL,CL,AL,LC,C,C,C,C,C,A,?,?,CC,?,?,?,?,C,K,K,L,L,L,L,L,2,4,2,2,2,2,2,1,2,0,0,0,0,1,1,1,1,1,1,1,0,1,1,2,2,2,2,2,CVC,CVCC,CVV,CVV,CVV,CVV,VVC,2,3,0,0,0,0,0,N,NN,T,2,Palastrevolution,sekunda
ment,ø,t,nt,ent,ment,ement,N,CN,KCN,CKCN,KCKCN,ø,The,ø,T,Th,The,Thea,Theat,C,CL,CLL,CLLC,CLLCK,ø,7,10,11,6,7,9,11,3,10,3,6,3,4,5,0,light,light,schwa,light,light,schwa,light,o,o,c,c,c,o,o,CL,L,CKC,K,CK,CK,CN,C,?,C,?,C,C,C,?,?,C,?,?,?,?,L,L,K,K,K,K,N,3,1,3,1,3,2,4,0,0,1,1,1,0,0,1,0,1,0,1,1,1,2,2,1,1,1,1,2,CVV,VV,CVC,VC,CVC,CV,CVV,0,0,2,1,2,1,0,N,NN,T,2,Theaterabonnement,sekunda
se,ø,e,se,ise,eise,weise,K,CK,DCK,CDCK,CCDCK,ø,2,ø,u,ue,ueb,uebe,ueber,L,LC,LCK,LCKC,LCKCC,ø,8,11,10,10,11,11,7,8,3,5,3,3,5,3,-1,light,schwa,light,schwa,light,light,schwa,o,c,c,c,c,o,o,L,CKC,CK,CKC,CKC,CD,CK,?,C,C,C,C,C,C,?,C,?,C,C,?,?,L,K,K,K,K,D,K,1,3,2,5,3,3,2,0,1,1,1,1,0,0,0,1,1,1,1,1,1,2,1,1,1,1,2,1,VV,CVC,CVC,CVC,CVC,CVV,CV,0,2,2,2,2,0,1,ADV,ø,F,2,ueberraschenderweise,paenultima
mus,ø,s,us,mus,smus,ismus,C,KC,CKC,CCKC,LCCKC,noacc,In,ø,I,In,Ind,Indi,Indiv,K,KC,KCC,KCCL,KCCLC,ø,11,9,9,9,6,13,12,5,4,4,4,6,4,4,0,light,light,light,light,light,light,light,c,o,o,o,c,c,c,KC,CL,CL,CL,K,CLC,CKC,?,C,C,C,?,C,C,C,?,?,?,?,C,C,K,L,L,L,K,L,K,2,2,2,2,1,3,3,1,0,0,0,1,1,1,0,1,1,1,0,1,1,1,2,2,2,1,2,1,VC,CVV,CVV,CVV,VC,CVVC,CVC,1,0,0,0,1,1,2,N,R,T,1,Individualismus,paenultima
keit,keit,t,it,eit,keit,gkeit,C,DC,CDC,CCDC,KCCDC,ø,Stam,ø,S,St,Sta,Stam,Stamm,C,CC,CCK,CCKC,CCKCK,ø,8,10,9,7,7,13,12,2,3,4,3,3,4,4,0,light,schwa,light,schwa,light,light,light,c,c,o,o,o,c,c,CCK,CKC,AL,CK,CL,CKC,CDC,CC,C,A,C,C,C,C,?,C,?,?,?,C,C,K,K,L,K,L,K,D,4,3,2,2,2,3,4,1,1,0,0,0,1,1,2,1,1,1,1,1,1,1,1,2,1,2,1,2,CCVC,CVC,CVV,CV,CVV,CVC,CVVC,3,2,0,1,0,2,1,N,NN,T,2,Stammeszugehoerigkeit,prima
nisch,ø,h,ch,sch,isch,nisch,C,KC,CKC,LCKC,LLCKC,ø,an,an,a,an,ant,ante,anted,K,KC,KCC,KCCL,KCCLC,ø,9,7,9,12,9,10,12,4,3,4,6,4,10,4,0,light,light,light,light,light,light,light,c,o,o,o,o,o,c,KC,CL,CL,CL,CL,L,CKC,?,C,C,C,C,?,C,C,?,?,?,?,?,C,K,L,L,L,L,L,K,2,2,2,2,2,1,5,1,0,0,0,0,0,1,0,1,1,1,1,0,1,1,2,2,2,2,2,1,VC,CVV,CVV,CVV,CVV,VV,CVC,1,0,0,0,0,0,2,A,ø,F,0,antediluvianisch,paenultima
ster,ø,r,er,ter,ster,ester,C,KC,CKC,CCKC,KCCKC,ø,O,ø,O,Op,Ope,Oper,Opera,L,LC,LCK,LCKC,LCKCK,ø,6,7,10,9,10,8,12,6,3,5,4,3,2,3,0,light,schwa,light,light,heavy,light,schwa,o,o,c,o,c,c,c,L,CK,CK,AL,LCC,CCK,CCKC,?,C,C,A,?,CC,CC,?,?,?,?,CC,?,C,L,K,K,L,L,K,K,1,2,2,2,3,5,4,0,0,1,0,2,1,1,0,1,1,1,0,2,2,2,1,1,2,2,1,1,VV,CV,CVC,CVV,VVCC,CCVC,CCVC,0,1,2,0,1,3,3,N,NN,T,2,Operationsschwester,antepaenultima
lung,ø,g,ng,ung,lung,klung,C,KC,CKC,CCKC,KCCKC,ø,Per,ø,P,Pe,Per,Pers,Perso,C,CK,CKC,CKCC,CKCCL,ø,11,10,13,12,10,9,16,3,3,4,4,3,4,4,0,light,light,light,light,heavy,light,light,c,c,c,c,c,c,c,CKC,CLC,CKC,CDA,KCC,CK,CCKC,C,C,C,C,?,C,CC,C,C,C,A,CC,?,C,K,L,K,D,K,K,K,3,3,4,5,3,4,4,1,1,1,1,2,1,1,1,1,1,1,0,1,2,1,2,1,2,1,1,1,CVC,CVVC,CVC,CVVC,VCC,CVC,CCVC,2,1,2,1,2,2,3,N,NN,T,2,Persoenlichkeitsentwicklung,sekunda
form,ø,m,rm,orm,form,sform,C,CC,KCC,CKCC,CCKCC,ø,Or,ø,O,Or,Org,Orga,Organ,K,KC,KCC,KCCK,KCCKC,ø,10,7,11,7,9,10,14,5,3,5,3,4,3,3,0,light,light,light,light,light,heavy,heavy,c,c,o,c,o,c,c,KC,CK,CL,CK,AL,LCC,CKCC,?,C,C,C,A,?,C,C,?,?,?,?,CC,CC,K,K,L,K,L,L,K,2,2,2,2,2,3,4,1,1,0,1,0,2,2,0,1,1,1,1,0,1,1,1,2,1,2,2,1,VC,CVC,CVV,CVC,CVV,VVCC,CVCC,1,2,0,2,0,1,3,N,NN,T,2,Organisationsform,paenultima
schaft,schaft,t,ft,aft,haft,chaft,C,CC,KCC,CKCC,CCKCC,ø,Ver,ø,V,Ve,Ver,Vers,Verst,C,CK,CKC,CKCC,CKCCC,noacc,11,11,9,13,7,15,9,3,2,4,3,3,5,2,0,light,light,light,heavy,schwa,light,heavy,c,c,c,c,o,c,c,CKC,CCKC,CK,CKCC,CK,CDC,CKCC,C,CC,C,C,C,C,C,C,C,?,CC,?,C,CC,K,K,K,K,K,D,K,3,4,2,5,2,4,6,1,1,1,2,0,1,2,1,2,1,1,1,1,1,1,1,1,1,1,2,1,CVC,CCVC,CVC,CVCC,CV,CVVC,CVCC,2,3,2,3,1,1,3,N,NN,T,2,Verstaendigungsbereitschaft,sekunda
t1t,ø,t,et,aet,taet,itaet,C,LC,CLC,LCLC,CLCLC,ø,Kom,ø,K,Ko,Kom,Komm,Komme,C,CK,CKC,CKCK,CKCKC,ø,7,12,9,10,9,12,8,3,4,4,5,4,6,2,0,light,light,light,light,light,light,light,c,c,o,c,o,o,c,CK,CKC,CL,CK,CL,CL,CLC,C,C,C,C,C,C,C,?,C,?,?,?,?,C,K,K,L,K,L,L,L,3,3,2,2,2,2,3,1,1,0,1,0,0,1,1,1,1,1,1,1,1,1,1,2,1,2,2,2,CVC,CVC,CVV,CVC,CVV,CVV,CVVC,2,2,0,2,0,0,1,N,A,T,1,Kommensurabilitaet,ultima
gen,ø,n,en,gen,egen,oegen,C,KC,CKC,LCKC,CLCKC,ø,Er,ø,E,Er,Eri,Erin,Erinn,K,KC,KCK,KCKC,KCKCK,ø,10,8,9,16,11,9,10,5,8,4,4,3,4,3,0,light,light,schwa,heavy,light,light,schwa,c,c,o,c,c,o,c,KC,K,CK,CKCC,CKC,CL,CKC,?,?,C,C,C,C,C,C,?,?,CC,C,?,C,K,K,K,K,K,L,K,2,2,2,5,3,2,3,1,1,0,2,1,0,1,0,0,1,1,1,1,1,1,1,1,1,1,2,1,VC,VC,CV,CVCC,CVC,CVV,CVC,1,1,1,3,2,0,2,N,NN,T,2,Erinnerungsvermoegen,sekunda
bahn,ø,n,hn,ahn,bahn,fbahn,C,LC,CLC,CCLC,DCCLC,ø,U,ø,U,Un,Uni,Univ,Unive,K,KC,KCL,KCLC,KCLCK,ø,8,11,11,9,8,15,14,8,5,3,4,2,5,4,0,light,light,light,light,light,light,light,c,o,c,o,c,c,c,K,CL,CKC,CL,CLA,CDC,CLC,?,C,C,C,C,C,C,?,?,C,?,A,C,C,K,L,K,L,L,D,L,1,2,3,2,4,4,4,1,0,1,0,1,1,1,0,1,1,1,1,1,1,1,2,1,2,2,2,2,VC,CVV,CVC,CVV,CVVC,CVVC,CVVC,1,0,2,0,1,1,1,N,NN,T,2,Universitaetslaufbahn,antepaenultima
teur,ø,r,ur,eur,teur,ateur,C,LC,CLC,KCLC,CKCLC,ø,Schau,ø,S,Sc,Sch,Scha,Schau,C,CD,CDC,CDCK,CDCKC,ø,11,10,12,7,7,10,11,5,3,3,3,3,5,3,-1,light,light,schwa,light,light,light,light,o,c,c,o,o,c,c,CD,CKC,CCKC,CL,CL,CK,CLC,C,C,CC,C,C,C,C,?,C,C,?,?,?,C,D,K,K,L,L,K,L,5,3,4,2,2,2,4,0,1,1,0,0,1,1,1,1,2,1,1,1,1,2,1,1,2,2,1,2,CVV,CVC,CCVC,CVV,CVV,CVC,CVVC,0,2,3,0,0,2,1,N,NN,T,2,Schaufensterdekorateur,prima
ren,ø,n,en,ren,eren,ieren,C,KC,CKC,LCKC,CLCKC,ø,ma,ø,m,ma,mat,mate,mater,C,CK,CKC,CKCL,CKCLC,ø,9,7,12,10,12,9,13,4,3,6,10,6,4,4,0,light,light,light,light,light,light,schwa,c,o,o,o,o,o,c,CK,CL,CL,L,CL,CL,CKC,C,C,C,?,C,C,C,?,?,?,?,?,?,C,K,L,L,L,L,L,K,2,2,2,1,2,3,3,1,0,0,0,0,0,1,1,1,1,0,1,1,1,1,2,2,2,2,2,1,CVC,CVV,CVV,VV,CVV,CVV,CVC,2,0,0,0,0,0,2,V,N,F,1,materialisieren,paenultima
rei,ø,i,ei,rei,erei,terei,D,CD,KCD,CKCD,DCKCD,acc,Prin,ø,P,Pr,Pri,Prin,Prinz,C,CC,CCK,CCKC,CCKCA,ø,16,9,9,9,14,7,14,4,4,4,4,7,3,7,-1,light,light,light,schwa,light,schwa,light,c,o,o,c,o,o,o,CCKC,AL,CL,KC,CD,CK,CD,CC,A,C,?,C,C,C,C,?,?,C,?,?,?,K,L,L,K,D,K,D,4,2,2,2,3,2,3,1,0,0,1,0,0,0,2,1,1,0,1,1,1,1,2,2,1,2,1,2,CCVC,CVV,CVV,VC,CVV,CV,CVV,3,0,0,1,0,1,0,N,N,T,1,Prinzipienreiterei,sekunda
t1t,ø,t,et,aet,taet,itaet,C,LC,CLC,LCLC,CLCLC,ø,Ra,ø,R,Ra,Rad,Radi,Radio,C,CL,CLC,CLCL,CLCLL,ø,14,9,6,7,9,9,8,7,4,6,3,4,4,2,-1,light,light,light,light,light,light,light,o,o,o,c,o,o,c,CL,CL,L,KC,CL,CL,CLC,C,C,?,?,C,C,C,?,?,?,C,?,?,C,L,L,L,K,L,L,L,2,2,1,2,2,2,3,0,0,0,1,0,0,1,1,1,0,0,1,1,1,2,2,2,1,2,2,2,CVV,CVV,VV,VC,CVV,CVV,CVVC,0,0,0,1,0,0,1,N,A,T,1,Radioaktivitaet,ultima
punkt,ø,t,kt,nkt,unkt,punkt,C,CC,CCC,KCCC,CKCCC,ø,Kri,ø,K,Kr,Kri,Kris,Krist,C,CC,CCK,CCKC,CCKCC,ø,14,7,12,7,9,10,14,3,3,6,3,4,3,2,0,light,light,light,light,light,heavy,heavy,c,c,o,c,o,c,c,CCKC,CK,CL,CK,AL,LCC,CKCCC,CC,C,C,C,A,?,C,C,?,?,?,?,CC,CCC,K,K,L,K,L,L,K,3,4,2,2,2,3,5,1,1,0,1,0,2,3,2,1,1,1,1,0,1,1,1,2,1,2,2,1,CCVC,CVC,CVV,CVC,CVV,VVCC,CVCCC,3,2,0,2,0,1,4,N,NN,T,2,Kristallisationspunkt,paenultima
me,ø,e,me,hme,ahme,nahme,K,CK,LCK,CLCK,ACLCK,ø,Wie,ø,W,Wi,Wie,Wied,Wiede,C,CL,CLC,CLCK,CLCKC,ø,9,11,11,7,10,13,9,4,3,5,3,3,6,4,0,light,schwa,light,schwa,light,light,schwa,o,c,c,o,c,o,o,CL,CKC,KC,CK,CKA,CL,CK,C,C,?,C,C,C,C,?,C,C,?,A,?,?,L,K,K,K,K,L,K,3,3,2,2,4,3,2,0,1,1,0,1,0,0,1,1,0,1,1,1,1,2,1,1,1,1,2,1,CVV,CVC,VC,CV,CVC,CVV,CV,0,2,1,1,2,0,1,N,ø,T,2,Wiederinbesitznahme,antepaenultima
ren,ø,n,en,ren,eren,ieren,C,KC,CKC,LCKC,CLCKC,ø,psy,ø,p,ps,psy,psyc,psych,C,CC,CCL,CCLC,CCLCL,ø,10,7,6,9,12,9,13,3,3,6,4,6,4,4,0,light,light,light,light,light,light,schwa,o,o,c,c,o,o,c,CCL,CL,K,CK,CL,CL,CKC,CC,C,?,C,C,C,C,?,?,?,?,?,?,C,L,L,K,K,L,L,K,3,3,1,2,2,3,3,0,0,1,1,0,0,1,2,1,0,1,1,1,1,2,2,1,1,2,2,1,CCVV,CVV,VC,CVC,CVV,CVV,CVC,1,0,1,2,0,0,2,V,N,F,1,psychoanalysieren,paenultima
on,ø,n,on,ion,tion,ation,C,LC,LLC,ALLC,KALLC,ø,E,ø,E,Ev,Eva,Evan,Evang,L,LC,LCK,LCKC,LCKCC,ø,6,10,7,12,7,9,9,6,3,3,6,3,4,4,0,light,light,light,light,light,light,light,o,c,o,o,c,o,c,L,CKC,CL,CL,CK,AL,LC,?,C,C,C,C,A,?,?,C,?,?,?,?,C,L,K,L,L,K,L,L,1,3,2,2,2,2,2,0,1,0,0,1,0,1,0,1,1,1,1,1,0,2,1,2,2,1,2,2,VV,CVC,CVV,CVV,CVC,CVV,VVC,0,2,0,0,2,0,0,N,R,T,1,Evangelisation,ultima
nisch,ø,h,ch,sch,isch,nisch,C,KC,CKC,CCKC,KCCKC,ø,in,ø,i,in,inf,info,infor,K,KC,KCC,KCCK,KCCKC,ø,11,11,9,9,10,8,12,5,3,4,4,3,2,4,-1,light,light,light,light,heavy,light,light,c,c,c,o,c,c,c,KC,CKC,CK,AL,LCC,CKC,CKC,?,C,C,A,?,C,C,C,C,?,?,CC,C,C,K,K,K,L,L,K,K,2,3,2,2,3,4,5,1,1,1,0,2,1,1,0,1,1,1,0,1,1,1,1,1,2,2,1,1,VC,CVC,CVC,CVV,VVCC,CVC,CVC,1,2,2,0,1,2,2,A,NA,F,2,informationstechnisch,antepaenultima
